{
  "modId": "bloomful",
  "group": {
    "name": "Bloomful Saplings",
    "enabledByDefault": true,
    "defaultPayment": {
      "item": "minecraft:emerald"
    },
    "defaultCategory": "farmingforblockheads:saplings"
  },
  "customEntries": [
    {
      "output": {
        "item": "bloomful:pink_wisteria_sapling"
      }
	},
	{
	  "output": {
        "item": "bloomful:blue_wisteria_sapling"
      }
	},
	{
	  "output": {
        "item": "bloomful:purple_wisteria_sapling"
      }
	},
	{
	  "output": {
        "item": "bloomful:white_wisteria_sapling"
      }
    }
  ]
}
