{
  "modId": "blue_skies",
  "group": {
    "name": "Blue Skies Seeds",
    "enabledByDefault": true,
    "defaultPayment": {
      "item": "minecraft:emerald"
    },
    "defaultCategory": "farmingforblockheads:seeds"
  },
  "customEntries": [
    {
      "output": {
        "item": "blue_skies:cabbage_seeds"
      }
    },
	{
      "output": {
        "item": "blue_skies:green_bean_seeds"
      }
    },
	{
      "output": {
        "item": "blue_skies:tomato_seeds"
      }
    },
	{
      "output": {
        "item": "blue_skies:corn_seeds"
      }
    }
  ]
}
