{
  "modId": "blue_skies",
  "group": {
    "name": "Blue Skies Saplings",
    "enabledByDefault": true,
    "defaultPayment": {
      "item": "minecraft:emerald"
    },
    "defaultCategory": "farmingforblockheads:saplings"
  },
  "customEntries": [
    {
      "output": {
        "item": "blue_skies:bluebright_sapling"
      }
	},
	{
	  "output": {
        "item": "blue_skies:starlit_sapling"
      }
	},
	{
	  "output": {
        "item": "blue_skies:frostbright_sapling"
      }
	},
	{
	  "output": {
        "item": "blue_skies:lunar_sapling"
      }
	},
	{
	  "output": {
        "item": "blue_skies:dusk_sapling"
      }
	},
	{
	  "output": {
        "item": "blue_skies:maple_sapling"
      }
	},
	{
	  "output": {
        "item": "blue_skies:cherry_sapling"
      }
	},
	{
	  "output": {
        "item": "blue_skies:nectarine_sapling"
      }
    }
  ]
}
