{
  "modId": "botania",
  "group": {
    "name": "Botania Seeds",
    "enabledByDefault": true,
    "defaultPayment": {
      "item": "minecraft:emerald"
    },
    "defaultCategory": "farmingforblockheads:seeds"
  },
  "customEntries": [
    {
      "output": {
        "item": "botania:grass_seeds"
      }
    },
    {
      "output": {
        "item": "botania:podzol_seeds"
      }
    },
    {
      "output": {
        "item": "botania:dry_seeds"
      }
    },
    {
      "output": {
        "item": "botania:golden_seeds"
      }
    },
    {
      "output": {
        "item": "botania:vivid_seeds"
      }
    },
    {
      "output": {
        "item": "botania:scorched_seeds"
      }
    },
    {
      "output": {
        "item": "botania:infused_seeds"
      }
    },
    {
      "output": {
        "item": "botania:mutated_seeds"
      }
    },
    {
      "output": {
        "item": "botania:world_seed"
      }
    },
    {
      "output": {
        "item": "botania:overgrowth_seed"
      }
    }
  ]
}
