{
  "modId": "explorercraft",
  "group": {
    "name": "Explorercraft Saplings",
    "enabledByDefault": true,
    "defaultPayment": {
      "item": "minecraft:emerald"
    },
    "defaultCategory": "farmingforblockheads:saplings"
  },
  "customEntries": [
    {
      "output": {
        "item": "explorercraft:ash_sapling"
      }
	},
	{
	  "output": {
        "item": "explorercraft:bamboo_sapling"
      }
	},
	{
	  "output": {
        "item": "explorercraft:cherry_sapling"
      }
	},
	{
	  "output": {
        "item": "explorercraft:maple_sapling"
      }
	},
	{
	  "output": {
        "item": "explorercraft:willow_sapling"
      }
    }
  ]
}
