{
  "modId": "ferroustry",
  "group": {
    "name": "Ferroustry Saplings",
    "enabledByDefault": true,
    "defaultPayment": {
      "item": "minecraft:emerald"
    },
    "defaultCategory": "farmingforblockheads:saplings"
  },
  "customEntries": [
    {
      "output": {
        "item": "ferroustry:quartz_sapling"
      }
    },
    {
      "output": {
        "item": "ferroustry:gold_sapling"
      }
    },
    {
      "output": {
        "item": "ferroustry:tin_sapling"
      }
    },
    {
      "output": {
        "item": "ferroustry:aluminum_sapling"
      }
    },
    {
      "output": {
        "item": "ferroustry:redstone_sapling"
      }
    },
    {
      "output": {
        "item": "ferroustry:coal_sapling"
      }
    },
    {
      "output": {
        "item": "ferroustry:bismuth_sapling"
      }
    },
    {
      "output": {
        "item": "ferroustry:emerald_sapling"
      }
    },
    {
      "output": {
        "item": "ferroustry:iron_sapling"
      }
    },
    {
      "output": {
        "item": "ferroustry:silver_sapling"
      }
    },
    {
      "output": {
        "item": "ferroustry:lead_sapling"
      }
    },
    {
      "output": {
        "item": "ferroustry:diamond_sapling"
      }
    },
    {
      "output": {
        "item": "ferroustry:copper_sapling"
      }
    },
    {
      "output": {
        "item": "ferroustry:lapis_sapling"
      }
    }
  ]
}
