{
  "modId": "gaiadimension",
  "group": {
    "name": "Gaia Dimension Saplings",
    "enabledByDefault": true,
    "defaultPayment": {
      "item": "minecraft:emerald"
    },
    "defaultCategory": "farmingforblockheads:saplings"
  },
  "customEntries": [
    {
      "output": {
        "item": "gaiadimension:pink_agate_sapling"
      }
	},
	{
      "output": {
        "item": "gaiadimension:blue_agate_sapling"
      }
	},
	{
      "output": {
        "item": "gaiadimension:green_agate_sapling"
      }
	},
	{
      "output": {
        "item": "gaiadimension:purple_agate_sapling"
      }
	},
	{
      "output": {
        "item": "gaiadimension:fossilized_sapling"
      }
	},
	{
      "output": {
        "item": "gaiadimension:corrupted_sapling"
      }
	},
	{
      "output": {
        "item": "gaiadimension:burnt_sapling"
      }
	},
	{
      "output": {
        "item": "gaiadimension:burning_sapling"
      }
	},
	{
      "output": {
        "item": "gaiadimension:aura_sapling"
      }
    }
  ]
}
