{
  "modId": "gobber2",
  "group": {
    "name": "Gobber 2 Seeds",
    "enabledByDefault": true,
    "defaultPayment": {
      "item": "minecraft:emerald"
    },
    "defaultCategory": "farmingforblockheads:seeds"
  },
  "customEntries": [
    {
      "output": {
        "item": "gobber2:gobber2_seed"
      }
    },
    {
      "output": {
        "item": "gobber2:gobber2_seed_nether"
      }
    },
    {
      "output": {
        "item": "gobber2:gobber2_seed_end"
      }
    }
  ]
}
