{
  "modId": "grassworld",
  "group": {
    "name": "Grass World Seeds",
    "enabledByDefault": true,
    "defaultPayment": {
      "item": "minecraft:emerald"
    },
    "defaultCategory": "farmingforblockheads:other"
  },
  "customEntries": [
    {
      "output": {
        "item": "grassworld:blueseed"
      }
    },
    {
      "output": {
        "item": "grassworld:blackseed"
      }
    },
    {
      "output": {
        "item": "grassworld:brownseed"
      }
    },
    {
      "output": {
        "item": "grassworld:cyanseed"
      }
    },
    {
      "output": {
        "item": "grassworld:greenseed"
      }
    },
    {
      "output": {
        "item": "grassworld:grayseed"
      }
    },
    {
      "output": {
        "item": "grassworld:light_grayseed"
      }
    },
    {
      "output": {
        "item": "grassworld:light_blueseed"
      }
    },
    {
      "output": {
        "item": "grassworld:limeseed"
      }
    },
    {
      "output": {
        "item": "grassworld:magentaseed"
      }
    },
    {
      "output": {
        "item": "grassworld:pinkseed"
      }
    },
    {
      "output": {
        "item": "grassworld:purpleseed"
      }
    },
    {
      "output": {
        "item": "grassworld:orangeseed"
      }
    },
    {
      "output": {
        "item": "grassworld:redseed"
      }
    },
    {
      "output": {
        "item": "grassworld:whiteseed"
      }
    },
    {
      "output": {
        "item": "grassworld:yellowseed"
      }
    },
    {
      "output": {
        "item": "grassworld:glowingblueseed"
      }
    },
    {
      "output": {
        "item": "grassworld:glowingblackseed"
      }
    },
	{
      "output": {
        "item": "grassworld:glowingbrownseed"
      }
    },
    {
      "output": {
        "item": "grassworld:glowingcyanseed"
      }
    },
    {
      "output": {
        "item": "grassworld:glowinggreenseed"
      }
    },
    {
      "output": {
        "item": "grassworld:glowinggrayseed"
      }
    },
    {
      "output": {
        "item": "grassworld:glowinglight_grayseed"
      }
    },
    {
      "output": {
        "item": "grassworld:glowinglight_blueseed"
      }
    },
    {
      "output": {
        "item": "grassworld:glowinglimeseed"
      }
    },
    {
      "output": {
        "item": "grassworld:glowingmagentaseed"
      }
    },
    {
      "output": {
        "item": "grassworld:glowingpinkseed"
      }
    },
    {
      "output": {
        "item": "grassworld:glowingpurpleseed"
      }
    },
    {
      "output": {
        "item": "grassworld:glowingorangeseed"
      }
    },
    {
      "output": {
        "item": "grassworld:glowingredseed"
      }
    },
    {
      "output": {
        "item": "grassworld:glowingwhiteseed"
      }
    },
    {
      "output": {
        "item": "grassworld:glowingyellowseed"
      }
    },
    {
      "output": {
        "item": "grassworld:fancyblueseed"
      }
    },
    {
      "output": {
        "item": "grassworld:fancyblackseed"
      }
    },
    {
      "output": {
        "item": "grassworld:fancybrownseed"
      }
    },
    {
      "output": {
        "item": "grassworld:fancycyanseed"
      }
    },
    {
      "output": {
        "item": "grassworld:fancygreenseed"
      }
    },
    {
      "output": {
        "item": "grassworld:fancygrayseed"
      }
    },
    {
      "output": {
        "item": "grassworld:fancylight_grayseed"
      }
    },
    {
      "output": {
        "item": "grassworld:fancylight_blueseed"
      }
    },
    {
      "output": {
        "item": "grassworld:fancylimeseed"
      }
    },
    {
      "output": {
        "item": "grassworld:fancymagentaseed"
      }
    },
    {
      "output": {
        "item": "grassworld:fancypinkseed"
      }
    },
    {
      "output": {
        "item": "grassworld:fancypurpleseed"
      }
    },
    {
      "output": {
        "item": "grassworld:fancyorangeseed"
      }
    },
    {
      "output": {
        "item": "grassworld:fancyredseed"
      }
    },
    {
      "output": {
        "item": "grassworld:fancywhiteseed"
      }
    },
    {
      "output": {
        "item": "grassworld:fancyyellowseed"
      }
    },
    {
      "output": {
        "item": "grassworld:enchantedblueseed"
      }
    },
    {
      "output": {
        "item": "grassworld:enchantedblackseed"
      }
    },
    {
      "output": {
        "item": "grassworld:enchantedbrownseed"
      }
    },
    {
      "output": {
        "item": "grassworld:enchantedcyanseed"
      }
    },
    {
      "output": {
        "item": "grassworld:enchantedgreenseed"
      }
    },
    {
      "output": {
        "item": "grassworld:enchantedgrayseed"
      }
    },
    {
      "output": {
        "item": "grassworld:enchantedlight_grayseed"
      }
    },
    {
      "output": {
        "item": "grassworld:enchantedlight_blueseed"
      }
    },
    {
      "output": {
        "item": "grassworld:enchantedlimeseed"
      }
    },
    {
      "output": {
        "item": "grassworld:enchantedmagentaseed"
      }
    },
    {
      "output": {
        "item": "grassworld:enchantedpinkseed"
      }
    },
    {
      "output": {
        "item": "grassworld:enchantedpurpleseed"
      }
    },
    {
      "output": {
        "item": "grassworld:enchantedorangeseed"
      }
    },
    {
      "output": {
        "item": "grassworld:enchantedredseed"
      }
    },
    {
      "output": {
        "item": "grassworld:enchantedwhiteseed"
      }
    },
    {
      "output": {
        "item": "grassworld:enchantedyellowseed"
      }
    },
    {
      "output": {
        "item": "grassworld:blueendseed"
      }
    },
    {
      "output": {
        "item": "grassworld:blackendseed"
      }
    },
    {
      "output": {
        "item": "grassworld:brownendseed"
      }
    },
    {
      "output": {
        "item": "grassworld:cyanendseed"
      }
    },
    {
      "output": {
        "item": "grassworld:greenendseed"
      }
    },
    {
      "output": {
        "item": "grassworld:grayendseed"
      }
    },
    {
      "output": {
        "item": "grassworld:light_grayendseed"
      }
    },
    {
      "output": {
        "item": "grassworld:light_blueendseed"
      }
    },
    {
      "output": {
        "item": "grassworld:limeendseed"
      }
    },
    {
      "output": {
        "item": "grassworld:magentaendseed"
      }
    },
    {
      "output": {
        "item": "grassworld:pinkendseed"
      }
    },
    {
      "output": {
        "item": "grassworld:purpleendseed"
      }
    },
    {
      "output": {
        "item": "grassworld:orangeendseed"
      }
    },
    {
      "output": {
        "item": "grassworld:redendseed"
      }
    },
    {
      "output": {
        "item": "grassworld:whiteendseed"
      }
    },
    {
      "output": {
        "item": "grassworld:yellowendseed"
      }
    },
    {
      "output": {
        "item": "grassworld:fancyblueendseed"
      }
    },
    {
      "output": {
        "item": "grassworld:fancyblackendseed"
      }
    },
    {
      "output": {
        "item": "grassworld:fancybrownendseed"
      }
    },
    {
      "output": {
        "item": "grassworld:fancycyanendseed"
      }
    },
    {
      "output": {
        "item": "grassworld:fancygreenendseed"
      }
    },
    {
      "output": {
        "item": "grassworld:fancygrayendseed"
      }
    },
    {
      "output": {
        "item": "grassworld:fancylight_grayendseed"
      }
    },
    {
      "output": {
        "item": "grassworld:fancylight_blueendseed"
      }
    },
    {
      "output": {
        "item": "grassworld:fancylimeendseed"
      }
    },
    {
      "output": {
        "item": "grassworld:fancymagentaendseed"
      }
    },
    {
      "output": {
        "item": "grassworld:fancypinkendseed"
      }
    },
    {
      "output": {
        "item": "grassworld:fancypurpleendseed"
      }
    },
    {
      "output": {
        "item": "grassworld:fancyorangeendseed"
      }
    },
    {
      "output": {
        "item": "grassworld:fancyredendseed"
      }
    },
    {
      "output": {
        "item": "grassworld:fancywhiteendseed"
      }
    },
    {
      "output": {
        "item": "grassworld:fancyyellowendseed"
      }
    },
    {
      "output": {
        "item": "grassworld:bluenetherseed"
      }
    },
    {
      "output": {
        "item": "grassworld:blacknetherseed"
      }
    },
    {
      "output": {
        "item": "grassworld:brownnetherseed"
      }
    },
    {
      "output": {
        "item": "grassworld:cyannetherseed"
      }
    },
    {
      "output": {
        "item": "grassworld:greennetherseed"
      }
    },
    {
      "output": {
        "item": "grassworld:graynetherseed"
      }
    },
    {
      "output": {
        "item": "grassworld:light_graynetherseed"
      }
    },
    {
      "output": {
        "item": "grassworld:light_bluenetherseed"
      }
    },
    {
      "output": {
        "item": "grassworld:limenetherseed"
      }
    },
    {
      "output": {
        "item": "grassworld:magentanetherseed"
      }
    },
    {
      "output": {
        "item": "grassworld:pinknetherseed"
      }
    },
    {
      "output": {
        "item": "grassworld:purplenetherseed"
      }
    },
    {
      "output": {
        "item": "grassworld:orangenetherseed"
      }
    },
    {
      "output": {
        "item": "grassworld:rednetherseed"
      }
    },
    {
      "output": {
        "item": "grassworld:whitenetherseed"
      }
    },
    {
      "output": {
        "item": "grassworld:yellownetherseed"
      }
    },
    {
      "output": {
        "item": "grassworld:fancybluenetherseed"
      }
    },
    {
      "output": {
        "item": "grassworld:fancyblacknetherseed"
      }
    },
    {
      "output": {
        "item": "grassworld:fancybrownnetherseed"
      }
    },
    {
      "output": {
        "item": "grassworld:fancycyannetherseed"
      }
    },
    {
      "output": {
        "item": "grassworld:fancygreennetherseed"
      }
    },
    {
      "output": {
        "item": "grassworld:fancygraynetherseed"
      }
    },
    {
      "output": {
        "item": "grassworld:fancylight_graynetherseed"
      }
    },
    {
      "output": {
        "item": "grassworld:fancylight_bluenetherseed"
      }
    },
    {
      "output": {
        "item": "grassworld:fancylimenetherseed"
      }
    },
    {
      "output": {
        "item": "grassworld:fancymagentanetherseed"
      }
    },
    {
      "output": {
        "item": "grassworld:fancypinknetherseed"
      }
    },
    {
      "output": {
        "item": "grassworld:fancypurplenetherseed"
      }
    },
    {
      "output": {
        "item": "grassworld:fancyorangenetherseed"
      }
    },
    {
      "output": {
        "item": "grassworld:fancyrednetherseed"
      }
    },
    {
      "output": {
        "item": "grassworld:fancywhitenetherseed"
      }
    },
    {
      "output": {
        "item": "grassworld:fancyyellownetherseed"
      }
    }
  ]
}
