{
  "modId": "mubble",
  "group": {
    "name": "Mubble Saplings",
    "enabledByDefault": true,
    "defaultPayment": {
      "item": "minecraft:emerald"
    },
    "defaultCategory": "farmingforblockheads:saplings"
  },
  "customEntries": [
    {
      "output": {
        "item": "mubble:autumn_oak_sapling"
      }
	},
	{
	  "output": {
        "item": "mubble:pink_cherry_oak_sapling"
      }
	},
	{
	  "output": {
        "item": "mubble:white_cherry_oak_sapling"
      }
	},
	{
	  "output": {
        "item": "mubble:palm_sapling"
      }
	},
	{
	  "output": {
        "item": "mubble:red_press_garden_sapling"
      }
	},
	{
	  "output": {
        "item": "mubble:pink_press_garden_sapling"
      }
	},
	{
	  "output": {
        "item": "mubble:scarlet_sapling"
      }
    }
  ]
}
