{
  "modId": "pokecube",
  "group": {
    "name": "Pokecube Saplings",
    "enabledByDefault": true,
    "defaultPayment": {
      "item": "minecraft:emerald"
    },
    "defaultCategory": "farmingforblockheads:saplings"
  },
  "customEntries": [
    {
      "output": {
        "item": "pokecube:berry_pecha"
      }
	},
    {
      "output": {
        "item": "pokecube:berry_leppa"
      }
	},
    {
      "output": {
        "item": "pokecube:berry_oran"
      }
	},
    {
      "output": {
        "item": "pokecube:berry_sitrus"
      }
	},
    {
      "output": {
        "item": "pokecube:berry_nanab"
      }
	},
    {
      "output": {
        "item": "pokecube:berry_pomeg"
      }
	},
    {
      "output": {
        "item": "pokecube:berry_kelpsy"
      }
	},
    {
      "output": {
        "item": "pokecube:berry_qualot"
      }
	},
    {
      "output": {
        "item": "pokecube:berry_hondew"
      }
	},
    {
      "output": {
        "item": "pokecube:berry_grepa"
      }
	},
    {
      "output": {
        "item": "pokecube:berry_tamato"
      }
	},
    {
      "output": {
        "item": "pokecube:berry_enigma"
      }
	}
  ]
}
