{
  "modId": "pokecube",
  "group": {
    "name": "Pokecube Seeds",
    "enabledByDefault": true,
    "defaultPayment": {
      "item": "minecraft:emerald"
    },
    "defaultCategory": "farmingforblockheads:seeds"
  },
  "customEntries": [
    {
      "output": {
        "item": "pokecube:berry_null"
      }
    },
    {
      "output": {
        "item": "pokecube:berry_cheri"
      }
    },
    {
      "output": {
        "item": "pokecube:berry_chesto"
      }
    },
    {
      "output": {
        "item": "pokecube:berry_rawst"
      }
    },
    {
      "output": {
        "item": "pokecube:berry_aspear"
      }
    },
    {
      "output": {
        "item": "pokecube:berry_persim"
      }
    },
    {
      "output": {
        "item": "pokecube:berry_lum"
      }
    },
    {
      "output": {
        "item": "pokecube:berry_pinap"
      }
    },
    {
      "output": {
        "item": "pokecube:berry_cornn"
      }
    },
    {
      "output": {
        "item": "pokecube:berry_jaboca"
      }
    },
    {
      "output": {
        "item": "pokecube:berry_rowap"
      }
    }
  ]
}
