{
  "modId": "premium_wood",
  "group": {
    "name": "Premium Wood Saplings",
    "enabledByDefault": true,
    "defaultPayment": {
      "item": "minecraft:emerald"
    },
    "defaultCategory": "farmingforblockheads:saplings"
  },
  "customEntries": [
    {
      "output": {
        "item": "premium_wood:maple_sapling"
      }
    },
	{
      "output": {
        "item": "premium_wood:tiger_sapling"
      }
    },
	{
      "output": {
        "item": "premium_wood:silverbell_sapling"
      }
    },
	{
      "output": {
        "item": "premium_wood:purple_heart_sapling"
      }
    },
	{
      "output": {
        "item": "premium_wood:willow_sapling"
      }
    },
	{
      "output": {
        "item": "premium_wood:magic_sapling"
      }
    },
	{
      "output": {
        "item": "premium_wood:apple_sapling"
      }
    }
  ]
}
