{
  "modId": "tofucraft",
  "group": {
    "name": "Tofucraft Seeds",
    "enabledByDefault": true,
    "defaultPayment": {
      "item": "minecraft:emerald"
    },
    "defaultCategory": "farmingforblockheads:seeds"
  },
  "customEntries": [
    {
      "output": {
        "item": "tofucraft:seeds_soybeans"
      }
    },
	{
      "output": {
        "item": "tofucraft:seeds_rice"
      }
    },
	{
      "output": {
        "item": "tofucraft:leek"
      }
    }
  ]
}
