{
  "modId": "traverse",
  "group": {
    "name": "Traverse Saplings",
    "enabledByDefault": true,
    "defaultPayment": {
      "item": "minecraft:emerald"
    },
    "defaultCategory": "farmingforblockheads:saplings"
  },
  "customEntries": [
    {
      "output": {
        "item": "traverse:red_autumnal_sapling"
      }
	},
	{
      "output": {
        "item": "traverse:brown_autumnal_sapling"
      }
	},
	{
      "output": {
        "item": "traverse:orange_autumnal_sapling"
      }
	},
	{
      "output": {
        "item": "traverse:yellow_autumnal_sapling"
      }
	},
	{
      "output": {
        "item": "traverse:fir_sapling"
      }
    }
  ]
}
