{
  "modId": "wildnature",
  "group": {
    "name": "WildNature Saplings",
    "enabledByDefault": true,
    "defaultPayment": {
      "item": "minecraft:emerald"
    },
    "defaultCategory": "farmingforblockheads:saplings"
  },
  "customEntries": [
    {
      "output": {
        "item": "wildnature:apple_sapling"
      }
    },
	{
      "output": {
        "item": "wildnature:coffee_sapling"
      }
    },
	{
      "output": {
        "item": "wildnature:aspen_sapling"
      }
    },
	{
      "output": {
        "item": "wildnature:baobab_sapling"
      }
    },
	{
      "output": {
        "item": "wildnature:beech_sapling"
      }
    },
	{
      "output": {
        "item": "wildnature:cedar_sapling"
      }
    },
	{
      "output": {
        "item": "wildnature:cherry_sapling"
      }
    },
	{
      "output": {
        "item": "wildnature:cherry_pink_sapling"
      }
    },
	{
      "output": {
        "item": "wildnature:cherry_white_sapling"
      }
    },
	{
      "output": {
        "item": "wildnature:ebony_sapling"
      }
    },
	{
      "output": {
        "item": "wildnature:eucalyptus_sapling"
      }
    },
	{
      "output": {
        "item": "wildnature:fir_sapling"
      }
    },
	{
      "output": {
        "item": "wildnature:hazel_sapling"
      }
    },
	{
      "output": {
        "item": "wildnature:hornbeam_sapling"
      }
    },
	{
      "output": {
        "item": "wildnature:jacaranda_sapling"
      }
    },
	{
      "output": {
        "item": "wildnature:larch_sapling"
      }
    },
	{
      "output": {
        "item": "wildnature:mahogany_sapling"
      }
    },
	{
      "output": {
        "item": "wildnature:mangrove_sapling"
      }
    },
	{
      "output": {
        "item": "wildnature:maple_sapling"
      }
    },
	{
      "output": {
        "item": "wildnature:maple_red_sapling"
      }
    },
	{
      "output": {
        "item": "wildnature:maple_orange_sapling"
      }
    },
	{
      "output": {
        "item": "wildnature:maple_yellow_sapling"
      }
    },
	{
      "output": {
        "item": "wildnature:maple_brown_sapling"
      }
    },
	{
      "output": {
        "item": "wildnature:palm_sapling"
      }
    },
	{
      "output": {
        "item": "wildnature:pear_sapling"
      }
    },
	{
      "output": {
        "item": "wildnature:pine_sapling"
      }
    },
	{
      "output": {
        "item": "wildnature:plum_sapling"
      }
    },
	{
      "output": {
        "item": "wildnature:poplar_sapling"
      }
    },
	{
      "output": {
        "item": "wildnature:redwood_sapling"
      }
    },
	{
      "output": {
        "item": "wildnature:willow_sapling"
      }
    }
  ]
}
