 {
  "type": "recipe",
  "crafter": "farmer_crafting",
  "conditions": [
    { "type":"forge:mod_loaded", "modid":"farmersdelight" },
    { "type":"forge:mod_loaded", "modid":"minecolonies" },
    { "type":"forge:mod_loaded", "modid":"overweight_farming" }
  ],
  "inputs": [
    {
      "item": "overweight_farming:overweight_beetroot_block"
    }
  ],
  "tool": "hoe",
  "intermediate": "farmersdelight:cutting_board",
  "result": "minecraft:beetroot",
  "count": 10,
  "additional-output": [
    { "item": "minecraft:beetroot_seeds", "count": 10 }
  ]
}