{
  "config": {
    "feature": {
      "config": {
        "feature": {
          "config": {
            "feature": {
              "config": {
                "target": {
                  "tag": "ultra_amplified_dimension:air_target",
                  "predicate_type": "minecraft:tag_match"
                },
                "state": {
                  "Properties":{
                    "rotation": "0"
                  },
                  "Name": "minecraft:dragon_head"
                }
              },
              "type": "ultra_amplified_dimension:on_solid_block_placer"
            },
            "decorator": {
              "config": {
                "bottom_offset": 10,
                "top_offset": 0,
                "maximum": 50
              },
              "type": "minecraft:range"
            }
          },
          "type": "minecraft:decorated"
        },
        "decorator": {
          "config": {},
          "type": "minecraft:square"
        }
      },
      "type": "minecraft:decorated"
    },
    "decorator": {
      "config": {
        "count": 1,
        "extra_chance": 0,
        "extra_count": 0
      },
      "type": "minecraft:count_extra"
    }
  },
  "type": "minecraft:decorated"
}