{
  "attributes": {
    "health": 58.0,
    "attack": 10.8,
    "knockback_resistance": 0.8,
	"immune_to_fire": true
  },
  "blocks": [
	"minecraft:polished_blackstone",
	"minecraft:polished_blackstone_bricks",
	"minecraft:chiseled_polished_blackstone",
	"minecraft:cracked_polished_blackstone_bricks"
  ],
  "heal_items": {
	"minecraft:polished_blackstone": 0.5,
	"minecraft:polished_blackstone_bricks": 0.5,
	"minecraft:chiseled_polished_blackstone": 0.5,
	"minecraft:cracked_polished_blackstone": 0.5,
	"minecraft:blackstone": 0.25
  }
}