{
  "attributes": {
    "health": 20.0,
    "attack": 5.0,
    "speed": 0.25,
    "knockback_resistance": 0.4,
    "armor": 0,
    "knockback": 0.0,
    "immune_to_fire": false,
    "immune_to_explosions": false,
    "hurt_by_water": false,
    "hurt_by_fall": false,
	"hurt_by_heat": false
  },
  "swim_ability": "sink",
  "glow": 0,
  "power": 0,
  "hidden": false,
  "sound": "minecraft:block.gravel.step",
  "blocks": "minecraft:clay",
  "heal_items": {
    "minecraft:clay": 0.5,
	"minecraft:clay_ball": 0.1
  },
  "behavior": [ ]
}