{
  "attributes": {
    "health": 47.0,
    "attack": 9.0,
    "knockback_resistance": 0.8,
	"armor": 3.0
  },
  "heal_items": {
    "#forge:concrete": 0.5
  },
  "multitexture": {
    "texture_count": 16,
	"textures": {
	  "0": {
		"blocks": "#forge:concrete/white",
		"loot_table": "golems:concrete/white"
	  },
	  "1": {
		"blocks": "#forge:concrete/orange",
		"loot_table": "golems:concrete/orange"
	  },
	  "2": {
		"blocks": "#forge:concrete/magenta",
		"loot_table": "golems:concrete/magenta"
	  },
	  "3": {
		"blocks": "#forge:concrete/light_blue",
		"loot_table": "golems:concrete/light_blue"
	  },
	  "4": {
		"blocks": "#forge:concrete/yellow",
		"loot_table": "golems:concrete/yellow"
	  },
	  "5": {
		"blocks": "#forge:concrete/lime",
		"loot_table": "golems:concrete/lime"
	  },
	  "6": {
		"blocks": "#forge:concrete/pink",
		"loot_table": "golems:concrete/pink"
	  },
	  "7": {
		"blocks": "#forge:concrete/gray",
		"loot_table": "golems:concrete/gray"
	  },
	  "8": {
		"blocks": "#forge:concrete/light_gray",
		"loot_table": "golems:concrete/light_gray"
	  },
	  "9": {
		"blocks": "#forge:concrete/cyan",
		"loot_table": "golems:concrete/cyan"
	  },
	  "10": {
		"blocks": "#forge:concrete/purple",
		"loot_table": "golems:concrete/purple"
	  },
	  "11": {
		"blocks": "#forge:concrete/blue",
		"loot_table": "golems:concrete/blue"
	  },
	  "12": {
		"blocks": "#forge:concrete/brown",
		"loot_table": "golems:concrete/brown"
	  },
	  "13": {
		"blocks": "#forge:concrete/green",
		"loot_table": "golems:concrete/green"
	  },
	  "14": {
		"blocks": "#forge:concrete/red",
		"loot_table": "golems:concrete/red"
	  },
	  "15": {
		"blocks": "#forge:concrete/black",
		"loot_table": "golems:concrete/black"
	  }
    }
  }
}