{
  "attributes": {
    "health": 20.0,
    "attack": 6.0,
	"speed": 0.298,
    "knockback_resistance": 0.2
  },
  "swim_ability": "float",
  "heal_items": {
    "#minecraft:logs_that_burn": 0.5,
	"minecraft:oak_planks": 0.15,
    "minecraft:spruce_planks": 0.15,
    "minecraft:birch_planks": 0.15,
    "minecraft:jungle_planks": 0.15,
    "minecraft:acacia_planks": 0.15,
    "minecraft:dark_oak_planks": 0.15
  },
  "multitexture": {
    "texture_count": 6,
	"textures": {
	  "0": {
		"blocks": "#minecraft:dark_oak_logs",
		"loot_table": "golems:log/dark_oak"
	  },
	  "1": {
		"blocks": "#minecraft:oak_logs",
		"loot_table": "golems:log/oak"
	  },
	  "2": {
		"blocks": "#minecraft:acacia_logs",
		"loot_table": "golems:log/acacia"
	  },
	  "3": {
		"blocks": "#minecraft:birch_logs",
		"loot_table": "golems:log/birch"
	  },
	  "4": {
		"blocks": "#minecraft:jungle_logs",
		"loot_table": "golems:log/jungle"
	  },
	  "5": {
		"blocks": "#minecraft:spruce_logs",
		"loot_table": "golems:log/spruce"
	  }
    }
  }
}