{
  "attributes": {
    "health": 18.0,
    "attack": 4.0,
    "speed": 0.265
  },
  "swim_ability": "float",
  "sound": "minecraft:block.wood.step",
  "blocks": "minecraft:melon",
  "heal_items": {
    "minecraft:melon": 0.5,
	"minecraft:melon_slice": 0.15,
	"minecraft:glistering_melon_slice": 0.25
  },
  "behavior": [ 
    {
	  "type": "golems:passive_effect",
	  "effect": {
		"target": "self",
		"chance": 0.08,
		"effects": [
		  {
  	  	    "Potion": "minecraft:regeneration",
  	  	    "Amplifier": 0,
  	  	    "Duration": 300
  	      }
	    ]
	  }
	},
	{
	  "type": "golems:place_blocks",
	  "interval": 1100,
	  "blocks": [
	    "#forge:overworld_small_flowers"
	  ]
	}
  ]
}