{
  "attributes": {
    "health": 30.0,
    "attack": 7.0,
    "speed": 0.3,
	"knockback_resistance": 0.2
  },
  "swim_ability": "float",
  "sound": "minecraft:block.grass.step",
  "heal_items": {
	"minecraft:mushroom_stem": 0.5,
	"minecraft:brown_mushroom_block": 0.5,
    "minecraft:red_mushroom_block": 0.5,
	"minecraft:brown_mushroom": 0.15,
	"minecraft:red_mushroom": 0.15
  },
  "multitexture": {
	"texture_count": 2,
	"textures": {
	  "0": {
		"blocks": [
		  "minecraft:mushroom_stem",
		  "minecraft:brown_mushroom_block"
		],
		"loot_table": "golems:mushroom/brown"
	  },
	  "1": {
		"blocks": "minecraft:red_mushroom_block",
		"loot_table": "golems:mushroom/red"
	  }
	}
  },
  "behavior": [
    {
	  "type": "golems:passive_effect",
	  "night_only": true,
	  "effect": {
		"target": "self",
		"chance": 0.08,
		"effects": [
		  {
  	  	    "Potion": "minecraft:regeneration",
  	  	    "Amplifier": 0,
  	  	    "Duration": 300
  	      }
	    ]
	  }
	},
    {
	  "type": "golems:place_blocks",
	  "interval": 1050,
	  "blocks": [
	    "minecraft:brown_mushroom",
		"minecraft:red_mushroom"
	  ]
	}
  ]
}