{
  "attributes": {
    "health": 22.0,
    "attack": 4.5,
    "speed": 0.26,
	"immune_to_fire": true
  },
  "swim_ability": "float",
  "sound": "minecraft:block.grass.step",
  "heal_items": {
    "minecraft:nether_wart_block": 0.5,
    "minecraft:warped_wart_block": 0.5,
	"minecraft:nether_wart": 0.15
  },
  "multitexture": {
	"texture_count": 2,
	"textures": {
	  "0": {
		"blocks": "minecraft:nether_wart_block",
		"loot_table": "golems:nether_wart/nether"
	  },
	  "1": {
		"blocks": "minecraft:warped_wart_block",
		"loot_table": "golems:nether_wart/warped"
	  }
	}
  },
  "behavior": [ 
    {
	  "type": "golems:place_blocks",
	  "interval": 1050,
	  "blocks": [
	    "minecraft:nether_wart"
	  ]
	}
  ]
}