{
  "attributes": {
    "health": 22.0,
    "attack": 5.0,
    "speed": 0.26,
	"immune_to_fire": true
  },
  "sound": "minecraft:block.grass.step",
  "heal_items": {
    "#forge:sandstone": 0.5,
	"#forge:sand": 0.15
  },
  "multitexture": {
	"texture_count": 2,
	"textures": {
	  "0": {
		"blocks": [
		  "minecraft:sandstone",
		  "minecraft:cut_sandstone",
          "minecraft:chiseled_sandstone",
          "minecraft:smooth_sandstone"
		],
		"loot_table": "golems:sandstone/colorless"
	  },
	  "1": {
		"blocks": [
		  "minecraft:red_sandstone",
		  "minecraft:cut_red_sandstone",
		  "minecraft:chiseled_red_sandstone",
		  "minecraft:smooth_red_sandstone"
		],
		"loot_table": "golems:sandstone/red"
	  }
	}
  }
}