{
  "attributes": {
    "health": 24.0,
    "attack": 7.0,
    "speed": 0.289,
	"knockback_resistance": 0.2,
	"immune_to_fire": true
  },
  "swim_ability": "float",
  "sound": "minecraft:block.wood.step",
  "heal_items": {
    "#minecraft:crimson_stems": 0.5,
    "#minecraft:warped_stems": 0.5,
	"minecraft:crimson_fungus": 0.15,
	"minecraft:warped_fungus": 0.15
  },
  "multitexture": {
	"texture_count": 2,
	"textures": {
	  "0": {
		"blocks": "#minecraft:crimson_stems",
		"loot_table": "golems:stem/crimson"
	  },
	  "1": {
		"blocks": "#minecraft:warped_stems",
		"loot_table": "golems:stem/warped"
	  }
	}
  },
  "behavior": [ 
    {
	  "type": "golems:place_blocks",
	  "interval": 1400,
	  "blocks": [
	    "minecraft:crimson_fungus"
	  ],
	  "supports": [
	    "#minecraft:dirt",
		"#minecraft:mushroom_grow_block"
	  ]
	},
	{
	  "type": "golems:place_blocks",
	  "interval": 1600,
	  "blocks": [
	    "minecraft:warped_fungus"
	  ]
	}
  ]
}