{
  "attributes": {
    "health": 42.0,
    "attack": 8.0,
	"speed": 0.22,
	"knockback_resistance": 0.6
  },
  "heal_items": {
    "#forge:terracotta": 0.5
  },
  "multitexture": {
    "texture_count": 17,
	"textures": {
	  "0": {
		"blocks": "#forge:terracotta/colorless",
		"loot_table": "golems:terracotta/colorless"
	  },
	  "1": {
		"blocks": "#forge:terracotta/white",
		"loot_table": "golems:terracotta/white"
	  },
	  "2": {
		"blocks": "#forge:terracotta/orange",
		"loot_table": "golems:terracotta/orange"
	  },
	  "3": {
		"blocks": "#forge:terracotta/magenta",
		"loot_table": "golems:terracotta/magenta"
	  },
	  "4": {
		"blocks": "#forge:terracotta/light_blue",
		"loot_table": "golems:terracotta/light_blue"
	  },
	  "5": {
		"blocks": "#forge:terracotta/yellow",
		"loot_table": "golems:terracotta/yellow"
	  },
	  "6": {
		"blocks": "#forge:terracotta/lime",
		"loot_table": "golems:terracotta/lime"
	  },
	  "7": {
		"blocks": "#forge:terracotta/pink",
		"loot_table": "golems:terracotta/pink"
	  },
	  "8": {
		"blocks": "#forge:terracotta/gray",
		"loot_table": "golems:terracotta/gray"
	  },
	  "9": {
		"blocks": "#forge:terracotta/light_gray",
		"loot_table": "golems:terracotta/light_gray"
	  },
	  "10": {
		"blocks": "#forge:terracotta/cyan",
		"loot_table": "golems:terracotta/cyan"
	  },
	  "11": {
		"blocks": "#forge:terracotta/purple",
		"loot_table": "golems:terracotta/purple"
	  },
	  "12": {
		"blocks": "#forge:terracotta/blue",
		"loot_table": "golems:terracotta/blue"
	  },
	  "13": {
		"blocks": "#forge:terracotta/brown",
		"loot_table": "golems:terracotta/brown"
	  },
	  "14": {
		"blocks": "#forge:terracotta/green",
		"loot_table": "golems:terracotta/green"
	  },
	  "15": {
		"blocks": "#forge:terracotta/red",
		"loot_table": "golems:terracotta/red"
	  },
	  "16": {
		"blocks": "#forge:terracotta/black",
		"loot_table": "golems:terracotta/black"
	  }
    }
  }
}