{
  "attributes": {
    "health": 10.0,
    "attack": 4.0,
	"speed": 0.295,
    "knockback_resistance": 0.2
  },
  "sound": "minecraft:block.wool.step",
  "heal_items": {
    "#minecraft:wool": 0.5,
	"#forge:string": 0.1
  },
  "multitexture": {
    "texture_count": 16,
	"textures": {
	  "0": {
		"blocks": "minecraft:white_wool",
		"loot_table": "golems:wool/white"
	  },
	  "1": {
		"blocks": "minecraft:orange_wool",
		"loot_table": "golems:wool/orange"
	  },
	  "2": {
		"blocks": "minecraft:magenta_wool",
		"loot_table": "golems:wool/magenta"
	  },
	  "3": {
		"blocks": "minecraft:light_blue_wool",
		"loot_table": "golems:wool/light_blue"
	  },
	  "4": {
		"blocks": "minecraft:yellow_wool",
		"loot_table": "golems:wool/yellow"
	  },
	  "5": {
		"blocks": "minecraft:lime_wool",
		"loot_table": "golems:wool/lime"
	  },
	  "6": {
		"blocks": "minecraft:pink_wool",
		"loot_table": "golems:wool/pink"
	  },
	  "7": {
		"blocks": "minecraft:gray_wool",
		"loot_table": "golems:wool/gray"
	  },
	  "8": {
		"blocks": "minecraft:light_gray_wool",
		"loot_table": "golems:wool/light_gray"
	  },
	  "9": {
		"blocks": "minecraft:cyan_wool",
		"loot_table": "golems:wool/cyan"
	  },
	  "10": {
		"blocks": "minecraft:purple_wool",
		"loot_table": "golems:wool/purple"
	  },
	  "11": {
		"blocks": "minecraft:blue_wool",
		"loot_table": "golems:wool/blue"
	  },
	  "12": {
		"blocks": "minecraft:brown_wool",
		"loot_table": "golems:wool/brown"
	  },
	  "13": {
		"blocks": "minecraft:green_wool",
		"loot_table": "golems:wool/green"
	  },
	  "14": {
		"blocks": "minecraft:red_wool",
		"loot_table": "golems:wool/red"
	  },
	  "15": {
		"blocks": "minecraft:black_wool",
		"loot_table": "golems:wool/black"
	  }
    }
  }
}