{
  "conditions": [
    {
      "modid": "betterendforge",
      "type": "forge:mod_loaded"
    }
  ],
  "name": {
    "color": "#50F4E3",
    "translate": "trophy.trofers.composed",
    "with": [
      {
        "translate": "entity.betterendforge.dragonfly"
      }
    ]
  },
  "display": {
    "scale": 0.5
  },
  "entity": {
    "type": "betterendforge:dragonfly",
    "animated": true
  },
  "colors": {
    "base": "#606060",
    "accent": "#50F4E3"
  },
  "effects": {
    "sound": {
      "soundEvent": "betterendforge:betterendforge.entity.dragonfly"
    },
    "rewards": {
      "lootTable": "minecraft:entities/spider",
      "cooldown": 9600
    }
  }
}