{
  "conditions": [
    {
      "modid": "betterendforge",
      "type": "forge:mod_loaded"
    }
  ],
  "name": {
    "color": "#EAA6D9",
    "translate": "trophy.trofers.composed",
    "with": [
      {
        "translate": "entity.betterendforge.silk_moth"
      }
    ]
  },
  "display": {
    "scale": 0.5
  },
  "entity": {
    "type": "betterendforge:silk_moth",
    "animated": true
  },
  "colors": {
    "base": "#606060",
    "accent": "#EAA6D9"
  },
  "effects": {
    "sound": {
      "soundEvent": "minecraft:entity.bat.ambient"
    },
    "rewards": {
      "lootTable": "betterendforge:entities/silk_moth",
      "cooldown": 9600
    }
  }
}