{
  "type": "recipe",
  "crafter": "cookassistant_crafting",
  "conditions": [
    { "type":"forge:mod_loaded", "modid":"minecolonies" },
    { "type":"forge:mod_loaded", "modid":"neapolitan" },
    { "type":"forge:mod_loaded", "modid":"refurbished_furniture" }
  ],
  "inputs": [
    {
      "item": "minecraft:water_bucket"
    }
  ],
  "intermediate": "refurbished_furniture:dark_freezer",
  "result": "neapolitan:ice_cubes",
  "count": 4,
  "additional-output": [
    { "item": "minecraft:bucket" }
  ]
}