{
  "type": "recipe-template",
  "tag": "forge:milk",
  "conditions": [
    { "type":"forge:mod_loaded", "modid":"minecolonies" },
    { "type":"forge:mod_loaded", "modid":"neapolitan" },
    { "type":"forge:mod_loaded", "modid":"refurbished_furniture" }
  ],
  "recipe": {
    "crafter": "cookassistant_crafting",
    "inputs": [
      {
        "item": "minecraft:glass_bottle",
        "count": 3
      },
      {
        "item": "neapolitan:strawberry_ice_cream"
      },
      {
        "item": "[NS]:[PATH]"
      }
    ],
    "intermediate": "refurbished_furniture:light_fridge",
    "result": "neapolitan:strawberry_milkshake",
    "count": 1
  }
}