{
  "type": "recipe-template",
  "tag": "forge:milk",
  "conditions": [
    { "type":"forge:mod_loaded", "modid":"minecolonies" },
    { "type":"forge:mod_loaded", "modid":"neapolitan" },
    { "type":"forge:mod_loaded", "modid":"refurbished_furniture" }
  ],
  "recipe": {
    "crafter": "cookassistant_crafting",
    "inputs": [
      {
        "item": "minecraft:bowl"
      },
      {
        "item": "neapolitan:white_strawberries"
      },
      {
        "item": "[NS]:[PATH]"
      },
      {
        "item": "neapolitan:ice_cubes"
      },
      {
        "item": "minecraft:sugar"
      }
    ],
    "intermediate": "refurbished_furniture:dark_freezer",
    "result": "neapolitan:strawberry_ice_cream",
    "count": 1
  }
}