{
  "values": [
    { "id": "dynamictrees:rooty_iw_earthen_clay", "required": false },
    { "id": "dynamictrees:rooty_iw_grassy_earthen_clay", "required": false },
    { "id": "dynamictrees:rooty_iw_grassy_permafrost", "required": false },
    { "id": "dynamictrees:rooty_iw_grassy_sandy_dirt", "required": false },
    { "id": "dynamictrees:rooty_iw_grassy_silt", "required": false },
    { "id": "dynamictrees:rooty_iw_loam", "required": false },
    { "id": "dynamictrees:rooty_iw_loamy_farmland", "required": false },
    { "id": "dynamictrees:rooty_iw_mulch_block", "required": false },
    { "id": "dynamictrees:rooty_iw_nulch_block", "required": false },
    { "id": "dynamictrees:rooty_iw_permafrost", "required": false },
    { "id": "dynamictrees:rooty_iw_rooted_grass_block", "required": false },
    { "id": "dynamictrees:rooty_iw_sandy_dirt", "required": false },
    { "id": "dynamictrees:rooty_iw_silt", "required": false },
    { "id": "dynamictrees:rooty_laterit", "required": false },
    { "id": "dynamictrees:rooty_ln_lunar_dust", "required": false },
    { "id": "dynamictrees:rooty_mario_dry_dry_sand", "required": false },
    { "id": "dynamictrees:rooty_mario_jungle_grass", "required": false },
    { "id": "dynamictrees:rooty_mario_mushroom_dirt", "required": false },
    { "id": "dynamictrees:rooty_mario_mushroom_grass", "required": false },
    { "id": "dynamictrees:rooty_mario_world_3_grass", "required": false },
    { "id": "dynamictrees:rooty_minecolonies_composted_dirt", "required": false },
    { "id": "dynamictrees:rooty_mossy_laterit", "required": false },
    { "id": "dynamictrees:rooty_supplementaries_planter", "required": false },
    { "id": "dynamictrees:rooty_teletubbies_full_grass", "required": false }
  ]
}