{
  "conditions": [
    {
      "modid": "alexsmobs",
      "type": "forge:mod_loaded"
    }
  ],
  "name": {
    "color": "#6A5747",
    "translate": "trophy.trofers.composed",
    "with": [
      {
        "translate": "entity.alexsmobs.alligator_snapping_turtle"
      }
    ]
  },
  "display": {
    "scale": 0.5
  },
  "entity": {
    "type": "alexsmobs:alligator_snapping_turtle"
  },
  "colors": {
    "base": "#606060",
    "accent": "#6A5747"
  },
  "effects": {
    "sound": {
      "soundEvent": "alexsmobs:alligator_snapping_turtle_idle"
    },
    "rewards": {
      "lootTable": "trofers:trophies/alexsmobs/alligator_snapping_turtle",
      "cooldown": 9600
    }
  }
}