{
  "conditions": [
    {
      "modid": "alexsmobs",
      "type": "forge:mod_loaded"
    }
  ],
  "name": {
    "color": "#5A4C47",
    "translate": "trophy.trofers.composed",
    "with": [
      {
        "translate": "entity.alexsmobs.anteater"
      }
    ]
  },
  "display": {
    "scale": 0.35
  },
  "entity": {
    "type": "alexsmobs:anteater"
  },
  "colors": {
    "base": "#606060",
    "accent": "#5A4C47"
  },
  "effects": {
    "sound": {
      "soundEvent": "alexsmobs:anteater_hurt"
    },
    "rewards": {
      "lootTable": "trofers:trophies/alexsmobs/anteater",
      "cooldown": 9600
    }
  }
}