{
  "conditions": [
    {
      "modid": "alexsmobs",
      "type": "forge:mod_loaded"
    }
  ],
  "name": {
    "color": "#C48E2F",
    "translate": "trophy.trofers.composed",
    "with": [
      {
        "translate": "entity.alexsmobs.bald_eagle"
      }
    ]
  },
  "display": {
    "scale": 0.5
  },
  "entity": {
    "type": "alexsmobs:bald_eagle"
  },
  "colors": {
    "base": "#606060",
    "accent": "#C48E2F"
  },
  "effects": {
    "sound": {
      "soundEvent": "alexsmobs:bald_eagle_idle"
    },
    "rewards": {
      "lootTable": "trofers:trophies/alexsmobs/bald_eagle",
      "cooldown": 9600
    }
  }
}