{
  "conditions": [
    {
      "modid": "alexsmobs",
      "type": "forge:mod_loaded"
    }
  ],
  "name": {
    "color": "#796445",
    "translate": "trophy.trofers.composed",
    "with": [
      {
        "translate": "entity.alexsmobs.bison"
      }
    ]
  },
  "display": {
    "scale": 0.25
  },
  "entity": {
    "type": "alexsmobs:bison"
  },
  "colors": {
    "base": "#606060",
    "accent": "#796445"
  },
  "effects": {
    "sound": {
      "soundEvent": "alexsmobs:bison_idle"
    },
    "rewards": {
      "lootTable": "trofers:trophies/alexsmobs/bison",
      "cooldown": 9600
    }
  }
}