{
  "conditions": [
    {
      "modid": "alexsmobs",
      "type": "forge:mod_loaded"
    }
  ],
  "name": {
    "color": "#807E7D",
    "translate": "trophy.trofers.composed",
    "with": [
      {
        "translate": "entity.alexsmobs.blobfish"
      }
    ]
  },
  "display": {
    "scale": 0.5
  },
  "entity": {
    "type": "alexsmobs:blobfish",
    "nbt": "{Depressurized:1b,BlobfishScale:1.0f}"
  },
  "colors": {
    "base": "#606060",
    "accent": "#807E7D"
  },
  "effects": {
    "sound": {
      "soundEvent": "minecraft:entity.cod.flop"
    },
    "rewards": {
      "lootTable": "trofers:trophies/alexsmobs/blobfish",
      "cooldown": 9600
    }
  }
}