{
  "conditions": [
    {
      "modid": "alexsmobs",
      "type": "forge:mod_loaded"
    }
  ],
  "name": {
    "color": "#D1C4AC",
    "translate": "trophy.trofers.composed",
    "with": [
      {
        "translate": "entity.alexsmobs.bone_serpent"
      }
    ]
  },
  "display": {
    "offset": {
      "z": 2.0
    },
    "scale": 0.3
  },
  "entity": {
    "type": "alexsmobs:bone_serpent"
  },
  "colors": {
    "base": "#606060",
    "accent": "#D1C4AC"
  },
  "effects": {
    "sound": {
      "soundEvent": "alexsmobs:bone_serpent_idle"
    },
    "rewards": {
      "lootTable": "trofers:trophies/alexsmobs/bone_serpent",
      "cooldown": 9600
    }
  }
}