{
  "conditions": [
    {
      "modid": "alexsmobs",
      "type": "forge:mod_loaded"
    }
  ],
  "name": {
    "color": "#D13636",
    "translate": "trophy.trofers.composed",
    "with": [
      {
        "translate": "entity.alexsmobs.bunfungus"
      }
    ]
  },
  "display": {
    "scale": 0.35
  },
  "entity": {
    "type": "alexsmobs:bunfungus"
  },
  "colors": {
    "base": "#606060",
    "accent": "#D13636"
  },
  "effects": {
    "sound": {
      "soundEvent": "alexsmobs:bunfungus_idle"
    },
    "rewards": {
      "lootTable": "trofers:trophies/alexsmobs/bunfungus",
      "cooldown": 9600
    }
  }
}