{
  "conditions": [
    {
      "modid": "alexsmobs",
      "type": "forge:mod_loaded"
    }
  ],
  "name": {
    "color": "#FCF3ED",
    "translate": "trophy.trofers.composed",
    "with": [
      {
        "translate": "entity.alexsmobs.cachalot_whale"
      }
    ]
  },
  "display": {
    "offset": {
      "z": -1.0
    },
    "scale": 0.1
  },
  "entity": {
    "type": "alexsmobs:cachalot_whale",
    "nbt": "{Albino:1b}"
  },
  "colors": {
    "base": "#BAADAE",
    "accent": "#FCF3ED"
  },
  "effects": {
    "sound": {
      "soundEvent": "alexsmobs:cachalot_whale_idle"
    },
    "rewards": {
      "lootTable": "trofers:trophies/alexsmobs/cachalot_whale",
      "cooldown": 9600
    }
  }
}