{
  "conditions": [
    {
      "modid": "alexsmobs",
      "type": "forge:mod_loaded"
    }
  ],
  "name": {
    "color": "#BD9B59",
    "translate": "trophy.trofers.composed",
    "with": [
      {
        "translate": "entity.alexsmobs.capuchin_monkey"
      }
    ]
  },
  "display": {
    "scale": 0.5
  },
  "entity": {
    "type": "alexsmobs:capuchin_monkey",
    "nbt": "{MonkeySitting:1b,Variant:1}"
  },
  "colors": {
    "base": "#606060",
    "accent": "#BD9B59"
  },
  "effects": {
    "sound": {
      "soundEvent": "alexsmobs:capuchin_monkey_idle"
    },
    "rewards": {
      "lootTable": "trofers:trophies/alexsmobs/capuchin_monkey",
      "cooldown": 9600
    }
  }
}