{
  "conditions": [
    {
      "modid": "alexsmobs",
      "type": "forge:mod_loaded"
    }
  ],
  "name": {
    "color": "#835B55",
    "translate": "trophy.trofers.composed",
    "with": [
      {
        "translate": "entity.alexsmobs.cockroach"
      }
    ]
  },
  "display": {
    "scale": 0.5
  },
  "entity": {
    "type": "alexsmobs:cockroach"
  },
  "colors": {
    "base": "#606060",
    "accent": "#835B55"
  },
  "effects": {
    "sound": {
      "soundEvent": "alexsmobs:cockroach_hurt"
    },
    "rewards": {
      "lootTable": "trofers:trophies/alexsmobs/cockroach",
      "cooldown": 9600
    }
  }
}