{
  "conditions": [
    {
      "modid": "alexsmobs",
      "type": "forge:mod_loaded"
    }
  ],
  "name": {
    "color": "#ACFE8A",
    "translate": "trophy.trofers.composed",
    "with": [
      {
        "translate": "entity.alexsmobs.comb_jelly"
      }
    ]
  },
  "display": {
    "scale": 0.5
  },
  "entity": {
    "type": "alexsmobs:comb_jelly",
    "nbt": "{JellyScale: 1.0f, Variant: 1}"
  },
  "colors": {
    "base": "#606060",
    "accent": "#ACFE8A"
  },
  "effects": {
    "sound": {
      "soundEvent": "alexsmobs:comb_jelly_hurt"
    },
    "rewards": {
      "lootTable": "trofers:trophies/alexsmobs/comb_jelly",
      "cooldown": 9600
    }
  }
}