{
  "conditions": [
    {
      "modid": "alexsmobs",
      "type": "forge:mod_loaded"
    }
  ],
  "name": {
    "color": "#6E9DDB",
    "translate": "trophy.trofers.composed",
    "with": [
      {
        "translate": "entity.alexsmobs.cosmic_cod"
      }
    ]
  },
  "display": {
    "scale": 0.5
  },
  "entity": {
    "type": "alexsmobs:cosmic_cod"
  },
  "colors": {
    "base": "#606060",
    "accent": "#6E9DDB"
  },
  "effects": {
    "sound": {
      "soundEvent": "alexsmobs:cosmic_cod_hurt"
    },
    "rewards": {
      "lootTable": "trofers:trophies/alexsmobs/cosmic_cod",
      "cooldown": 9600
    }
  }
}