{
  "conditions": [
    {
      "modid": "alexsmobs",
      "type": "forge:mod_loaded"
    }
  ],
  "name": {
    "color": "#8592DD",
    "translate": "trophy.trofers.composed",
    "with": [
      {
        "translate": "entity.alexsmobs.cosmaw"
      }
    ]
  },
  "display": {
    "offset": {
      "z": 1.0
    },
    "scale": 0.25
  },
  "entity": {
    "type": "alexsmobs:cosmaw",
    "animated": true
  },
  "colors": {
    "base": "#606060",
    "accent": "#8592DD"
  },
  "effects": {
    "sound": {
      "soundEvent": "alexsmobs:cosmaw_idle"
    },
    "rewards": {
      "lootTable": "trofers:trophies/alexsmobs/cosmaw",
      "cooldown": 9600
    }
  }
}