{
  "conditions": [
    {
      "modid": "alexsmobs",
      "type": "forge:mod_loaded"
    }
  ],
  "name": {
    "color": "#699FFF",
    "translate": "trophy.trofers.composed",
    "with": [
      {
        "translate": "entity.alexsmobs.crimson_mosquito"
      }
    ]
  },
  "display": {
    "scale": 0.35
  },
  "entity": {
    "type": "alexsmobs:crimson_mosquito",
    "nbt": "{MosquitoScale:1.0f,Sick:1b}",
    "animated": true
  },
  "colors": {
    "base": "#606060",
    "accent": "#699FFF"
  },
  "effects": {
    "sound": {
      "soundEvent": "alexsmobs:mosquito_loop"
    },
    "rewards": {
      "lootTable": "trofers:trophies/alexsmobs/crimson_mosquito",
      "cooldown": 9600
    }
  }
}