{
  "conditions": [
    {
      "modid": "alexsmobs",
      "type": "forge:mod_loaded"
    }
  ],
  "name": {
    "color": "#676D4C",
    "translate": "trophy.trofers.composed",
    "with": [
      {
        "translate": "entity.alexsmobs.crocodile"
      }
    ]
  },
  "display": {
    "offset": {
      "z": -1.5
    },
    "scale": 0.2
  },
  "entity": {
    "type": "alexsmobs:crocodile"
  },
  "colors": {
    "base": "#606060",
    "accent": "#676D4C"
  },
  "effects": {
    "sound": {
      "soundEvent": "alexsmobs:crocodile_idle"
    },
    "rewards": {
      "lootTable": "trofers:trophies/alexsmobs/crocodile",
      "cooldown": 9600
    }
  }
}