{
  "conditions": [
    {
      "modid": "alexsmobs",
      "type": "forge:mod_loaded"
    }
  ],
  "name": {
    "color": "#BB4A4A",
    "translate": "trophy.trofers.composed",
    "with": [
      {
        "translate": "entity.alexsmobs.dropbear"
      }
    ]
  },
  "display": {
    "scale": 0.35
  },
  "entity": {
    "type": "alexsmobs:dropbear"
  },
  "colors": {
    "base": "#606060",
    "accent": "#BB4A4A"
  },
  "effects": {
    "sound": {
      "soundEvent": "alexsmobs:dropbear_idle"
    },
    "rewards": {
      "lootTable": "trofers:trophies/alexsmobs/dropbear",
      "cooldown": 9600
    }
  }
}