{
  "conditions": [
    {
      "modid": "alexsmobs",
      "type": "forge:mod_loaded"
    }
  ],
  "name": {
    "color": "#665B58",
    "translate": "trophy.trofers.composed",
    "with": [
      {
        "translate": "entity.alexsmobs.elephant"
      }
    ]
  },
  "display": {
    "scale": 0.2
  },
  "entity": {
    "type": "alexsmobs:elephant",
    "nbt": "{Carpet:-1,Chested:0b,Tusked:0b}"
  },
  "colors": {
    "base": "#665B58",
    "accent": "#F7F1DF"
  },
  "effects": {
    "sound": {
      "soundEvent": "alexsmobs:elephant_idle"
    },
    "rewards": {
      "lootTable": "trofers:trophies/alexsmobs/elephant",
      "cooldown": 9600
    }
  }
}