{
  "conditions": [
    {
      "modid": "alexsmobs",
      "type": "forge:mod_loaded"
    }
  ],
  "name": {
    "color": "#3C3947",
    "translate": "trophy.trofers.composed",
    "with": [
      {
        "translate": "entity.alexsmobs.enderiophage"
      }
    ]
  },
  "display": {
    "scale": 0.35
  },
  "entity": {
    "type": "alexsmobs:enderiophage",
    "nbt": "{Variant:2}"
  },
  "colors": {
    "base": "#606060",
    "accent": "#3C3947"
  },
  "effects": {
    "sound": {
      "soundEvent": "alexsmobs:enderiophage_squish"
    },
    "rewards": {
      "lootTable": "trofers:trophies/alexsmobs/enderiophage",
      "cooldown": 9600
    }
  }
}