{
  "conditions": [
    {
      "modid": "alexsmobs",
      "type": "forge:mod_loaded"
    }
  ],
  "name": {
    "color": "#7FBBE8",
    "translate": "trophy.trofers.composed",
    "with": [
      {
        "translate": "entity.alexsmobs.endergrade"
      }
    ]
  },
  "display": {
    "scale": 0.35
  },
  "entity": {
    "type": "alexsmobs:endergrade"
  },
  "colors": {
    "base": "#606060",
    "accent": "#7FBBE8"
  },
  "effects": {
    "sound": {
      "soundEvent": "alexsmobs:endergrade_idle"
    },
    "rewards": {
      "lootTable": "trofers:trophies/alexsmobs/endergrade",
      "cooldown": 9600
    }
  }
}