{
  "conditions": [
    {
      "modid": "alexsmobs",
      "type": "forge:mod_loaded"
    }
  ],
  "name": {
    "color": "#C19288",
    "translate": "trophy.trofers.composed",
    "with": [
      {
        "translate": "entity.alexsmobs.fly"
      }
    ]
  },
  "display": {
    "scale": 0.5
  },
  "entity": {
    "type": "alexsmobs:fly",
    "animated": true
  },
  "colors": {
    "base": "#606060",
    "accent": "#C19288"
  },
  "effects": {
    "sound": {
      "soundEvent": "alexsmobs:fly_idle"
    },
    "rewards": {
      "lootTable": "trofers:trophies/alexsmobs/fly",
      "cooldown": 9600
    }
  }
}