{
  "conditions": [
    {
      "modid": "alexsmobs",
      "type": "forge:mod_loaded"
    }
  ],
  "name": {
    "color": "#77A7E6",
    "translate": "trophy.trofers.composed",
    "with": [
      {
        "translate": "entity.alexsmobs.flying_fish"
      }
    ]
  },
  "display": {
    "scale": 0.5
  },
  "entity": {
    "type": "alexsmobs:flying_fish",
    "nbt": "{Variant:0}"
  },
  "colors": {
    "base": "#505499",
    "accent": "#77A7E6"
  },
  "effects": {
    "sound": {
      "soundEvent": "minecraft:entity.cod.flop"
    },
    "rewards": {
      "lootTable": "alexsmobs:entities/flying_fish",
      "cooldown": 9600
    }
  }
}