{
  "conditions": [
    {
      "modid": "alexsmobs",
      "type": "forge:mod_loaded"
    }
  ],
  "name": {
    "color": "#675C60",
    "translate": "trophy.trofers.composed",
    "with": [
      {
        "translate": "entity.alexsmobs.frilled_shark"
      }
    ]
  },
  "display": {
    "scale": 0.35
  },
  "entity": {
    "type": "alexsmobs:frilled_shark",
    "nbt": "{Depressurized:1b}"
  },
  "colors": {
    "base": "#606060",
    "accent": "#675C60"
  },
  "effects": {
    "sound": {
      "soundEvent": "minecraft:entity.cod.flop"
    },
    "rewards": {
      "lootTable": "trofers:trophies/alexsmobs/frilled_shark",
      "cooldown": 9600
    }
  }
}