{
  "conditions": [
    {
      "modid": "alexsmobs",
      "type": "forge:mod_loaded"
    }
  ],
  "name": {
    "color": "#9FC1FC",
    "translate": "trophy.trofers.composed",
    "with": [
      {
        "translate": "entity.alexsmobs.froststalker"
      }
    ]
  },
  "display": {
    "scale": 0.35
  },
  "entity": {
    "type": "alexsmobs:froststalker",
    "nbt": "{Spiked:1b}"
  },
  "colors": {
    "base": "#606060",
    "accent": "#9FC1FC"
  },
  "effects": {
    "sound": {
      "soundEvent": "alexsmobs:froststalker_idle"
    },
    "rewards": {
      "lootTable": "trofers:trophies/alexsmobs/froststalker",
      "cooldown": 9600
    }
  }
}