{
  "conditions": [
    {
      "modid": "alexsmobs",
      "type": "forge:mod_loaded"
    }
  ],
  "name": {
    "color": "#E4B57E",
    "translate": "trophy.trofers.composed",
    "with": [
      {
        "translate": "entity.alexsmobs.gazelle"
      }
    ]
  },
  "display": {
    "scale": 0.45
  },
  "entity": {
    "type": "alexsmobs:gazelle"
  },
  "colors": {
    "base": "#606060",
    "accent": "#E4B57E"
  },
  "effects": {
    "sound": {
      "soundEvent": "alexsmobs:gazelle_hurt"
    },
    "rewards": {
      "lootTable": "trofers:trophies/alexsmobs/gazelle",
      "cooldown": 9600
    }
  }
}