{
  "conditions": [
    {
      "modid": "alexsmobs",
      "type": "forge:mod_loaded"
    }
  ],
  "name": {
    "color": "#AE8A63",
    "translate": "trophy.trofers.composed",
    "with": [
      {
        "translate": "entity.alexsmobs.gelada_monkey"
      }
    ]
  },
  "display": {
    "scale": 0.35
  },
  "entity": {
    "type": "alexsmobs:gelada_monkey",
    "nbt": "{MonkeySitting:1b}"
  },
  "colors": {
    "base": "#606060",
    "accent": "#AE8A63"
  },
  "effects": {
    "sound": {
      "soundEvent": "alexsmobs:gelada_monkey_idle"
    },
    "rewards": {
      "lootTable": "trofers:trophies/alexsmobs/gelada_monkey",
      "cooldown": 9600
    }
  }
}