{
  "conditions": [
    {
      "modid": "alexsmobs",
      "type": "forge:mod_loaded"
    }
  ],
  "name": {
    "color": "#825E3E",
    "translate": "trophy.trofers.composed",
    "with": [
      {
        "translate": "entity.alexsmobs.grizzly_bear"
      }
    ]
  },
  "display": {
    "scale": 0.35
  },
  "entity": {
    "type": "alexsmobs:grizzly_bear",
    "nbt": "{Honeyed:1b,SnowPerm:1b,Snowy:1b}"
  },
  "colors": {
    "base": "#606060",
    "accent": "#825E3E"
  },
  "effects": {
    "sound": {
      "soundEvent": "alexsmobs:grizzly_bear_idle"
    },
    "rewards": {
      "lootTable": "trofers:trophies/alexsmobs/grizzly_bear",
      "cooldown": 9600
    }
  }
}