{
  "conditions": [
    {
      "modid": "alexsmobs",
      "type": "forge:mod_loaded"
    }
  ],
  "name": {
    "color": "#F8E0A8",
    "translate": "trophy.trofers.composed",
    "with": [
      {
        "translate": "entity.alexsmobs.guster"
      }
    ]
  },
  "display": {
    "scale": 0.35
  },
  "entity": {
    "type": "alexsmobs:guster",
    "nbt": "{Variant:0,CustomName:'{\"text\":\"Tweester\"}'}",
    "animated": true
  },
  "colors": {
    "base": "#606060",
    "accent": "#F8E0A8"
  },
  "effects": {
    "sound": {
      "soundEvent": "alexsmobs:guster_idle"
    },
    "rewards": {
      "lootTable": "alexsmobs:entities/guster",
      "cooldown": 9600
    }
  }
}