{
  "conditions": [
    {
      "modid": "alexsmobs",
      "type": "forge:mod_loaded"
    }
  ],
  "name": {
    "color": "#352922",
    "translate": "trophy.trofers.composed",
    "with": [
      {
        "translate": "entity.alexsmobs.guster"
      }
    ]
  },
  "display": {
    "scale": 0.35
  },
  "entity": {
    "type": "alexsmobs:guster",
    "nbt": "{Variant:2}",
    "animated": true
  },
  "colors": {
    "base": "#606060",
    "accent": "#352922"
  },
  "effects": {
    "sound": {
      "soundEvent": "alexsmobs:guster_idle"
    },
    "rewards": {
      "lootTable": "alexsmobs:entities/guster_soul",
      "cooldown": 9600
    }
  }
}