{
  "conditions": [
    {
      "modid": "alexsmobs",
      "type": "forge:mod_loaded"
    }
  ],
  "name": {
    "color": "#898E9D",
    "translate": "trophy.trofers.composed",
    "with": [
      {
        "translate": "entity.alexsmobs.hammerhead_shark"
      }
    ]
  },
  "display": {
    "offset": {
      "y": 0.5
    },
    "scale": 0.3
  },
  "entity": {
    "type": "alexsmobs:hammerhead_shark"
  },
  "colors": {
    "base": "#606060",
    "accent": "#898E9D"
  },
  "effects": {
    "sound": {
      "soundEvent": "minecraft:entity.cod.flop"
    },
    "rewards": {
      "lootTable": "trofers:trophies/alexsmobs/hammerhead_shark",
      "cooldown": 9600
    }
  }
}