{
  "conditions": [
    {
      "modid": "alexsmobs",
      "type": "forge:mod_loaded"
    }
  ],
  "name": {
    "color": "#5FA265",
    "translate": "trophy.trofers.composed",
    "with": [
      {
        "translate": "entity.alexsmobs.hummingbird"
      }
    ]
  },
  "display": {
    "scale": 0.5
  },
  "entity": {
    "type": "alexsmobs:hummingbird",
    "nbt": "{Variant:2}"
  },
  "colors": {
    "base": "#D6D6D6",
    "accent": "#5FA265"
  },
  "effects": {
    "sound": {
      "soundEvent": "alexsmobs:hummingbird_idle"
    },
    "rewards": {
      "lootTable": "trofers:trophies/alexsmobs/hummingbird",
      "cooldown": 9600
    }
  }
}