{
  "conditions": [
    {
      "modid": "alexsmobs",
      "type": "forge:mod_loaded"
    }
  ],
  "name": {
    "color": "#3B2754",
    "translate": "trophy.trofers.composed",
    "with": [
      {
        "translate": "entity.alexsmobs.laviathan"
      }
    ]
  },
  "display": {
    "offset": {
      "z": 1.0
    },
    "scale": 0.15
  },
  "entity": {
    "type": "alexsmobs:laviathan",
    "nbt": "{Obsidian:1b}"
  },
  "colors": {
    "base": "#421717",
    "accent": "#3B2754"
  },
  "effects": {
    "sound": {
      "soundEvent": "alexsmobs:laviathan_idle"
    },
    "rewards": {
      "lootTable": "trofers:trophies/alexsmobs/laviathan",
      "cooldown": 9600
    }
  }
}