{
  "conditions": [
    {
      "modid": "alexsmobs",
      "type": "forge:mod_loaded"
    }
  ],
  "name": {
    "color": "#A4582F",
    "translate": "trophy.trofers.composed",
    "with": [
      {
        "translate": "entity.alexsmobs.leafcutter_ant"
      }
    ]
  },
  "display": {
    "scale": 0.5
  },
  "entity": {
    "type": "alexsmobs:leafcutter_ant",
    "nbt": "{Leaf:1b}"
  },
  "colors": {
    "base": "#606060",
    "accent": "#A4582F"
  },
  "effects": {
    "sound": {
      "soundEvent": "alexsmobs:leafcutter_ant_hurt"
    },
    "rewards": {
      "lootTable": "trofers:trophies/alexsmobs/leafcutter_ant",
      "cooldown": 9600
    }
  }
}