{
  "conditions": [
    {
      "modid": "alexsmobs",
      "type": "forge:mod_loaded"
    }
  ],
  "name": {
    "color": "#E77644",
    "translate": "trophy.trofers.composed",
    "with": [
      {
        "translate": "entity.alexsmobs.lobster"
      }
    ]
  },
  "display": {
    "scale": 0.5
  },
  "entity": {
    "type": "alexsmobs:lobster",
    "nbt": "{Variant:3}"
  },
  "colors": {
    "base": "#788DF2",
    "accent": "#E77644"
  },
  "effects": {
    "sound": {
      "soundEvent": "alexsmobs:lobster_hurt"
    },
    "rewards": {
      "lootTable": "trofers:trophies/alexsmobs/lobster",
      "cooldown": 9600
    }
  }
}