{
  "conditions": [
    {
      "modid": "alexsmobs",
      "type": "forge:mod_loaded"
    }
  ],
  "name": {
    "color": "#5B195E",
    "translate": "trophy.trofers.composed",
    "with": [
      {
        "translate": "entity.alexsmobs.maned_wolf"
      }
    ]
  },
  "display": {
    "scale": 0.35
  },
  "entity": {
    "type": "alexsmobs:maned_wolf",
    "nbt": "{CustomName:'{\"text\":\"Ender\"}'}"
  },
  "colors": {
    "base": "#250E36",
    "accent": "#5B195E"
  },
  "effects": {
    "sound": {
      "soundEvent": "alexsmobs:maned_wolf_idle"
    },
    "rewards": {
      "lootTable": "trofers:trophies/alexsmobs/maned_wolf",
      "cooldown": 9600
    }
  }
}