{
  "conditions": [
    {
      "modid": "alexsmobs",
      "type": "forge:mod_loaded"
    }
  ],
  "name": {
    "color": "#FF3553",
    "translate": "trophy.trofers.composed",
    "with": [
      {
        "translate": "entity.alexsmobs.mantis_shrimp"
      }
    ]
  },
  "display": {
    "scale": 0.35
  },
  "entity": {
    "type": "alexsmobs:mantis_shrimp",
    "nbt": "{Variant:1}"
  },
  "colors": {
    "base": "#730B33",
    "accent": "#FF3553"
  },
  "effects": {
    "sound": {
      "soundEvent": "alexsmobs:mantis_shrimp_snap"
    },
    "rewards": {
      "lootTable": "trofers:trophies/alexsmobs/mantis_shrimp",
      "cooldown": 9600
    }
  }
}