{
  "conditions": [
    {
      "modid": "alexsmobs",
      "type": "forge:mod_loaded"
    }
  ],
  "name": {
    "color": "#5E4F6F",
    "translate": "trophy.trofers.composed",
    "with": [
      {
        "translate": "entity.alexsmobs.mimicube"
      }
    ]
  },
  "display": {
    "scale": 0.5
  },
  "entity": {
    "type": "alexsmobs:mimicube",
    "animated": true
  },
  "colors": {
    "base": "#393251",
    "accent": "#5E4F6F"
  },
  "effects": {
    "sound": {
      "soundEvent": "alexsmobs:mimicube_jump"
    },
    "rewards": {
      "lootTable": "trofers:trophies/alexsmobs/mimicube",
      "cooldown": 9600
    }
  }
}