{
  "conditions": [
    {
      "modid": "alexsmobs",
      "type": "forge:mod_loaded"
    }
  ],
  "name": {
    "color": "#FCEDE2",
    "translate": "trophy.trofers.composed",
    "with": [
      {
        "translate": "entity.alexsmobs.mimic_octopus"
      }
    ]
  },
  "display": {
    "scale": 0.35
  },
  "entity": {
    "type": "alexsmobs:mimic_octopus",
    "nbt": "{MimicState:1,StopMimicCooldown:1000,CamoCooldown:1000}"
  },
  "colors": {
    "base": "#373539",
    "accent": "#FCEDE2"
  },
  "effects": {
    "sound": {
      "soundEvent": "alexsmobs:mimic_octopus_idle"
    },
    "rewards": {
      "lootTable": "trofers:trophies/alexsmobs/mimic_octopus",
      "cooldown": 9600
    }
  }
}