{
  "conditions": [
    {
      "modid": "alexsmobs",
      "type": "forge:mod_loaded"
    }
  ],
  "name": {
    "color": "#6B362C",
    "translate": "trophy.trofers.composed",
    "with": [
      {
        "translate": "entity.alexsmobs.platypus"
      }
    ]
  },
  "display": {
    "scale": 0.35
  },
  "entity": {
    "type": "alexsmobs:platypus",
    "nbt": "{Fedora:0b}"
  },
  "colors": {
    "base": "#363B43",
    "accent": "#6B362C"
  },
  "effects": {
    "sound": {
      "soundEvent": "alexsmobs:platypus_idle"
    },
    "rewards": {
      "lootTable": "trofers:trophies/alexsmobs/platypus",
      "cooldown": 9600
    }
  }
}