{
  "conditions": [
    {
      "modid": "alexsmobs",
      "type": "forge:mod_loaded"
    }
  ],
  "name": {
    "color": "#53ADB0",
    "translate": "trophy.trofers.composed",
    "with": [
      {
        "translate": "entity.alexsmobs.roadrunner"
      }
    ]
  },
  "display": {
    "scale": 0.35
  },
  "entity": {
    "type": "alexsmobs:roadrunner"
  },
  "colors": {
    "base": "#332C21",
    "accent": "#53ADB0"
  },
  "effects": {
    "sound": {
      "soundEvent": "alexsmobs:roadrunner_idle"
    },
    "rewards": {
      "lootTable": "trofers:trophies/alexsmobs/roadrunner",
      "cooldown": 9600
    }
  }
}