{
  "conditions": [
    {
      "modid": "alexsmobs",
      "type": "forge:mod_loaded"
    }
  ],
  "name": {
    "color": "#AEA58F",
    "translate": "trophy.trofers.composed",
    "with": [
      {
        "translate": "entity.alexsmobs.rocky_roller"
      }
    ]
  },
  "display": {
    "scale": 0.35
  },
  "entity": {
    "type": "alexsmobs:rocky_roller"
  },
  "colors": {
    "base": "#606060",
    "accent": "#AEA58F"
  },
  "effects": {
    "sound": {
      "soundEvent": "alexsmobs:rocky_roller_idle"
    },
    "rewards": {
      "lootTable": "trofers:trophies/alexsmobs/rocky_roller",
      "cooldown": 9600
    }
  }
}