{
  "conditions": [
    {
      "modid": "alexsmobs",
      "type": "forge:mod_loaded"
    }
  ],
  "name": {
    "color": "#57531D",
    "translate": "trophy.trofers.composed",
    "with": [
      {
        "translate": "entity.alexsmobs.sea_bear"
      }
    ]
  },
  "display": {
    "scale": 0.35
  },
  "entity": {
    "type": "alexsmobs:sea_bear"
  },
  "colors": {
    "base": "#57531D",
    "accent": "#7C563C"
  },
  "effects": {
    "sound": {
      "soundEvent": "alexsmobs:grizzly_bear_idle"
    },
    "rewards": {
      "lootTable": "alexsmobs:entities/sea_bear",
      "cooldown": 9600
    }
  }
}