{
  "conditions": [
    {
      "modid": "alexsmobs",
      "type": "forge:mod_loaded"
    }
  ],
  "name": {
    "color": "#EED3AA",
    "translate": "trophy.trofers.composed",
    "with": [
      {
        "translate": "entity.alexsmobs.shoebill"
      }
    ]
  },
  "display": {
    "scale": 0.35
  },
  "entity": {
    "type": "alexsmobs:shoebill"
  },
  "colors": {
    "base": "#434B49",
    "accent": "#EED3AA"
  },
  "effects": {
    "sound": {
      "soundEvent": "alexsmobs:shoebill_hurt"
    },
    "rewards": {
      "lootTable": "trofers:trophies/alexsmobs/shoebill",
      "cooldown": 9600
    }
  }
}