{
  "conditions": [
    {
      "modid": "alexsmobs",
      "type": "forge:mod_loaded"
    }
  ],
  "name": {
    "color": "#665A3D",
    "translate": "trophy.trofers.composed",
    "with": [
      {
        "translate": "entity.alexsmobs.skelewag"
      }
    ]
  },
  "display": {
    "scale": 0.35
  },
  "entity": {
    "type": "alexsmobs:skelewag",
    "nbt": "{Variant:1}"
  },
  "colors": {
    "base": "#9EA871",
    "accent": "#665A3D"
  },
  "effects": {
    "sound": {
      "soundEvent": "alexsmobs:skelewag"
    },
    "rewards": {
      "lootTable": "alexsmobs:entities/skelewag",
      "cooldown": 9600
    }
  }
}