{
  "conditions": [
    {
      "modid": "alexsmobs",
      "type": "forge:mod_loaded"
    }
  ],
  "name": {
    "color": "#948A80",
    "translate": "trophy.trofers.composed",
    "with": [
      {
        "translate": "entity.alexsmobs.snow_leopard"
      }
    ]
  },
  "display": {
    "scale": 0.35
  },
  "entity": {
    "type": "alexsmobs:snow_leopard"
  },
  "colors": {
    "base": "#606060",
    "accent": "#948A80"
  },
  "effects": {
    "sound": {
      "soundEvent": "alexsmobs:snow_leopard_idle"
    },
    "rewards": {
      "lootTable": "trofers:trophies/alexsmobs/snow_leopard",
      "cooldown": 9600
    }
  }
}