{
  "conditions": [
    {
      "modid": "alexsmobs",
      "type": "forge:mod_loaded"
    }
  ],
  "name": {
    "color": "#5D5EB1",
    "translate": "trophy.trofers.composed",
    "with": [
      {
        "translate": "entity.alexsmobs.spectre"
      }
    ]
  },
  "display": {
    "offset": {
      "z": -1.5
    },
    "scale": 0.25
  },
  "entity": {
    "type": "alexsmobs:spectre",
    "animated": true
  },
  "colors": {
    "base": "#3B4559",
    "accent": "#5D5EB1"
  },
  "effects": {
    "sound": {
      "soundEvent": "alexsmobs:spectre_idle"
    },
    "rewards": {
      "lootTable": "trofers:trophies/alexsmobs/spectre",
      "cooldown": 9600
    }
  }
}