{
  "conditions": [
    {
      "modid": "alexsmobs",
      "type": "forge:mod_loaded"
    }
  ],
  "name": {
    "color": "#98C4D4",
    "translate": "trophy.trofers.composed",
    "with": [
      {
        "translate": "entity.alexsmobs.straddler"
      }
    ]
  },
  "display": {
    "scale": 0.25
  },
  "entity": {
    "type": "alexsmobs:straddler"
  },
  "colors": {
    "base": "#596980",
    "accent": "#98C4D4"
  },
  "effects": {
    "sound": {
      "soundEvent": "alexsmobs:straddler_idle"
    },
    "rewards": {
      "lootTable": "trofers:trophies/alexsmobs/straddler",
      "cooldown": 9600
    }
  }
}