{
  "conditions": [
    {
      "modid": "alexsmobs",
      "type": "forge:mod_loaded"
    }
  ],
  "name": {
    "color": "#FFF2D6",
    "translate": "trophy.trofers.composed",
    "with": [
      {
        "translate": "entity.alexsmobs.stradpole"
      }
    ]
  },
  "display": {
    "scale": 0.35
  },
  "entity": {
    "type": "alexsmobs:stradpole"
  },
  "colors": {
    "base": "#596980",
    "accent": "#FFF2D6"
  },
  "effects": {
    "sound": {
      "soundEvent": "alexsmobs:straddler_idle"
    },
    "rewards": {
      "lootTable": "trofers:trophies/alexsmobs/stradpole",
      "cooldown": 9600
    }
  }
}