{
  "conditions": [
    {
      "modid": "alexsmobs",
      "type": "forge:mod_loaded"
    }
  ],
  "name": {
    "color": "#F78F65",
    "translate": "trophy.trofers.composed",
    "with": [
      {
        "translate": "entity.alexsmobs.sunbird"
      }
    ]
  },
  "display": {
    "offset": {
      "y": 2.0
    },
    "scale": 0.2
  },
  "entity": {
    "type": "alexsmobs:sunbird",
    "animated": true
  },
  "colors": {
    "base": "#FAEB98",
    "accent": "#F78F65"
  },
  "effects": {
    "sound": {
      "soundEvent": "alexsmobs:sunbird_idle"
    },
    "rewards": {
      "statusEffect": {
        "effect": "alexsmobs:sunbird_curse",
        "duration": 200
      }
    }
  }
}