{
  "conditions": [
    {
      "modid": "alexsmobs",
      "type": "forge:mod_loaded"
    }
  ],
  "name": {
    "color": "#CF5227",
    "translate": "trophy.trofers.composed",
    "with": [
      {
        "translate": "entity.alexsmobs.tarantula_hawk"
      }
    ]
  },
  "display": {
    "scale": 0.25
  },
  "entity": {
    "type": "alexsmobs:tarantula_hawk",
    "nbt": "{Nether:0b}"
  },
  "colors": {
    "base": "#172C51",
    "accent": "#CF5227"
  },
  "effects": {
    "sound": {
      "soundEvent": "alexsmobs:tarantula_hawk_wing"
    },
    "rewards": {
      "lootTable": "trofers:trophies/alexsmobs/tarantula_hawk",
      "cooldown": 9600
    }
  }
}