{
  "conditions": [
    {
      "modid": "alexsmobs",
      "type": "forge:mod_loaded"
    }
  ],
  "name": {
    "color": "#5D4C3A",
    "translate": "trophy.trofers.composed",
    "with": [
      {
        "translate": "entity.alexsmobs.terrapin"
      }
    ]
  },
  "display": {
    "scale": 0.35
  },
  "entity": {
    "type": "alexsmobs:terrapin",
    "nbt": "{TurtleType:2}"
  },
  "colors": {
    "base": "#5D4C3A",
    "accent": "#5B503F"
  },
  "effects": {
    "sound": {
      "soundEvent": "alexsmobs:terrapin_hurt"
    },
    "rewards": {
      "lootTable": "trofers:trophies/alexsmobs/terrapin",
      "cooldown": 9600
    }
  }
}