{
  "conditions": [
    {
      "modid": "alexsmobs",
      "type": "forge:mod_loaded"
    }
  ],
  "name": {
    "color": "#C7612E",
    "translate": "trophy.trofers.composed",
    "with": [
      {
        "translate": "entity.alexsmobs.tiger"
      }
    ]
  },
  "display": {
    "scale": 0.25
  },
  "entity": {
    "type": "alexsmobs:tiger",
    "nbt": "{White:0b}"
  },
  "colors": {
    "base": "#606060",
    "accent": "#C7612E"
  },
  "effects": {
    "sound": {
      "soundEvent": "alexsmobs:tiger_idle"
    },
    "rewards": {
      "statusEffect": {
        "effect": "alexsmobs:tigers_blessing",
        "duration": 2400
      },
      "cooldown": 4800
    }
  }
}