{
  "conditions": [
    {
      "modid": "alexsmobs",
      "type": "forge:mod_loaded"
    }
  ],
  "name": {
    "color": "#FFFB7A",
    "translate": "trophy.trofers.composed",
    "with": [
      {
        "translate": "entity.alexsmobs.toucan"
      }
    ]
  },
  "display": {
    "scale": 0.35
  },
  "entity": {
    "type": "alexsmobs:toucan",
    "nbt": "{Variant:2}"
  },
  "colors": {
    "base": "#1A292E",
    "accent": "#FFFB7A"
  },
  "effects": {
    "sound": {
      "soundEvent": "alexsmobs:toucan_idle"
    },
    "rewards": {
      "lootTable": "trofers:trophies/alexsmobs/toucan",
      "cooldown": 9600
    }
  }
}