{
  "conditions": [
    {
      "modid": "alexsmobs",
      "type": "forge:mod_loaded"
    }
  ],
  "name": {
    "color": "#1B6820",
    "translate": "trophy.trofers.composed",
    "with": [
      {
        "translate": "entity.alexsmobs.warped_toad"
      }
    ]
  },
  "display": {
    "scale": 0.35
  },
  "entity": {
    "type": "alexsmobs:warped_toad",
    "nbt": "{CustomName:'{\"text\":\"Pepe\"}'}"
  },
  "colors": {
    "base": "#1B6820",
    "accent": "#2F2F3C"
  },
  "effects": {
    "sound": {
      "soundEvent": "alexsmobs:warped_toad_idle"
    },
    "rewards": {
      "lootTable": "trofers:trophies/alexsmobs/warped_toad",
      "cooldown": 9600
    }
  }
}