{
  "conditions": [
    {
      "modid": "alexsmobs",
      "type": "forge:mod_loaded"
    }
  ],
  "name": {
    "color": "#3BFFD0",
    "translate": "trophy.trofers.composed",
    "with": [
      {
        "translate": "entity.alexsmobs.warped_mosco"
      }
    ]
  },
  "display": {
    "scale": 0.25
  },
  "entity": {
    "type": "alexsmobs:warped_mosco"
  },
  "colors": {
    "base": "#452D5C",
    "accent": "#3BFFD0"
  },
  "effects": {
    "sound": {
      "soundEvent": "alexsmobs:warped_mosco_idle"
    },
    "rewards": {
      "lootTable": "trofers:trophies/alexsmobs/warped_mosco",
      "cooldown": 9600
    }
  }
}