{
  "conditions": [
    {
      "modid": "alexsmobs",
      "type": "forge:mod_loaded"
    }
  ],
  "name": {
    "color": "#FFC67F",
    "translate": "trophy.trofers.composed",
    "with": [
      {
        "translate": "entity.alexsmobs.warped_toad"
      }
    ]
  },
  "display": {
    "scale": 0.35
  },
  "entity": {
    "type": "alexsmobs:warped_toad"
  },
  "colors": {
    "base": "#10587C",
    "accent": "#FFC67F"
  },
  "effects": {
    "sound": {
      "soundEvent": "alexsmobs:warped_toad_idle"
    },
    "rewards": {
      "lootTable": "trofers:trophies/alexsmobs/warped_toad",
      "cooldown": 9600
    }
  }
}