{
  "type": "botanypots:crop",
  "seed": {
    "item": "minecraft:bamboo"
  },
  "categories":["dirt"],
  "growthTicks": 3,
  "growthModifier": 1.2,
  "display": {
    "block": "minecraft:bamboo",
    "properties": {
      "age": 1,
	  "leaves": "large",
	  "stage": 0
    }
  },
  "results": [
    {
      "chance": 0.75,
      "output": {
        "item": "minecraft:bamboo"
      },
      "minRolls": 1,
      "maxRolls": 1
    },
    {
      "chance": 0.05,
      "output": {
        "item": "minecraft:bamboo"
      },
      "minRolls": 1,
      "maxRolls": 2
    }
  ]
}