{
  "type": "botanypots:crop",
  "seed": {
    "item": "minecraft:dead_bush"
  },
  "categories":["dirt"],
  "growthTicks": 3,
  "growthModifier": 1.2,
  "display": {
    "block": "minecraft:dead_bush"
  },
  "results": [
    {
      "chance": 0.75,
      "output": {
        "item": "minecraft:stick"
      },
      "minRolls": 1,
      "maxRolls": 1
    },
    {
      "chance": 0.05,
      "output": {
        "item": "minecraft:stick"
      },
      "minRolls": 1,
      "maxRolls": 2
    },
    {
      "chance": 0.05,
      "output": {
        "item": "minecraft:dead_bush"
      },
      "minRolls": 1,
      "maxRolls": 2
    }
  ]
}