{
  "only_if_loaded": "super_block_world",
  "item_stack": "super_block_world:yoshi_fruit",
  "block_shapes": [
    { "function": "fruit", "parameters": { "radius": 1, "height": 1, "stem_length": 0, "fraction": 16 } },
    { "function": "fruit", "parameters": { "radius": 1, "height": 2, "stem_length": 0, "fraction": 16 } },
    { "function": "fruit", "parameters": { "radius": 2, "height": 4, "stem_length": 0, "fraction": 16 } },
    { "function": "fruit", "parameters": { "radius": 3, "height": 6, "stem_length": 1, "fraction": 16 } }
  ]
}