{
  "multitexture": {
    "base_map": {
      "0": "minecraft:white_concrete",
	  "1": "minecraft:orange_concrete",
	  "2": "minecraft:magenta_concrete",
	  "3": "minecraft:light_blue_concrete",
	  "4": "minecraft:yellow_concrete",
	  "5": "minecraft:lime_concrete",
	  "6": "minecraft:pink_concrete",
	  "7": "minecraft:gray_concrete",
	  "8": "minecraft:light_gray_concrete",
	  "9": "minecraft:cyan_concrete",
	  "10": "minecraft:purple_concrete",
	  "11": "minecraft:blue_concrete",
	  "12": "minecraft:brown_concrete",
	  "13": "minecraft:green_concrete",
	  "14": "minecraft:red_concrete",
	  "15": "minecraft:black_concrete"
    }
  },
  "layers": [
    {
	  "texture": "#golems:layer/vines",
	  "color": 8626266
	},
    {
	  "texture": "#golems:layer/eyes/eyes"
	}
  ]
}