{
  "multitexture": {
    "base_map": {
      "0": "minecraft:tube_coral_block",
      "1": "minecraft:brain_coral_block",
      "2": "minecraft:bubble_coral_block",
      "3": "minecraft:fire_coral_block",
      "4": "minecraft:horn_coral_block",
      "5": "minecraft:dead_tube_coral_block",
      "6": "minecraft:dead_brain_coral_block",
      "7": "minecraft:dead_bubble_coral_block",
      "8": "minecraft:dead_fire_coral_block",
      "9": "minecraft:dead_horn_coral_block"
    }
  },
  "layers": [
    {
	  "texture": "#golems:layer/vines",
	  "color": 2070638
	},
    {
	  "texture": "#golems:layer/eyes/eyes"
	}
  ]
}