{
  "multitexture": {
    "base_map": {
	  "0": "minecraft:terracotta",
      "1": "minecraft:white_terracotta",
	  "2": "minecraft:orange_terracotta",
	  "3": "minecraft:magenta_terracotta",
	  "4": "minecraft:light_blue_terracotta",
	  "5": "minecraft:yellow_terracotta",
	  "6": "minecraft:lime_terracotta",
	  "7": "minecraft:pink_terracotta",
	  "8": "minecraft:gray_terracotta",
	  "9": "minecraft:light_gray_terracotta",
	  "10": "minecraft:cyan_terracotta",
	  "11": "minecraft:purple_terracotta",
	  "12": "minecraft:blue_terracotta",
	  "13": "minecraft:brown_terracotta",
	  "14": "minecraft:green_terracotta",
	  "15": "minecraft:red_terracotta",
	  "16": "minecraft:black_terracotta"
    }
  },
  "layers": [
    {
	  "texture": "#golems:layer/vines",
	  "color": 8626266
	},
    {
	  "texture": "#golems:layer/eyes/eyes"
	}
  ]
}