{
  "conditions": [
    {
      "modid": "blue_skies",
      "type": "forge:mod_loaded"
    }
  ],
  "name": {
    "color": "#482C46",
    "translate": "trophy.trofers.composed",
    "with": [
      {
        "translate": "entity.blue_skies.arachnarch"
      }
    ]
  },
  "display": {
    "scale": 0.15
  },
  "entity": {
    "type": "blue_skies:arachnarch"
  },
  "colors": {
    "base": "#606060",
    "accent": "#482C46"
  },
  "effects": {
    "sound": {
      "soundEvent": "blue_skies:entity.arachnarch.idle"
    },
    "rewards": {
      "lootTable": "trofers:trophies/spider",
      "cooldown": 9600
    }
  }
}