{
  "conditions": [
    {
      "modid": "blue_skies",
      "type": "forge:mod_loaded"
    }
  ],
  "name": {
    "color": "#648391",
    "translate": "trophy.trofers.composed",
    "with": [
      {
        "translate": "entity.blue_skies.azulfo"
      }
    ]
  },
  "display": {
    "scale": 0.25
  },
  "entity": {
    "type": "blue_skies:azulfo"
  },
  "colors": {
    "base": "#2B3A47",
    "accent": "#648391"
  },
  "effects": {
    "sound": {
      "soundEvent": "blue_skies:entity.azulfo.idle"
    },
    "rewards": {
      "lootTable": "blue_skies:entities/azulfo",
      "cooldown": 9600
    }
  }
}