{
  "conditions": [
    {
      "modid": "blue_skies",
      "type": "forge:mod_loaded"
    }
  ],
  "name": {
    "color": "#9E57ED",
    "translate": "trophy.trofers.composed",
    "with": [
      {
        "translate": "entity.blue_skies.cosmic_fox"
      }
    ]
  },
  "display": {
    "offset": {
      "z": 1.2
    },
    "scale": 0.5
  },
  "entity": {
    "type": "blue_skies:cosmic_fox",
    "nbt": "{Sitting:1b}"
  },
  "colors": {
    "base": "#606060",
    "accent": "#9E57ED"
  },
  "effects": {
    "sound": {
      "soundEvent": "minecraft:entity.fox.ambient"
    },
    "rewards": {
      "lootTable": "blue_skies:entities/cosmic_fox",
      "cooldown": 9600
    }
  }
}