{
  "conditions": [
    {
      "modid": "blue_skies",
      "type": "forge:mod_loaded"
    }
  ],
  "name": {
    "color": "#AFC9F6",
    "translate": "trophy.trofers.composed",
    "with": [
      {
        "translate": "entity.blue_skies.crynocerous"
      }
    ]
  },
  "display": {
    "scale": 0.35
  },
  "entity": {
    "type": "blue_skies:crynocerous",
	"nbt": "{IceType: 1}"
  },
  "colors": {
    "base": "#819FDF",
    "accent": "#AFC9F6"
  },
  "effects": {
    "sound": {
      "soundEvent": "blue_skies:entity.crynocerous.idle"
    },
    "rewards": {
      "lootTable": "blue_skies:entities/crynocerous_packed",
      "cooldown": 9600
    }
  }
}