{
  "conditions": [
    {
      "modid": "blue_skies",
      "type": "forge:mod_loaded"
    }
  ],
  "name": {
    "color": "#B74126",
    "translate": "trophy.trofers.composed",
    "with": [
      {
        "translate": "entity.blue_skies.firefly"
      }
    ]
  },
  "display": {
    "scale": 0.5
  },
  "entity": {
    "type": "blue_skies:firefly",
    "animated": true
  },
  "colors": {
    "base": "#271409",
    "accent": "#B74126"
  },
  "effects": {
    "sound": {
      "soundEvent": "blue_skies:entity.firefly.death"
    },
    "rewards": {
      "lootTable": "blue_skies:entities/firefly",
      "cooldown": 9600
    }
  }
}