{
  "conditions": [
    {
      "modid": "blue_skies",
      "type": "forge:mod_loaded"
    }
  ],
  "name": {
    "color": "#478088",
    "translate": "trophy.trofers.composed",
    "with": [
      {
        "translate": "entity.blue_skies.frost_spirit"
      }
    ]
  },
  "display": {
    "scale": 0.5
  },
  "entity": {
    "type": "blue_skies:frost_spirit",
    "animated": true
  },
  "colors": {
    "base": "#2A3B53",
    "accent": "#478088"
  },
  "effects": {
    "sound": {
      "soundEvent": "blue_skies:entity.frost_spirit.free"
    },
    "rewards": {
      "lootTable": "blue_skies:entities/frost_spirit",
      "cooldown": 9600
    }
  }
}