{
  "conditions": [
    {
      "modid": "blue_skies",
      "type": "forge:mod_loaded"
    }
  ],
  "name": {
    "color": "#FFFFFF",
    "translate": "trophy.trofers.composed",
    "with": [
      {
        "translate": "entity.blue_skies.jelly_drifter"
      }
    ]
  },
  "display": {
    "scale": 0.5
  },
  "entity": {
    "type": "blue_skies:jelly_drifter",
	"nbt": "{Color: 0b}"
  },
  "colors": {
    "base": "#606060",
    "accent": "#FFFFFF"
  },
  "effects": {
    "sound": {
      "soundEvent": "blue_skies:entity.jelly_drifter.idle"
    },
    "rewards": {
      "lootTable": "trofers:trophies/slime",
      "cooldown": 9600
    }
  }
}