{
  "conditions": [
    {
      "modid": "blue_skies",
      "type": "forge:mod_loaded"
    }
  ],
  "name": {
    "color": "#C4B8D8",
    "translate": "trophy.trofers.composed",
    "with": [
      {
        "translate": "entity.blue_skies.reindeer"
      }
    ]
  },
  "display": {
    "scale": 0.35
  },
  "entity": {
    "type": "blue_skies:reindeer"
  },
  "colors": {
    "base": "#5E63C3",
    "accent": "#C4B8D8"
  },
  "effects": {
    "sound": {
      "soundEvent": "blue_skies:entity.reindeer.idle"
    },
    "rewards": {
      "lootTable": "blue_skies:entities/reindeer",
      "cooldown": 9600
    }
  }
}