{
  "conditions": [
    {
      "modid": "blue_skies",
      "type": "forge:mod_loaded"
    }
  ],
  "name": {
    "color": "#429DC4",
    "translate": "trophy.trofers.composed",
    "with": [
      {
        "translate": "entity.blue_skies.shrumpty"
      }
    ]
  },
  "display": {
    "scale": 0.35
  },
  "entity": {
    "type": "blue_skies:shrumpty"
  },
  "colors": {
    "base": "#429DC4",
    "accent": "#DDD5CC"
  },
  "effects": {
    "sound": {
      "soundEvent": "blue_skies:entity.shrumpty.idle"
    },
    "rewards": {
      "lootTable": "blue_skies:entities/shrumpty",
      "cooldown": 9600
    }
  }
}