{
  "conditions": [
    {
      "modid": "blue_skies",
      "type": "forge:mod_loaded"
    }
  ],
  "name": {
    "color": "#E83C92",
    "translate": "trophy.trofers.composed",
    "with": [
      {
        "translate": "entity.blue_skies.spewter"
      }
    ]
  },
  "display": {
    "scale": 0.35
  },
  "entity": {
    "type": "blue_skies:spewter"
  },
  "colors": {
    "base": "#753FFF",
    "accent": "#E83C92"
  },
  "effects": {
    "sound": {
      "soundEvent": "blue_skies:entity.spewter.spit"
    },
    "rewards": {
      "lootTable": "blue_skies:entities/spewter",
      "cooldown": 9600
    }
  }
}