{
  "name": {
    "color": "#67209E",
    "translate": "trophy.trofers.composed",
    "with": [
      {
        "translate": "entity.blue_skies.stardust_ram"
      }
    ]
  },
  "display": {
    "scale": 0.35
  },
  "entity": {
    "type": "blue_skies:stardust_ram",
    "nbt": "{Color: 10b}"
  },
  "colors": {
    "base": "#606060",
    "accent": "#67209E"
  },
  "effects": {
    "sound": {
      "soundEvent": "blue_skies:entity.stardust_ram.idle"
    },
    "rewards": {
      "lootTable": "blue_skies:entities/stardust_ram/purple",
      "cooldown": 9600
    }
  }
}