{
  "conditions": [
    {
      "modid": "blue_skies",
      "type": "forge:mod_loaded"
    }
  ],
  "name": {
    "color": "#2C4835",
    "translate": "trophy.trofers.composed",
    "with": [
      {
        "translate": "entity.blue_skies.venom_spider"
      }
    ]
  },
  "display": {
    "scale": 0.25
  },
  "entity": {
    "type": "blue_skies:venom_spider"
  },
  "colors": {
    "base": "#12150D",
    "accent": "#2C4835"
  },
  "effects": {
    "sound": {
      "soundEvent": "blue_skies:entity.venom_spider.idle"
    },
    "rewards": {
      "lootTable": "blue_skies:entities/venom_spider",
      "cooldown": 9600
    }
  }
}