{
  "conditions": [
    {
      "modid": "savageandravage",
      "type": "forge:mod_loaded"
    }
  ],
  "name": {
    "color": "#9BAF71",
    "translate": "trophy.trofers.composed",
    "with": [
      {
        "translate": "entity.savageandravage.griefer"
      }
    ]
  },
  "display": {
    "scale": 0.35
  },
  "entity": {
    "type": "savageandravage:griefer",
    "nbt": "{HandItems: [{id: \"savageandravage:creeper_spores\", Count: 1b}, {}]}"
  },
  "colors": {
    "base": "#606060",
    "accent": "#9BAF71"
  },
  "effects": {
    "sound": {
      "soundEvent": "minecraft:entity.vindicator.ambient"
    },
    "rewards": {
      "lootTable": "savageandravage:entities/griefer",
      "cooldown": 9600
    }
  }
}