{
  "name": {
    "color": "#937155",
    "translate": "trophy.trofers.composed",
    "with": [
      {
        "translate": "entity.minecraft.cat"
      }
    ]
  },
  "display": {
    "scale": 0.5
  },
  "entity": {
    "type": "minecraft:cat",
    "nbt": "{Sitting:1b,CatType:0}"
  },
  "colors": {
    "base": "#606060",
    "accent": "#937155"
  },
  "effects": {
    "sound": {
      "soundEvent": "minecraft:entity.cat.ambient"
    },
    "rewards": {
      "lootTable": "minecraft:gameplay/cat_morning_gift",
      "cooldown": 9600
    }
  }
}