{
  "name": {
    "color": "#FFFFFF",
    "translate": "trophy.trofers.composed",
    "with": [
      {
        "translate": "entity.minecraft.chicken"
      }
    ]
  },
  "display": {
    "scale": 0.5
  },
  "entity": {
    "type": "minecraft:chicken",
	"nbt": "{UUID: [I; -1423310110, 126698096, -1531558694, 548145180]}"
  },
  "colors": {
    "base": "#606060",
    "accent": "#FFFFFF"
  },
  "effects": {
    "sound": {
      "soundEvent": "minecraft:entity.chicken.ambient"
    },
    "rewards": {
      "lootTable": "minecraft:entities/chicken",
      "cooldown": 9600,
      "statusEffect": {
        "effect": "minecraft:slow_falling",
        "duration": 800
      }
    }
  }
}