{
  "name": {
    "color": "#817164",
    "translate": "trophy.trofers.composed",
    "with": [
      {
        "translate": "entity.minecraft.donkey"
      }
    ]
  },
  "display": {
    "scale": 0.35
  },
  "entity": {
    "type": "minecraft:donkey"
  },
  "colors": {
    "base": "#606060",
    "accent": "#817164"
  },
  "effects": {
    "sound": {
      "soundEvent": "minecraft:entity.donkey.ambient"
    },
    "rewards": {
      "lootTable": "trofers:trophies/donkey",
      "cooldown": 9600
    }
  }
}