{
  "name": {
    "color": "#A14FB6",
    "translate": "trophy.trofers.composed",
    "with": [
      {
        "translate": "entity.minecraft.enderman"
      }
    ]
  },
  "display": {
    "scale": 0.35
  },
  "entity": {
    "type": "minecraft:enderman",
    "nbt": "{carriedBlockState:{Name:\"minecraft:tnt\"}}"
  },
  "colors": {
    "base": "#606060",
    "accent": "#A14FB6"
  },
  "effects": {
    "sound": {
      "soundEvent": "minecraft:entity.enderman.ambient"
    },
    "rewards": {
      "lootTable": "trofers:trophies/enderman",
      "cooldown": 9600
    }
  }
}