{
  "name": {
    "color": "#644B84",
    "translate": "trophy.trofers.composed",
    "with": [
      {
        "translate": "entity.minecraft.endermite"
      }
    ]
  },
  "display": {
    "scale": 0.5
  },
  "entity": {
    "type": "minecraft:endermite"
  },
  "colors": {
    "base": "#606060",
    "accent": "#644B84"
  },
  "effects": {
    "sound": {
      "soundEvent": "minecraft:entity.endermite.ambient"
    },
    "rewards": {
      "lootTable": "trofers:trophies/endermite",
      "cooldown": 9600
    }
  }
}