{
  "name": {
    "color": "#F0F0F0",
    "translate": "trophy.trofers.composed",
    "with": [
      {
        "translate": "entity.minecraft.ghast"
      }
    ]
  },
  "display": {
    "offset": {
      "y": 5.0
    },
    "scale": 0.1
  },
  "entity": {
    "type": "minecraft:ghast",
    "animated": true
  },
  "colors": {
    "base": "#606060",
    "accent": "#F0F0F0"
  },
  "effects": {
    "sound": {
      "soundEvent": "minecraft:entity.ghast.ambient"
    },
    "rewards": {
      "lootTable": "trofers:trophies/ghast",
      "cooldown": 9600
    }
  }
}