{
  "name": {
    "color": "#70955C",
    "translate": "trophy.trofers.composed",
    "with": [
      {
        "translate": "entity.minecraft.giant"
      }
    ]
  },
  "display": {
    "scale": 0.1
  },
  "entity": {
    "type": "minecraft:giant"
  },
  "colors": {
    "base": "#606060",
    "accent": "#70955C"
  },
  "effects": {
    "sound": {
      "soundEvent": "minecraft:entity.zombie.ambient"
    },
    "rewards": {
      "lootTable": "minecraft:entities/zombie",
      "cooldown": 9600
    }
  }
}