{
  "name": {
    "color": "#C2AB8E",
    "translate": "trophy.trofers.composed",
    "with": [
      {
        "translate": "entity.minecraft.goat"
      }
    ]
  },
  "display": {
    "scale": 0.35
  },
  "entity": {
    "type": "minecraft:goat"
  },
  "colors": {
    "base": "#606060",
    "accent": "#C2AB8E"
  },
  "effects": {
    "sound": {
      "soundEvent": "minecraft:entity.goat.ambient"
    },
    "rewards": {
      "lootTable": "trofers:trophies/goat",
      "cooldown": 9600
    }
  }
}