{
  "name": {
    "color": "#C7AB6F",
    "translate": "trophy.trofers.composed",
    "with": [
      {
        "translate": "entity.minecraft.husk"
      }
    ]
  },
  "display": {
    "scale": 0.35
  },
  "entity": {
    "type": "minecraft:husk"
  },
  "colors": {
    "base": "#606060",
    "accent": "#C7AB6F"
  },
  "effects": {
    "sound": {
      "soundEvent": "minecraft:entity.husk.ambient"
    },
    "rewards": {
      "lootTable": "trofers:trophies/husk",
      "cooldown": 9600
    }
  }
}