{
  "name": {
    "color": "#C5C6BD",
    "translate": "trophy.trofers.composed",
    "with": [
      {
        "translate": "entity.minecraft.llama"
      }
    ]
  },
  "display": {
    "scale": 0.35
  },
  "entity": {
    "type": "minecraft:llama",
    "nbt": "{Variant: 3, UUID: [I; 1655247663, -590525898, -2092121435, 1345986402]}"
  },
  "colors": {
    "base": "#606060",
    "accent": "#C5C6BD"
  },
  "effects": {
    "sound": {
      "soundEvent": "minecraft:entity.llama.ambient"
    },
    "rewards": {
      "lootTable": "minecraft:entities/llama",
      "cooldown": 9600
    }
  }
}