{
  "name": {
    "color": "#0090BF",
    "translate": "trophy.trofers.composed",
    "with": [
      {
        "translate": "entity.minecraft.panda"
      }
    ]
  },
  "display": {
    "scale": 0.35
  },
  "entity": {
    "type": "minecraft:panda",
    "nbt": "{MainGene:\"worried\"}"
  },
  "colors": {
    "base": "#606060",
    "accent": "#E7E7E7"
  },
  "effects": {
    "sound": {
      "soundEvent": "minecraft:entity.panda.ambient"
    },
    "rewards": {
      "lootTable": "minecraft:entities/panda",
      "cooldown": 9600
    }
  }
}