{
  "name": {
    "color": "#929C9C",
    "translate": "trophy.trofers.composed",
    "with": [
      {
        "translate": "entity.minecraft.pillager"
      }
    ]
  },
  "display": {
    "scale": 0.35
  },
  "entity": {
    "type": "minecraft:pillager",
    "nbt": "{HandItems:[{id:\"minecraft:crossbow\",Count:1b,tag:{Damage:0}},{}]}"
  },
  "colors": {
    "base": "#606060",
    "accent": "#929C9C"
  },
  "effects": {
    "sound": {
      "soundEvent": "minecraft:entity.pillager.ambient"
    },
    "rewards": {
      "lootTable": "trofers:trophies/pillager",
      "cooldown": 9600
    }
  }
}