{
  "name": {
    "color": "#91ACAB",
    "translate": "trophy.trofers.composed",
    "with": [
      {
        "translate": "entity.minecraft.ravager"
      }
    ]
  },
  "display": {
    "offset": {
      "z": -1.2
    },
    "scale": 0.25
  },
  "entity": {
    "type": "minecraft:ravager"
  },
  "colors": {
    "base": "#606060",
    "accent": "#91ACAB"
  },
  "effects": {
    "sound": {
      "soundEvent": "minecraft:entity.ravager.ambient"
    },
    "rewards": {
      "lootTable": "trofers:trophies/ravager",
      "cooldown": 24600
    }
  }
}