{
  "name": {
    "color": "#3E4DB2",
    "translate": "trophy.trofers.composed",
    "with": [
      {
        "translate": "entity.minecraft.sheep"
      }
    ]
  },
  "display": {
    "scale": 0.35
  },
  "entity": {
    "type": "minecraft:sheep",
    "nbt": "{Color: 11b}"
  },
  "colors": {
    "base": "#606060",
    "accent": "#3E4DB2"
  },
  "effects": {
    "sound": {
      "soundEvent": "minecraft:entity.sheep.ambient"
    },
    "rewards": {
      "lootTable": "minecraft:entities/sheep/blue",
      "cooldown": 9600
    }
  }
}