{
  "type": "bonsaitrees2:sapling",
  "sapling": {
    "item": "quark:glowshroom"
  },
  "drops": [
    {
      "result": {
        "item": "quark:glowshroom_stem"
      },
      "rolls": 1,
      "chance": 0.75
    },
    {
      "result": {
        "item": "quark:glowshroom_block"
      },
      "rolls": 1,
      "chance": 0.75
    },
    {
      "result": {
        "item": "quark:glowshroom"
      },
      "rolls": 1,
      "chance": 0.05
    }
  ],
  "compatibleSoilTags": [
    "grass",
    "dirt"
  ]
}