{
  "conditions":
  [
      {
          "type":"forge:mod_loaded",
          "modid":"xercamod"
      }
  ],
    
  "type": "botanypots:crop",
  "seed": {
    "item": "xercamod:item_tea_seeds"
  },
  "categories":["dirt"],
  "growthTicks": 3,
  "growthModifier": 1.2,
  "display": {
    "block": "xercamod:block_tea_plant",
    "properties": {
      "age": 3
    }
  },
  "results": [
    {
      "chance": 0.75,
      "output": {
        "item": "xercamod:item_tea_leaf"
      },
      "minRolls": 1,
      "maxRolls": 1
    },
    {
      "chance": 0.05,
      "output": {
        "item": "xercamod:item_tea_leaf"
      },
      "minRolls": 1,
      "maxRolls": 2
    },
    {
      "chance": 0.05,
      "output": {
        "item": "xercamod:item_tea_seeds"
      },
      "minRolls": 1,
      "maxRolls": 2
    }
  ]
}