{
  "conditions":
  [
      {
          "type":"forge:mod_loaded",
          "modid":"blue_skies"
      }
  ],
    
  "type": "botanypots:crop",
  "seed": {
    "item": "blue_skies:raspberry_bush"
  },
  "categories":["dirt"],
  "growthTicks": 3,
  "growthModifier": 1.2,
  "display": {
    "block": "blue_skies:raspberry_bush",
    "properties": {
      "mature": "true"
    }
  },
  "results": [
    {
      "chance": 0.75,
      "output": {
        "item": "blue_skies:raspberry"
      },
      "minRolls": 1,
      "maxRolls": 1
    },
    {
      "chance": 0.05,
      "output": {
        "item": "blue_skies:raspberry"
      },
      "minRolls": 1,
      "maxRolls": 2
    },
    {
      "chance": 0.05,
      "output": {
        "item": "blue_skies:raspberry_bush"
      },
      "minRolls": 1,
      "maxRolls": 2
    }
  ]
}