{
  "name": {
    "color": "#F6C230",
    "translate": "trophy.trofers.composed",
    "with": [
      {
        "translate": "entity.minecraft.axolotl"
      }
    ]
  },
  "display": {
    "scale": 0.5
  },
  "entity": {
    "type": "minecraft:axolotl",
    "nbt": "{Variant:2b}"
  },
  "colors": {
    "base": "#606060",
    "accent": "#F6C230"
  },
  "effects": {
    "sound": {
      "soundEvent": "minecraft:entity.axolotl.idle_air"
    },
    "rewards": {
      "lootTable": "trofers:trophies/axolotl",
      "cooldown": 19200
    }
  }
}