{
  "name": {
    "color": "#75653F",
    "translate": "trophy.trofers.composed",
    "with": [
      {
        "translate": "entity.minecraft.bat"
      }
    ]
  },
  "display": {
    "scale": 0.5
  },
  "entity": {
    "type": "minecraft:bat",
    "animated": true
  },
  "colors": {
    "base": "#606060",
    "accent": "#75653F"
  },
  "effects": {
    "sound": {
      "soundEvent": "minecraft:entity.bat.ambient"
    },
    "rewards": {
      "statusEffect": {
        "effect": "minecraft:night_vision",
        "duration": 800
      }
    }
  }
}