{
  "name": {
    "color": "#EDE746",
    "translate": "trophy.trofers.composed",
    "with": [
      {
        "translate": "entity.minecraft.blaze"
      }
    ]
  },
  "display": {
    "scale": 0.35
  },
  "entity": {
    "type": "minecraft:blaze",
    "animated": true
  },
  "colors": {
    "base": "#606060",
    "accent": "#EDE746"
  },
  "effects": {
    "sound": {
      "soundEvent": "minecraft:entity.blaze.ambient"
    },
    "rewards": {
      "lootTable": "trofers:trophies/blaze",
      "cooldown": 72000,
      "statusEffect": {
        "effect": "minecraft:fire_resistance",
        "duration": 800
      }
    }
  }
}