{
  "name": {
    "color": "#48B23A",
    "translate": "trophy.trofers.composed",
    "with": [
      {
        "translate": "entity.minecraft.creeper"
      }
    ]
  },
  "display": {
    "scale": 0.35
  },
  "entity": {
    "type": "minecraft:creeper"
  },
  "colors": {
    "base": "#606060",
    "accent": "#48B23A"
  },
  "effects": {
    "sound": {
      "soundEvent": "minecraft:entity.creeper.primed"
    },
    "rewards": {
      "lootTable": "trofers:trophies/creeper",
      "cooldown": 9600
    }
  }
}