{
  "name": {
    "color": "#A14FB6",
    "translate": "trophy.trofers.composed",
    "with": [
      {
        "translate": "entity.minecraft.ender_dragon"
      }
    ]
  },
  "display": {
    "scale": 0.15,
    "rotation": {
      "y": 180.0
    }
  },
  "entity": {
    "type": "minecraft:ender_dragon",
    "animated": true
  },
  "colors": {
    "base": "#606060",
    "accent": "#A14FB6"
  },
  "effects": {
    "sound": {
      "soundEvent": "minecraft:entity.ender_dragon.ambient"
    },
    "rewards": {
      "lootTable": "trofers:entities/ender_dragon",
      "cooldown": 2400000
    }
  }
}