{
  "name": {
    "color": "#32A1A1",
    "translate": "trophy.trofers.composed",
    "with": [
      {
        "translate": "entity.minecraft.glow_squid"
      }
    ]
  },
  "display": {
    "offset": {
      "y": 5.0
    },
    "scale": 0.35
  },
  "entity": {
    "type": "minecraft:glow_squid",
    "nbt": "{DarkTicksRemaining:1}"
  },
  "colors": {
    "base": "#606060",
    "accent": "#32A1A1"
  },
  "effects": {
    "sound": {
      "soundEvent": "minecraft:entity.glow_squid.ambient"
    },
    "rewards": {
      "statusEffect": {
        "effect": "minecraft:glowing",
        "duration": 200
      }
    }
  }
}