{
  "name": {
    "color": "#835623",
    "translate": "trophy.trofers.composed",
    "with": [
      {
        "translate": "entity.minecraft.horse"
      }
    ]
  },
  "display": {
    "scale": 0.3
  },
  "entity": {
    "type": "minecraft:horse",
    "nbt": "{Variant:769}"
  },
  "colors": {
    "base": "#606060",
    "accent": "#835623"
  },
  "effects": {
    "sound": {
      "soundEvent": "minecraft:entity.horse.ambient"
    },
    "rewards": {
      "lootTable": "trofers:trophies/horse",
      "cooldown": 9600
    }
  }
}