{
  "name": {
    "color": "#A41012",
    "translate": "trophy.trofers.composed",
    "with": [
      {
        "translate": "entity.minecraft.mooshroom"
      }
    ]
  },
  "display": {
    "scale": 0.35
  },
  "entity": {
    "type": "minecraft:mooshroom"
  },
  "colors": {
    "base": "#606060",
    "accent": "#A41012"
  },
  "effects": {
    "sound": {
      "soundEvent": "minecraft:entity.cow.ambient"
    },
    "rewards": {
      "lootTable": "trofers:trophies/mooshroom",
      "cooldown": 9600
    }
  }
}