{
  "name": {
    "color": "#FFD100",
    "translate": "trophy.trofers.composed",
    "with": [
      {
        "translate": "entity.minecraft.parrot"
      }
    ]
  },
  "display": {
    "scale": 0.5
  },
  "entity": {
    "type": "minecraft:parrot",
    "nbt": "{Variant:3, Sitting:1b}"
  },
  "colors": {
    "base": "#606060",
    "accent": "#FFD100"
  },
  "effects": {
    "sound": {
      "soundEvent": "minecraft:entity.parrot.ambient"
    },
    "rewards": {
      "lootTable": "minecraft:entities/parrot",
      "cooldown": 9600
    }
  }
}