{
  "name": {
    "color": "#89CB00",
    "translate": "trophy.trofers.composed",
    "with": [
      {
        "translate": "entity.minecraft.parrot"
      }
    ]
  },
  "display": {
    "scale": 0.5
  },
  "entity": {
    "type": "minecraft:parrot",
    "nbt": "{Variant:2, Sitting:1b}"
  },
  "colors": {
    "base": "#606060",
    "accent": "#89CB00"
  },
  "effects": {
    "sound": {
      "soundEvent": "minecraft:entity.parrot.ambient"
    },
    "rewards": {
      "lootTable": "minecraft:entities/parrot",
      "cooldown": 9600
    }
  }
}