{
  "name": {
    "color": "#EFB987",
    "translate": "trophy.trofers.composed",
    "with": [
      {
        "translate": "entity.minecraft.piglin"
      }
    ]
  },
  "display": {
    "scale": 0.35
  },
  "entity": {
    "type": "minecraft:piglin",
    "nbt": "{IsImmuneToZombification:1b}"
  },
  "colors": {
    "base": "#606060",
    "accent": "#EFB987"
  },
  "effects": {
    "sound": {
      "soundEvent": "minecraft:entity.piglin.ambient"
    },
    "rewards": {
      "lootTable": "minecraft:gameplay/piglin_bartering",
      "cooldown": 9600
    }
  }
}