{
  "name": {
    "color": "#E3970B",
    "translate": "trophy.trofers.composed",
    "with": [
      {
        "translate": "entity.minecraft.pufferfish"
      }
    ]
  },
  "display": {
    "offset": {
      "y": -1.5
    },
    "scale": 0.5
  },
  "entity": {
    "type": "minecraft:pufferfish",
    "nbt": "{PuffState:2}"
  },
  "colors": {
    "base": "#606060",
    "accent": "#E3970B"
  },
  "effects": {
    "sound": {
      "soundEvent": "minecraft:entity.puffer_fish.blow_up"
    },
    "rewards": {
      "lootTable": "trofers:trophies/pufferfish",
      "cooldown": 9600,
      "statusEffect": {
        "effect": "minecraft:water_breathing",
        "duration": 800
      }
    }
  }
}