{
  "name": {
    "color": "#778C99",
    "translate": "trophy.trofers.composed",
    "with": [
      {
        "translate": "entity.minecraft.silverfish"
      }
    ]
  },
  "display": {
    "scale": 0.5
  },
  "entity": {
    "type": "minecraft:silverfish"
  },
  "colors": {
    "base": "#606060",
    "accent": "#778C99"
  },
  "effects": {
    "sound": {
      "soundEvent": "minecraft:entity.silverfish.ambient"
    },
    "rewards": {
      "lootTable": "trofers:trophies/silverfish",
      "cooldown": 9600
    }
  }
}