{
  "name": {
    "color": "#BDBDBD",
    "translate": "trophy.trofers.composed",
    "with": [
      {
        "translate": "entity.minecraft.skeleton"
      }
    ]
  },
  "display": {
    "scale": 0.35
  },
  "entity": {
    "type": "minecraft:skeleton",
    "nbt": "{HandItems:[{id:\"minecraft:bow\",Count:1b,tag:{Damage:0}},{}]}"
  },
  "colors": {
    "base": "#606060",
    "accent": "#BDBDBD"
  },
  "effects": {
    "sound": {
      "soundEvent": "minecraft:entity.skeleton.ambient"
    },
    "rewards": {
      "lootTable": "trofers:trophies/skeleton",
      "cooldown": 9600
    }
  }
}