{
  "name": {
    "color": "#D0D0D2",
    "translate": "trophy.trofers.composed",
    "with": [
      {
        "translate": "entity.minecraft.skeleton_horse"
      }
    ]
  },
  "display": {
    "scale": 0.35
  },
  "entity": {
    "type": "minecraft:skeleton_horse"
  },
  "colors": {
    "base": "#606060",
    "accent": "#D0D0D2"
  },
  "effects": {
    "sound": {
      "soundEvent": "minecraft:entity.skeleton_horse.ambient"
    },
    "rewards": {
      "lootTable": "minecraft:entities/skeleton_horse",
      "cooldown": 9600
    }
  }
}