{
  "name": {
    "color": "#77C264",
    "translate": "trophy.trofers.composed",
    "with": [
      {
        "translate": "entity.minecraft.slime"
      }
    ]
  },
  "display": {
    "scale": 0.5
  },
  "entity": {
    "type": "minecraft:slime",
    "nbt": "{Size:1}",
    "animated": true
  },
  "colors": {
    "base": "#606060",
    "accent": "#77C264"
  },
  "effects": {
    "sound": {
      "soundEvent": "minecraft:entity.slime.squish"
    },
    "rewards": {
      "lootTable": "minecraft:entities/slime",
      "cooldown": 9600,
      "statusEffect": {
        "effect": "minecraft:jump_boost",
        "duration": 800,
        "amplifier": 2
      }
    }
  }
}