{
  "name": {
    "color": "#FFFFFF",
    "translate": "trophy.trofers.composed",
    "with": [
      {
        "translate": "entity.minecraft.snow_golem"
      }
    ]
  },
  "display": {
    "scale": 0.35
  },
  "entity": {
    "type": "minecraft:snow_golem"
  },
  "colors": {
    "base": "#606060",
    "accent": "#FFFFFF"
  },
  "effects": {
    "sound": {
      "soundEvent": "minecraft:block.snow.place"
    },
    "rewards": {
      "lootTable": "minecraft:entities/snow_golem",
      "cooldown": 9600
    }
  }
}