{
  "name": {
    "color": "#7A6755",
    "translate": "trophy.trofers.composed",
    "with": [
      {
        "translate": "entity.minecraft.spider"
      }
    ]
  },
  "display": {
    "scale": 0.25
  },
  "entity": {
    "type": "minecraft:spider"
  },
  "colors": {
    "base": "#606060",
    "accent": "#7A6755"
  },
  "effects": {
    "sound": {
      "soundEvent": "minecraft:entity.spider.ambient"
    },
    "rewards": {
      "lootTable": "trofers:trophies/spider",
      "cooldown": 9600
    }
  }
}