{
  "name": {
    "color": "#425F90",
    "translate": "trophy.trofers.composed",
    "with": [
      {
        "translate": "entity.minecraft.trader_llama"
      }
    ]
  },
  "display": {
    "scale": 0.35
  },
  "entity": {
    "type": "minecraft:trader_llama",
    "nbt": "{Variant:2}"
  },
  "colors": {
    "base": "#606060",
    "accent": "#425F90"
  },
  "effects": {
    "sound": {
      "soundEvent": "minecraft:entity.llama.ambient"
    },
    "rewards": {
      "lootTable": "trofers:trophies/trader_llama",
      "cooldown": 9600
    }
  }
}