{
  "name": {
    "color": "#3EA240",
    "translate": "trophy.trofers.composed",
    "with": [
      {
        "translate": "entity.minecraft.turtle"
      }
    ]
  },
  "display": {
    "scale": 0.35
  },
  "entity": {
    "type": "minecraft:turtle"
  },
  "colors": {
    "base": "#606060",
    "accent": "#3EA240"
  },
  "effects": {
    "sound": {
      "soundEvent": "minecraft:entity.turtle.ambient_land"
    },
    "rewards": {
      "statusEffect": {
        "effect": "minecraft:resistance",
        "duration": 2400,
        "amplifier": 3
      },
      "cooldown": 9600,
      "statusEffect": {
        "effect": "minecraft:water_breathing",
        "duration": 800
      }
    }
  }
}