{
  "name": {
    "color": "#89A0B6",
    "translate": "trophy.trofers.composed",
    "with": [
      {
        "translate": "entity.minecraft.vex"
      }
    ]
  },
  "display": {
    "scale": 0.5
  },
  "entity": {
    "type": "minecraft:vex",
    "animated": true
  },
  "colors": {
    "base": "#606060",
    "accent": "#89A0B6"
  },
  "effects": {
    "sound": {
      "soundEvent": "minecraft:entity.vex.ambient"
    },
    "rewards": {
      "lootTable": "trofers:trophies/vex",
      "cooldown": 288000
    }
  }
}