{
  "name": {
    "color": "#929C9C",
    "translate": "trophy.trofers.composed",
    "with": [
      {
        "translate": "entity.minecraft.vindicator"
      }
    ]
  },
  "display": {
    "scale": 0.35
  },
  "entity": {
    "type": "minecraft:vindicator"
  },
  "colors": {
    "base": "#606060",
    "accent": "#929C9C"
  },
  "effects": {
    "sound": {
      "soundEvent": "minecraft:entity.vindicator.ambient"
    },
    "rewards": {
      "lootTable": "trofers:trophies/vindicator",
      "cooldown": 24600
    }
  }
}