{
  "name": {
    "color": "#626565",
    "translate": "trophy.trofers.composed",
    "with": [
      {
        "translate": "entity.minecraft.wither_skeleton"
      }
    ]
  },
  "display": {
    "scale": 0.35
  },
  "entity": {
    "type": "minecraft:wither_skeleton",
    "nbt": "{HandItems:[{id:\"minecraft:stone_sword\",Count:1b,tag:{Damage:0}},{}]}"
  },
  "colors": {
    "base": "#606060",
    "accent": "#626565"
  },
  "effects": {
    "sound": {
      "soundEvent": "minecraft:entity.wither_skeleton.ambient"
    },
    "rewards": {
      "statusEffect": {
        "effect": "minecraft:wither",
        "duration": 400
      },
      "lootTable": "minecraft:entities/wither_skeleton",
      "cooldown": 2400000
    }
  }
}