{
  "name": {
    "color": "#FFFFFF",
    "translate": "trophy.trofers.composed",
    "with": [
      {
        "translate": "entity.minecraft.wither"
      }
    ]
  },
  "display": {
    "scale": 0.35
  },
  "entity": {
    "type": "minecraft:wither",
    "animated": true
  },
  "colors": {
    "base": "#606060",
    "accent": "#FFFFFF"
  },
  "effects": {
    "sound": {
      "soundEvent": "minecraft:entity.wither.ambient"
    },
    "rewards": {
      "statusEffect": {
        "effect": "minecraft:wither",
        "duration": 400,
        "amplifier": 1
      },
      "lootTable": "trofers:trophies/wither_skeleton",
      "cooldown": 2400000
    }
  }
}