{
  "name": {
    "color": "#DCDADB",
    "translate": "trophy.trofers.composed",
    "with": [
      {
        "translate": "entity.minecraft.wolf"
      }
    ]
  },
  "display": {
    "scale": 0.5
  },
  "entity": {
    "type": "minecraft:wolf",
    "nbt": "{Owner:[I;0,0,0,0],Sitting:1b}"
  },
  "colors": {
    "base": "#606060",
    "accent": "#DCDADB"
  },
  "effects": {
    "sound": {
      "soundEvent": "minecraft:entity.wolf.ambient"
    },
    "rewards": {
      "lootTable": "trofers:trophies/wolf",
      "cooldown": 9600
    }
  }
}