{
  "name": {
    "color": "#70955C",
    "translate": "trophy.trofers.composed",
    "with": [
      {
        "translate": "entity.minecraft.zombie"
      }
    ]
  },
  "display": {
    "scale": 0.35
  },
  "entity": {
    "type": "minecraft:zombie"
  },
  "colors": {
    "base": "#606060",
    "accent": "#70955C"
  },
  "effects": {
    "sound": {
      "soundEvent": "minecraft:entity.zombie.ambient"
    },
    "rewards": {
      "lootTable": "trofers:trophies/zombie",
      "cooldown": 9600
    }
  }
}