{
  "name": {
    "color": "#76A045",
    "translate": "trophy.trofers.composed",
    "with": [
      {
        "translate": "entity.minecraft.zombie_villager"
      }
    ]
  },
  "display": {
    "scale": 0.35
  },
  "entity": {
    "type": "minecraft:zombie_villager",
    "nbt": "{VillagerData:{profession:\"minecraft:weaponsmith\",level:5,type:\"minecraft:desert\"}}"
  },
  "colors": {
    "base": "#606060",
    "accent": "#76A045"
  },
  "effects": {
    "sound": {
      "soundEvent": "minecraft:entity.zombie_villager.ambient"
    },
    "rewards": {
      "lootTable": "trofers:trophies/zombie_villager",
      "cooldown": 9600
    }
  }
}