{
  "name": {
    "color": "#E59796",
    "translate": "trophy.trofers.composed",
    "with": [
      {
        "translate": "entity.minecraft.zombified_piglin"
      }
    ]
  },
  "display": {
    "scale": 0.35
  },
  "entity": {
    "type": "minecraft:zombified_piglin",
    "nbt": "{HandItems:[{id:\"minecraft:golden_sword\",Count:1b,tag:{Damage:0}},{}]}"
  },
  "colors": {
    "base": "#606060",
    "accent": "#E59796"
  },
  "effects": {
    "sound": {
      "soundEvent": "minecraft:entity.zombified_piglin.ambient"
    },
    "rewards": {
      "lootTable": "trofers:trophies/zombified_piglin",
      "cooldown": 9600
    }
  }
}