{
  "type": "minecraft:chest",
  "pools": [
    {
      "rolls": 1,
      "entries": [
        {
          "type": "minecraft:item",
          "name": "minecraft:barrier",
          "functions": [
            {
              "function": "minecraft:copy_nbt",
              "source": "this",
              "ops": [
                {
                  "source": "UUID",
                  "target": "tag.customtag",
                  "op": "replace"
                }
              ]
            }
          ]
        }
      ]
    }
  ]
}