{
  "pools":[
  	//
  	{
      "name":"pokecube_legends:village/ocean/town_centers",
      "options":[
        "pokecube_legends:village/ocean/town_centers/center_1"
      ]
    },
    {
      "name":"pokecube_legends:village/ocean/terminators",
      "rigid":false,
      "options":[
        "pokecube_legends:village/ocean/terminators/terminator_01"
      ]
    },
    {
      "name":"pokecube_legends:village/ocean/streets",
      "target":"pokecube_legends:village/ocean/terminators",
      "rigid":false,
      "options":[
        "pokecube_legends:village/ocean/streets/road_01;{\"weight\":8}",
        "pokecube_legends:village/ocean/streets/road_plus_01;{\"weight\":1}",
        "pokecube_legends:village/ocean/streets/road_t_01;{\"weight\":3}"
      ]
    },
    {
      "name":"pokecube_legends:village/ocean/pokecenter/path",
      "rigid":false,
      "options":[
        "pokecube_legends:village/ocean/pokecenter/path"
      ]
    },
    {
      "name":"pokecube_legends:village/ocean/gym/path",
      "rigid":false,
      "options":[
        "pokecube_legends:village/ocean/gym/path"
      ]
    },
    {
      "name":"pokecube_legends:village/ocean/houses",
      "target":"pokecube_legends:village/ocean/terminators",
      "ignoreAir":false,
      "options":[
        "empty;{\"weight\":3}",
        "pokecube_legends:village/ocean/houses/house_1;{\"weight\":8}",
        "pokecube_legends:village/ocean/houses/house_2;{\"weight\":8}",
        "pokecube_legends:village/ocean/houses/house_3;{\"weight\":8}",
        "pokecube_legends:village/ocean/pokecenter/center_01;{\"flag\":\"pokecenter\"}",
        "pokecube_legends:village/ocean/houses/aether_base;{\"flag\":\"gym\"}",
        "pokecube_legends:village/ocean/houses/aether_base1;{\"flag\":\"gym\"}"
      ]
    },
    
    //
    {
      "name":"pokecube_legends:temples/surface_base",
      "rigid":false,
      "options":[
        "pokecube_legends:temples/surface/base"
      ]
    },
    {
      "name":"pokecube_legends:temples/underwater_base",
      "rigid":false,
      "options":[
        "pokecube_legends:temples/underwater/base"
      ]
    },
    {
      "name":"pokecube_legends:temples/underground_base",
      "rigid":false,
      "options":[
        "pokecube_legends:temples/underground/base"
      ]
    },
  
    {
      "name":"pokecube_legends:team_rocket",
      "rigid":true,
      "ignoreAir":false,
      "options":[
        "pokecube_legends:temples/surface/rocket_top_1;{\"dy\":9,\"extra\":{\"markers_to_air\":true}}",
        "pokecube_legends:temples/surface/rocket_top_2;{\"dy\":9,\"extra\":{\"markers_to_air\":true}}",
        "pokecube_legends:temples/surface/rocket_top_3;{\"dy\":9,\"extra\":{\"markers_to_air\":true}}",
        "pokecube_legends:temples/surface/rocket_top_4;{\"dy\":9,\"extra\":{\"markers_to_air\":true}}"
      ]
    },
    {
      "name":"pokecube_legends:temples/surface/rocket_top",
      "rigid":true,
      "ignoreAir":false,
      "options":[
        "pokecube_legends:temples/surface/team_rocket;{\"dy\":9,\"extra\":{\"markers_to_air\":true}}"
      ]
    },
	
    {
      "name":"pokecube_legends:distortic",
      "rigid":true,
      "ignoreAir":true,
      "options":[
      	"pokecube_legends:islands/dist_tree;{\"weight\":10}",
        "pokecube_legends:islands/mirror_1;{\"weight\":20}",
        "pokecube_legends:islands/mirror_2;{\"weight\":30}",
        "pokecube_legends:islands/mirror_3;{\"weight\":36}"
      ]
    },
    {
      "name":"pokecube_legends:islands",
      "rigid":true,
      "ignoreAir":true,
      "options":[
      	"pokecube_legends:islands/island_1;{\"weight\":30}",
        "pokecube_legends:islands/island_2;{\"weight\":45}",
        "pokecube_legends:islands/island_3;{\"weight\":50}",
        "pokecube_legends:islands/island_4;{\"weight\":70}"
      ]
    },
    {
      "name":"pokecube_legends:meteor_overworld",
      "rigid":false,
      "ignoreAir":true,
      "options":[
      	"pokecube_legends:meteorites/meteor_small;{\"weight\":30}",
      	"pokecube_legends:meteorites/meteor_small_1;{\"weight\":60}",
        "pokecube_legends:meteorites/meteor_medium;{\"weight\":80}",
        "pokecube_legends:meteorites/meteor_medium_1;{\"weight\":100}",
        "pokecube_legends:meteorites/meteor_large;{\"weight\":120}",
        "pokecube_legends:meteorites/meteor_large_1;{\"weight\":140}"
      ]
    },
    {
      "name":"pokecube_legends:mirage/base",
      "rigid":false,
      "options":[
        "pokecube_legends:mirage/base"
      ]
    },
    {
      "name":"pokecube_legends:mirage",
      "rigid":true,
      "options":[
        "pokecube_legends:mirage/miragespot"
      ]
    },
    {
      "name":"pokecube_legends:raid_end",
      "rigid":true,
      "ignoreAir":false,
      "options":[
        "pokecube_legends:temples/surface/raid_end"
      ]
    },
    {
      "name":"pokecube_legends:raid_spot",
      "rigid":true,
      "ignoreAir":false,
      "options":[
        "pokecube_legends:temples/surface/raid_spot"
      ]
    },
    {
      "name":"pokecube_legends:raid_desert",
      "rigid":true,
      "ignoreAir":false,
      "options":[
        "pokecube_legends:temples/surface/raid_desert"
      ]
    },
    {
      "name":"pokecube_legends:castle_n",
      "rigid":true,
      "ignoreAir":false,
      "options":[
        "pokecube_legends:temples/surface/castle_n"
      ]
    },
    {
      "name":"pokecube_legends:elite_four",
      "rigid":true,
      "ignoreAir":false,
      "options":[
        "pokecube_legends:temples/surface/elite_four"
      ]
    },
    {
      "name":"pokecube_legends:nature_place",
      "rigid":true,
      "ignoreAir":false,
      "options":[
        "pokecube_legends:temples/surface/nature_place"
      ]
    },
    {
      "name":"pokecube_legends:lugia_tower",
      "rigid":true,
      "ignoreAir":false,
      "options":[
        "pokecube_legends:temples/surface/lugia_tower"
      ]
    },
    {
      "name":"pokecube_legends:legendy_tree",
      "rigid":true,
      "ignoreAir":false,
      "options":[
        "pokecube_legends:temples/surface/legendy_tree"
      ]
    },
    {
      "name":"pokecube_legends:yveltal_place",
      "rigid":true,
      "ignoreAir":false,
      "options":[
        "pokecube_legends:temples/surface/yveltal_place"
      ]
    },
    {
      "name":"pokecube_legends:keldeo_place",
      "rigid":true,
      "ignoreAir":false,
      "options":[
        "pokecube_legends:temples/surface/keldeo_place"
      ]
    },
    {
      "name":"pokecube_legends:sky_pillar",
      "rigid":true,
      "ignoreAir":false,
      "options":[
        "pokecube_legends:temples/surface/sky_pillar"
      ]
    },
    {
      "name":"pokecube_legends:xerneas_place",
      "rigid":true,
      "ignoreAir":false,
      "options":[
        "pokecube_legends:temples/surface/xerneas_place"
      ]
    },
    {
      "name":"pokecube_legends:regigigas_temple",
      "rigid":true,
      "ignoreAir":false,
      "options":[
        "pokecube_legends:temples/surface/regigigas_temple"
      ]
    },
    {
      "name":"pokecube_legends:regice_temple",
      "rigid":true,
      "ignoreAir":false,
      "options":[
        "pokecube_legends:temples/surface/regice_temple"
      ]
    },
    {
      "name":"pokecube_legends:regieleki_temple",
      "rigid":true,
      "ignoreAir":false,
      "options":[
        "pokecube_legends:temples/surface/regieleki_temple"
      ]
    },
    {
      "name":"pokecube_legends:regidrago_temple",
      "rigid":true,
      "ignoreAir":true,
      "options":[
        "pokecube_legends:temples/surface/regidrago_temple"
      ]
    },
    {
      "name":"pokecube_legends:regirock_temple",
      "rigid":true,
      "ignoreAir":false,
      "options":[
        "pokecube_legends:temples/surface/regirock_temple"
      ]
    },
    {
      "name":"pokecube_legends:registeel_temple",
      "rigid":true,
      "ignoreAir":false,
      "options":[
        "pokecube_legends:temples/surface/registeel_temple"
      ]
    },
	{
      "name":"pokecube_legends:kubfu_water",
      "rigid":true,
      "ignoreAir":false,
      "options":[
        "pokecube_legends:temples/surface/kubfu_water"
      ]
    },
    {
      "name":"pokecube_legends:kubfu_dark",
      "rigid":true,
      "ignoreAir":false,
      "options":[
        "pokecube_legends:temples/surface/kubfu_dark"
      ]
    },
    {
      "name":"pokecube_legends:hooh_tower",
      "rigid":true,
      "ignoreAir":false,
      "options":[
        "pokecube_legends:temples/surface/hooh_tower"
      ]
    },
    {
      "name":"pokecube_legends:zamazenta_temple",
      "rigid":true,
      "ignoreAir":false,
      "options":[
        "pokecube_legends:temples/surface/zamazenta_temple"
      ]
    },
    {
      "name":"pokecube_legends:zacian_temple",
      "rigid":true,
      "ignoreAir":false,
      "options":[
        "pokecube_legends:temples/surface/zacian_temple"
      ]
    },
    {
      "name":"pokecube_legends:space_temple",
      "rigid":true,
      "ignoreAir":false,
      "options":[
        "pokecube_legends:temples/surface/space_temple"
      ]
    },
    {
      "name":"pokecube_legends:celebi_temple",
      "rigid":true,
      "ignoreAir":false,
      "options":[
        "pokecube_legends:temples/surface/celebi_temple"
      ]
    },
    {
      "name":"pokecube_legends:groudon_temple",
      "rigid":true,
      "ignoreAir":false,
      "options":[
        "pokecube_legends:temples/underground/groudon_temple;{\"dy\":-1}"
      ]
    },
    {
      "name":"pokecube_legends:kyogre_temple",
      "rigid":true,
      "ignoreAir":false,
      "options":[
        "pokecube_legends:temples/underwater/kyogre_temple;{\"dy\":2,\"extra\":{\"markers_to_air\":true}}"
      ]
    },
    {
      "name":"pokecube_legends:ub001",
      "rigid":true,
      "ignoreAir":true,
      "options":[
      	"pokecube_legends:ultraspace/all_02;{\"weight\":20}",
      	"pokecube_legends:ultraspace/all_03;{\"weight\":20}",
        "pokecube_legends:ultraspace/ub01_1;{\"weight\":40}",
        "pokecube_legends:ultraspace/ub01_2;{\"weight\":40}",
        "pokecube_legends:ultraspace/ub01_3;{\"weight\":40}",
        "pokecube_legends:ultraspace/ub01_4;{\"weight\":50}",
        "pokecube_legends:ultraspace/ub01_max;{\"weight\":150}"
      ]
    },
    {
      "name":"pokecube_legends:ub002",
      "rigid":true,
      "ignoreAir":true,
      "options":[
      	"pokecube_legends:ultraspace/all_01;{\"weight\":15}",
      	"pokecube_legends:ultraspace/all_02;{\"weight\":15}",
        "pokecube_legends:ultraspace/ub02_1;{\"weight\":30}",
        "pokecube_legends:ultraspace/ub02_2;{\"weight\":30}"
      ]
    },
    {
      "name":"pokecube_legends:ub002_air",
      "rigid":true,
      "ignoreAir":true,
      "options":[
        "pokecube_legends:ultraspace/ub02_max;{\"weight\":45}"
      ]
    },
    {
      "name":"pokecube_legends:ub003",
      "rigid":true,
      "ignoreAir":true,
      "options":[
        "pokecube_legends:ultraspace/all_01;{\"weight\":20}",
      	"pokecube_legends:ultraspace/all_03;{\"weight\":20}",
        "pokecube_legends:ultraspace/ub03_1;{\"weight\":25}",
        "pokecube_legends:ultraspace/ub03_2;{\"weight\":40}",
        "pokecube_legends:ultraspace/ub03_max;{\"weight\":130}"
      ]
    },
    {
      "name":"pokecube_legends:ub004",
      "rigid":true,
      "ignoreAir":true,
      "options":[
      	"pokecube_legends:ultraspace/all_02;{\"weight\":20}",
      	"pokecube_legends:ultraspace/all_03;{\"weight\":20}",
        "pokecube_legends:ultraspace/ub04_1;{\"weight\":30}",
        "pokecube_legends:ultraspace/ub04_2;{\"weight\":30}",
        "pokecube_legends:ultraspace/ub04_3;{\"weight\":30}",
        "pokecube_legends:ultraspace/ub04_4;{\"weight\":55}",
        "pokecube_legends:ultraspace/ub04_max;{\"weight\":100}"
      ]
    },
    {
      "name":"pokecube_legends:ub005",
      "rigid":true,
      "ignoreAir":true,
      "options":[
      	"pokecube_legends:ultraspace/all_01;{\"weight\":20}",
      	"pokecube_legends:ultraspace/all_02;{\"weight\":20}",
      	"pokecube_legends:ultraspace/all_03;{\"weight\":20}",
        "pokecube_legends:ultraspace/ub05_1;{\"weight\":30}",
        "pokecube_legends:ultraspace/ub05_2;{\"weight\":30}"
      ]
    },
    {
      "name":"pokecube_legends:ub006",
      "rigid":true,
      "ignoreAir":true,
      "options":[
      	"pokecube_legends:ultraspace/all_01;{\"weight\":20}",
      	"pokecube_legends:ultraspace/all_02;{\"weight\":20}",
      	"pokecube_legends:ultraspace/all_03;{\"weight\":20}",
        "pokecube_legends:ultraspace/ub06_1;{\"weight\":40}",
        "pokecube_legends:ultraspace/ub06_2;{\"weight\":40}"
      ]
    }
  ],
  "jigsaws":[
  	//
    {
      "type":"pokecube_legends:village/ocean",
      "name":"pokecube_legends:village/ocean",
      "root":"pokecube_legends:village/ocean/town_centers",
      "chance":1,
      "distance":32,
      "separation":12,
      "size":6,
      "priority":10,
      "biomeType":"village",
      "base_under":true,
      "needed_once":[
        "pokecenter",
        "gym"
      ],
      "dimBlacklist":[
        "the_nether",
        "the_end"
      ],
      "spawn":{
        "values":{
          "types":"ocean",
          "categoryBlacklist":"the_end,nether,icy,beach"
        }
      }
    },
    //
    {
      "name":"pokecube_legends:elite_four",
      "root":"pokecube_legends:elite_four",
      "biomeType":"none",
      "distance":128,
      "separation":32,
      "spawn":{
        "values":{
          "types":"all",
          "categoryBlacklist":"ocean,beach"
        }
      }
    },
    {
      "name":"pokecube_legends:mirage",
      "root":"pokecube_legends:mirage/base",
      "biomeType":"none",
      "distance":24,
      "separation":8,
      "spawn":{
        "values":{
          "types":"all",
          "categoryBlacklist":"ocean"
        }
      }
    },
    {
      "name":"pokecube_legends:raid_end",
      "root":"pokecube_legends:raid_end",
      "biomeType":"none",
      "distance":32,
      "separation":5,
      "spawn":{
        "values":{
          "category":"the_end"
        }
      }
    },
    {
      "name":"pokecube_legends:raid_desert",
      "root":"pokecube_legends:raid_desert",
      "biomeType":"none",
      "distance":15,
      "separation":5,
      "spawn":{
        "values":{
          "types":"sandy"
        }
      }
    },
    {
      "name":"pokecube_legends:raid_spot",
      "root":"pokecube_legends:raid_spot",
      "biomeType":"none",
      "distance":25,
      "separation":5,
      "spawn":{
        "values":{
          "types":"all",
          "typesBlacklist":"sandy",
          "categoryBlacklist":"ocean,desert,the_end"
        }
      }
    },
    {
      "name":"pokecube_legends:castle_n",
      "root":"pokecube_legends:castle_n",
      "biomeType":"ruin",
      "distance":32,
      "separation":8,
      "spawn":{
        "values":{
          "category":"taiga",
          "categoryBlacklist":"ocean,beach"
        }
      }
    },
    {
      "name":"pokecube_legends:kubfu_water",
      "root":"pokecube_legends:kubfu_water",
      "biomeType":"none",
      "distance":24,
      "separation":4,
      "spawn":{
        "values":{
          "category":"beach"
        }
      }
    },
	{
      "name":"pokecube_legends:kubfu_dark",
      "root":"pokecube_legends:kubfu_dark",
      "biomeType":"none",
      "distance":27,
      "separation":8,
      "spawn":{
        "values":{
          "category":"extreme_hills"
        }
      }
    },
    {
      "name":"pokecube_legends:regigigas_temple",
      "root":"pokecube_legends:regigigas_temple",
      "biomeType":"ruin",
      "distance":24,
      "separation":8,
      "spawn":{
        "values":{
          "category":"icy"
        }
      }
    },
    {
      "name":"pokecube_legends:regice_temple",
      "root":"pokecube_legends:regice_temple",
      "biomeType":"ruin",
      "distance":24,
      "separation":8,
      "spawn":{
        "values":{
          "category":"icy"
        }
      }
    },
    {
      "name":"pokecube_legends:regirock_temple",
      "root":"pokecube_legends:regirock_temple",
      "biomeType":"ruin",
      "distance":24,
      "separation":8,
      "spawn":{
        "values":{
          "types":"sandy",
          "typesBlacklist": "mesa"
        }
      }
    },
    {
      "name":"pokecube_legends:registeel_temple",
      "root":"pokecube_legends:registeel_temple",
      "biomeType":"ruin",
      "distance":32,
      "separation":8,
      "spawn":{
        "values":{
          "category":"extreme_hills"
        }
      }
    },
    {
      "name":"pokecube_legends:regidrago_temple",
      "root":"pokecube_legends:regidrago_temple",
      "biomeType":"ruin",
      "distance":32,
      "separation":8,
      "spawn":{
        "values":{
          "types":"mesa"
        }
      }
    },
    {
      "name":"pokecube_legends:regieleki_temple",
      "root":"pokecube_legends:regieleki_temple",
      "biomeType":"ruin",
      "distance":32,
      "separation":8,
      "spawn":{
        "values":{
          "types":"savanna"
        }
      }
    },
    {
      "name":"pokecube_legends:nature_place",
      "root":"pokecube_legends:nature_place",
      "biomeType":"none",
      "distance":24,
      "separation":8,
      "spawn":{
        "values":{
          "category":"swamp"
        }
      }
    },
    {
      "name":"pokecube_legends:yveltal_place",
      "root":"pokecube_legends:yveltal_place",
      "biomeType":"ruin",
      "distance":24,
      "separation":8,
      "spawn":{
        "values":{
          "types":"sandy"
        }
      }
    },
    {
      "name":"pokecube_legends:lugia_tower",
      "root":"pokecube_legends:lugia_tower",
      "biomeType":"none",
      "distance":24,
      "separation":4,
      "spawn":{
        "values":{
          "category":"beach"
        }
      }
    },
    {
      "name":"pokecube_legends:legendy_tree",
      "root":"pokecube_legends:legendy_tree",
      "biomeType":"none",
      "distance":24,
      "separation":4,
      "spawn":{
        "values":{
          "category":"plains"
        }
      }
    },
    {
      "name":"pokecube_legends:team_rocket",
      "root":"pokecube_legends:team_rocket",
      "biomeType":"industrial",
      "distance":24,
      "separation":10,
      "base_under":false,
      "spawn":{
        "values":{
          "category":"plains",
          "categoryBlacklist":"ocean,beach"
        }
      }
    },
    {
      "name":"pokecube_legends:sky_pillar",
      "root":"pokecube_legends:sky_pillar",
      "biomeType":"ruin",
      "distance":28,
      "separation":10,
      "spawn":{
        "values":{
          "category":"ocean"
        }
      }
    },
    {
      "name":"pokecube_legends:celebi_temple",
      "root":"pokecube_legends:celebi_temple",
      "biomeType":"none",
      "distance":24,
      "separation":8,
      "spawn":{
        "values":{
          "category":"forest",
          "typesBlacklist":"sparse,cold,dry,spooky"
        }
      }
    },
    {
      "name":"pokecube_legends:space_temple",
      "root":"pokecube_legends:space_temple",
      "biomeType":"ruin",
      "distance":32,
      "separation":8,
      "spawn":{
        "values":{
          "category":"the_end"
        }
      }
    },
    {
      "name":"pokecube_legends:zacian_temple",
      "root":"pokecube_legends:zacian_temple",
      "biomeType":"none",
      "distance":24,
      "separation":8,
      "spawn":{
        "values":{
          "category":"river"
        }
      }
    },
    {
      "name":"pokecube_legends:zamazenta_temple",
      "root":"pokecube_legends:zamazenta_temple",
      "biomeType":"none",
      "distance":24,
      "separation":8,
      "spawn":{
        "values":{
          "category":"river"
        }
      }
    },
    {
      "name":"pokecube_legends:hooh_tower",
      "root":"pokecube_legends:hooh_tower",
      "biomeType":"none",
      "distance":24,
      "separation":8,
      "spawn":{
        "values":{
          "category":"plains"
        }
      }
    },
    {
      "name":"pokecube_legends:xerneas_place",
      "root":"pokecube_legends:xerneas_place",
      "biomeType":"none",
      "distance":16,
      "separation":8,
      "spawn":{
        "values":{
          "types":"spooky"
        }
      }
    },
    {
      "name":"pokecube_legends:keldeo_place",
      "root":"pokecube_legends:keldeo_place",
      "biomeType":"none",
      "distance":24,
      "separation":8,
      "spawn":{
        "values":{
          "category":"extreme_hills"
        }
      }
    },
    {
      "name":"pokecube_legends:kyogre_temple",
      "root":"pokecube_legends:kyogre_temple",
      "biomeType":"none",
      "distance":24,
      "separation":8,
      "water":true,
      "spawn":{
        "values":{
          "category":"ocean"
        }
      }
    },
    {
      "name":"pokecube_legends:groudon_temple",
      "root":"pokecube_legends:groudon_temple",
      "biomeType":"ruin",
      "distance":24,
      "separation":8,
      "surface":false,
      "base_under":false,
      "spawn":{
        "values":{
          "category":"nether"
        }
      }
    },
    {
      "name":"pokecube_legends:meteor_overworld",
      "root":"pokecube_legends:meteor_overworld",
      "biomeType":"meteor",
      "distance":9,
      "separation":3,
      "spawn":{
        "values":{
          "category":"extreme_hills"
        }
      }
    },
    {
      "name":"pokecube_legends:distortic",
      "root":"pokecube_legends:distortic",
      "biomeType":"none",
      "distance":10,
      "separation":2,
      "base_under":true,
      "dimWhitelist":[
        "pokecube_legends:distorted_world"
      ],
      "spawn": {
      	"values":{
          "biomes":"pokecube_legends:distorted_biome"
        }
      }
    },
    {
      "name":"pokecube_legends:islands",
      "root":"pokecube_legends:islands",
      "biomeType":"none",
      "distance":10,
      "separation":2,
      "base_under":false,
      "allow_void":true,
      "air": true,
      "height": 10,
       "dimWhitelist":[
        "pokecube_legends:distorted_world"
      ],
      "spawn": {
      	"values":{
          "biomes":"pokecube_legends:distorted_biome"
        }
      }
    },
    {
      "name":"pokecube_legends:ub001",
      "root":"pokecube_legends:ub001",
      "biomeType":"none",
      "distance":5,
      "separation":1,
      "dimWhitelist":[
        "pokecube_legends:ultraspace"
      ],
      "spawn":{
        "values":{
          "biomes":"pokecube_legends:ultra_deep_cave"
        }
      }
    },
    {
      "name":"pokecube_legends:ub002",
      "root":"pokecube_legends:ub002",
      "biomeType":"none",
      "distance":5,
      "separation":1,
      "dimWhitelist":[
        "pokecube_legends:ultraspace"
      ],
      "spawn":{
        "values":{
          "biomes":"pokecube_legends:ultra_junglee"
        }
      }
    },
    {
      "name":"pokecube_legends:ub003",
      "root":"pokecube_legends:ub003",
      "biomeType":"none",
      "distance":5,
      "separation":1,
      "dimWhitelist":[
        "pokecube_legends:ultraspace"
      ],
      "spawn":{
        "values":{
          "biomes":"pokecube_legends:ultra_desert"
        }
      }
    },
    {
      "name":"pokecube_legends:ub004",
      "root":"pokecube_legends:ub004",
      "biomeType":"none",
      "distance":5,
      "separation":1,
      "dimWhitelist":[
        "pokecube_legends:ultraspace"
      ],
      "spawn":{
        "values":{
          "biomes":"pokecube_legends:ultra_dark_valley"
        }
      }
    },
    {
      "name":"pokecube_legends:ub005",
      "root":"pokecube_legends:ub005",
      "biomeType":"none",
      "distance":5,
      "separation":1,
      "dimWhitelist":[
        "pokecube_legends:ultraspace"
      ],
      "spawn":{
        "values":{
          "biomes":"pokecube_legends:ultra_deep_hills"
        }
      }
    },
    {
      "name":"pokecube_legends:ub006",
      "root":"pokecube_legends:ub006",
      "biomeType":"none",
      "distance":5,
      "separation":1,
      "dimWhitelist":[
        "pokecube_legends:ultraspace"
      ],
      "spawn":{
        "values":{
          "biomes":"pokecube_legends:ultra_forgotten_plains"
        }
      }
    },
    {
      "name":"pokecube_legends:ub002_air",
      "root":"pokecube_legends:ub002_air",
      "biomeType":"none",
      "distance":3,
      "separation":2,
      "height":8,
      "air":true,
      "base_under": false,
      "dimWhitelist":[
        "pokecube_legends:ultraspace"
      ],
      "spawn":{
        "values":{
          "biomes":"pokecube_legends:ultra_jungle"
        }
      }
    }
  ]
}