{
  "type": "bonsaitrees2:sapling",
  "sapling": {
    "item": "minecraft:brown_mushroom"
  },
  "drops": [
    {
      "result": {
        "item": "minecraft:mushroom_stem"
      },
      "rolls": 1,
      "chance": 0.75
    },
    {
      "result": {
        "item": "minecraft:brown_mushroom_block"
      },
      "rolls": 1,
      "chance": 0.75
    },
    {
      "result": {
        "item": "minecraft:brown_mushroom"
      },
      "rolls": 1,
      "chance": 0.05
    }
  ],
  "compatibleSoilTags": [
    "grass",
    "dirt"
  ]
}