{
  "type": "recipe-template",
  "tag": "pokecube:berry_logs",
  "filter": {
    "include": [ "log_" ],
    "exclude": [ "stripped_" ]
  },
  "conditions": [
    { "type":"forge:mod_loaded", "modid":"farmersdelight" },
    { "type":"forge:mod_loaded", "modid":"minecolonies" },
    { "type":"forge:mod_loaded", "modid":"pokecube" }
  ],
  "recipe": {
    "crafter": "lumberjack_custom",
    "inputs": [
      {
        "item": "[NS]:[PATH]"
      }
    ],
    "alternate-output": [
      {
        "item": "[NS]:stripped_[PATH:log_=]_log"
      },
      {
        "item": "[NS]:stripped_[PATH:log_=]_wood"
      }
    ],
    "additional-output": [
      { "item": "farmersdelight:tree_bark" }
    ],
    "tool": "axe",
    "intermediate": "minecraft:air"
  }
}