{
  "type": "recipe-template",
  "tag": "minecraft:logs",
  "filter": {
    "include": [ "_stem", "stem_" ],
    "exclude": [ "stripped_", "_stripped" ]
  },
  "conditions": [
    { "type":"forge:mod_loaded", "modid":"farmersdelight" },
    { "type":"forge:mod_loaded", "modid":"minecolonies" }
  ],
  "recipe": {
    "crafter": "lumberjack_custom",
    "inputs": [
      {
        "item": "[NS]:[PATH]"
      }
    ],
    "alternate-output": [
      {
        "item": "[NS]:stripped_[PATH]"
      },
      {
        "item": "[NS]:stripped_[PATH:_stem=_hyphae]"
      },
      {
        "item": "[NS]:stripped_[PATH:_stem=_wood]"
      }
    ],
    "additional-output": [
      { "item": "farmersdelight:tree_bark" }
    ],
    "intermediate": "minecraft:air",
    "tool": "axe"
  }
}