{
    "availability": {
        "tier": 3
    },
    "crafting_items": {
        "normal": {
            "tag": "forge:ingots/aluminum_steel"
        },
        "small": {
            "size": 9,
            "tag": "forge:nuggets/aluminum_steel"
        }
    },
    "name": {
        "text": "Aluminum Steel"
    },
    "stats": [
        {
            "name": "durability",
            "value": 800
        },
        {
            "name": "armor_durability",
            "value": 25
        },
        {
            "name": "enchantability",
            "value": 11
        },
        {
            "name": "harvest_level",
            "value": 3
        },
        {
            "name": "harvest_speed",
            "value": 8
        },
        {
            "name": "melee_damage",
            "value": 4
        },
        {
            "name": "magic_damage",
            "value": 1.5
        },
        {
            "name": "attack_speed",
            "value": 0.1
        },
        {
            "name": "armor",
            "value": 20
        },
        {
            "name": "armor_toughness",
            "value": 2
        },
        {
            "name": "magic_armor",
            "value": 6
        },
        {
            "name": "ranged_damage",
            "value": 2
        },
        {
            "name": "ranged_speed",
            "value": 0
        },
        {
            "name": "chargeability",
            "value": 1.1
        }
    ],
    "textures": {
        "all": {
            "lite_texture": "high_contrast",
            "highlight": true,
            "normal_color": "#98D9DA",
            "texture_domain": "silentgear",
            "texture_suffix": "generic_hc"
        }
    },
    "traits": [
        {
            "level": 3,
            "name": "silentgear:malleable"
        },
        {
            "name": "silentgear:synergistic",
            "level": 2
        }
    ],
    "type": "silentgear:main"
}