{
    "availability": {
        "tier": 3
    },
    "crafting_items": {
        "normal": {
            "tag": "forge:ingots/electrum"
        },
        "small": {
            "size": 9,
            "tag": "forge:nuggets/electrum"
        }
    },
    "name": {
        "text": "Electrum"
    },
    "stats": [
        {
            "name": "durability",
            "value": 96
        },
        {
            "name": "armor_durability",
            "value": 11
        },
        {
            "name": "enchantability",
            "value": 25
        },
        {
            "name": "harvest_level",
            "value": 2
        },
        {
            "name": "harvest_speed",
            "value": 14
        },
        {
            "name": "melee_damage",
            "value": 1.5
        },
        {
            "name": "magic_damage",
            "value": 5
        },
        {
            "name": "attack_speed",
            "value": 0.3
        },
        {
            "name": "armor",
            "value": 15
        },
        {
            "name": "armor_toughness",
            "value": 0
        },
        {
            "name": "magic_armor",
            "value": 11
        },
        {
            "name": "ranged_damage",
            "value": 1
        },
        {
            "name": "ranged_speed",
            "value": 0.4
        },
        {
            "name": "chargeability",
            "value": 1.5
        }
    ],
    "textures": {
        "all": {
            "lite_texture": "high_contrast",
            "highlight": true,
            "normal_color": "#D6E037",
            "texture_domain": "silentgear",
            "texture_suffix": "generic_hc"
        }
    },
    "traits": [
        {
            "level": 2,
            "name": "silentgear:malleable"
        },
        {
            "level": 2,
            "name": "silentgear:soft"
        }
    ],
    "type": "silentgear:main"
}