{
    "availability": {
        "tier": 4
    },
    "crafting_items": {
        "normal": {
            "tag": "forge:ingots/enderium"
        },
        "small": {
            "size": 9,
            "tag": "forge:nuggets/enderium"
        }
    },
    "name": {
        "text": "Enderium"
    },
    "stats": [
        {
            "name": "durability",
            "value": 1100
        },
        {
            "name": "armor_durability",
            "value": 34
        },
        {
            "name": "enchantability",
            "value": 13
        },
        {
            "name": "harvest_level",
            "value": 4
        },
        {
            "name": "harvest_speed",
            "value": 18
        },
        {
            "name": "melee_damage",
            "value": 6
        },
        {
            "name": "magic_damage",
            "value": 4
        },
        {
            "name": "attack_speed",
            "value": 0
        },
        {
            "name": "armor",
            "value": 22
        },
        {
            "name": "armor_toughness",
            "value": 4
        },
        {
            "name": "magic_armor",
            "value": 8
        },
        {
            "name": "ranged_damage",
            "value": 3
        },
        {
            "name": "ranged_speed",
            "value": 0
        },
        {
            "name": "chargeability",
            "value": 1.2
        }
    ],
    "textures": {
        "all": {
            "lite_texture": "high_contrast",
            "highlight": false,
            "broken_color": "#468C75",
            "normal_color": "#468C75",
            "texture_domain": "silentgear",
            "texture_suffix": "generic_hc"
        }
    },
    "traits": [
        {
            "level": 2,
            "name": "silentgear:malleable"
        }
    ],
    "type": "silentgear:main"
}