{
    "availability": {
        "tier": 3
    },
    "crafting_items": {
        "normal": {
            "tag": "forge:ingots/invar"
        },
        "small": {
            "size": 9,
            "tag": "forge:nuggets/invar"
        }
    },
    "name": {
        "text": "Invar"
    },
    "stats": [
        {
            "name": "durability",
            "value": 640
        },
        {
            "name": "armor_durability",
            "value": 20
        },
        {
            "name": "enchantability",
            "value": 13
        },
        {
            "name": "harvest_level",
            "value": 2
        },
        {
            "name": "harvest_speed",
            "value": 7
        },
        {
            "name": "melee_damage",
            "value": 3.5
        },
        {
            "name": "magic_damage",
            "value": 3
        },
        {
            "name": "attack_speed",
            "value": 0
        },
        {
            "name": "armor",
            "value": 18
        },
        {
            "name": "armor_toughness",
            "value": 1
        },
        {
            "name": "magic_armor",
            "value": 6
        },
        {
            "name": "ranged_damage",
            "value": 2
        },
        {
            "name": "ranged_speed",
            "value": 0
        },
        {
            "name": "chargeability",
            "value": 1.2
        }
    ],
    "textures": {
        "all": {
            "lite_texture": "high_contrast_with_highlight",
            "highlight": false,
            "normal_color": "#C2CBB8",
            "texture_domain": "silentgear",
            "texture_suffix": "generic_hc"
        }
    },
    "traits": [
        {
            "level": 2,
            "name": "silentgear:malleable"
        },
        {
            "level": 2,
            "name": "silentgear:adamant"
        }
    ],
    "type": "silentgear:main"
}