{
    "availability": {
        "tier": 2
    },
    "crafting_items": {
        "normal": {
            "tag": "forge:ingots/osmium"
        },
        "small": {
            "size": 9,
            "tag": "forge:nuggets/osmium"
        }
    },
    "name": {
        "text": "Osmium"
    },
    "stats": [
        {
            "name": "durability",
            "value": 500
        },
        {
            "name": "armor_durability",
            "value": 14
        },
        {
            "name": "enchantability",
            "value": 10
        },
        {
            "name": "harvest_level",
            "value": 2
        },
        {
            "name": "harvest_speed",
            "value": 7
        },
        {
            "name": "melee_damage",
            "value": 4
        },
        {
            "name": "magic_damage",
            "value": 2
        },
        {
            "name": "attack_speed",
            "value": 0.1
        },
        {
            "name": "armor",
            "value": 17
        },
        {
            "name": "armor_toughness",
            "value": 0
        },
        {
            "name": "magic_armor",
            "value": 5
        },
        {
            "name": "ranged_damage",
            "value": 1
        },
        {
            "name": "ranged_speed",
            "value": 0
        },
        {
            "name": "chargeability",
            "value": 1.1
        }
    ],
    "textures": {
        "all": {
            "lite_texture": "high_contrast",
            "highlight": true,
            "broken_color": "#92A6B8",
            "normal_color": "#92A6B8",
            "texture_domain": "silentgear",
            "texture_suffix": "generic_hc"
        }
    },
    "traits": [
        {
            "level": 2,
            "name": "silentgear:malleable"
        }
    ],
    "type": "silentgear:main"
}