{
    "availability": {
        "tier": 4
    },
    "crafting_items": {
        "normal": {
            "tag": "forge:ingots/signalum"
        },
        "small": {
            "size": 9,
            "tag": "forge:nuggets/signalum"
        }
    },
    "name": {
        "text": "Signalum"
    },
    "stats": [
        {
            "name": "durability",
            "value": 800
        },
        {
            "name": "armor_durability",
            "value": 25
        },
        {
            "name": "enchantability",
            "value": 16
        },
        {
            "name": "harvest_level",
            "value": 3
        },
        {
            "name": "harvest_speed",
            "value": 13
        },
        {
            "name": "melee_damage",
            "value": 3
        },
        {
            "name": "magic_damage",
            "value": 4
        },
        {
            "name": "attack_speed",
            "value": 0
        },
        {
            "name": "armor",
            "value": 16
        },
        {
            "name": "armor_toughness",
            "value": 2
        },
        {
            "name": "magic_armor",
            "value": 4
        },
        {
            "name": "ranged_damage",
            "value": 2
        },
        {
            "name": "ranged_speed",
            "value": 0.2
        },
        {
            "name": "chargeability",
            "value": 1.3
        }
    ],
    "textures": {
        "all": {
            "lite_texture": "high_contrast",
            "highlight": false,
            "broken_color": "#468C75",
            "normal_color": "#468C75",
            "texture_domain": "silentgear",
            "texture_suffix": "generic_hc"
        }
    },
    "traits": [
        {
            "level": 2,
            "name": "silentgear:malleable"
        },
        {
            "level": 2,
            "name": "silentgear:lustrous"
        }
    ],
    "type": "silentgear:main"
}