{
    "availability": {
        "tier": 2
    },
    "crafting_items": {
        "normal": {
            "tag": "forge:ingots/steel"
        },
        "small": {
            "size": 9,
            "tag": "forge:nuggets/steel"
        }
    },
    "name": {
        "text": "Steel"
    },
    "stats": [
        {
            "name": "durability",
            "value": 500
        },
        {
            "name": "armor_durability",
            "value": 20
        },
        {
            "name": "enchantability",
            "value": 11
        },
        {
            "name": "harvest_level",
            "value": 2
        },
        {
            "name": "harvest_speed",
            "value": 5
        },
        {
            "name": "melee_damage",
            "value": 4
        },
        {
            "name": "magic_damage",
            "value": 1
        },
        {
            "name": "attack_speed",
            "value": -0.2
        },
        {
            "name": "armor",
            "value": 20
        },
        {
            "name": "armor_toughness",
            "value": 2
        },
        {
            "name": "magic_armor",
            "value": 6
        },
        {
            "name": "ranged_damage",
            "value": 2
        },
        {
            "name": "ranged_speed",
            "value": -0.2
        },
        {
            "name": "chargeability",
            "value": 0.8
        }
    ],
    "textures": {
        "all": {
            "lite_texture": "high_contrast",
            "highlight": true,
            "normal_color": "#929292",
            "texture_domain": "silentgear",
            "texture_suffix": "generic_hc"
        }
    },
    "traits": [
        {
            "level": 5,
            "name": "silentgear:malleable"
        }
    ],
    "type": "silentgear:main"
}