{
    "availability": {
        "tier": 3
    },
    "crafting_items": {
        "normal": {
            "tag": "forge:ingots/titanium"
        },
        "small": {
            "size": 9,
            "tag": "forge:nuggets/titanium"
        }
    },
    "name": {
        "text": "Titanium"
    },
    "stats": [
        {
            "name": "durability",
            "value": 1600
        },
        {
            "name": "armor_durability",
            "value": 37
        },
        {
            "name": "enchantability",
            "value": 12
        },
        {
            "name": "harvest_level",
            "value": 3
        },
        {
            "name": "harvest_speed",
            "value": 8
        },
        {
            "name": "melee_damage",
            "value": 6
        },
        {
            "name": "magic_damage",
            "value": 1
        },
        {
            "name": "attack_speed",
            "value": 0
        },
        {
            "name": "armor",
            "value": 24
        },
        {
            "name": "armor_toughness",
            "value": 4
        },
        {
            "name": "magic_armor",
            "value": 4
        },
        {
            "name": "ranged_damage",
            "value": 1
        },
        {
            "name": "ranged_speed",
            "value": -0.2
        },
        {
            "name": "chargeability",
            "value": 1.2
        }
    ],
    "textures": {
        "all": {
            "lite_texture": "high_contrast",
            "highlight": false,
            "broken_color": "#2E4CE6",
            "normal_color": "#2E4CE6",
            "texture_domain": "silentgear",
            "texture_suffix": "generic_hc"
        }
    },
    "traits": [
        {
            "level": 2,
            "name": "silentgear:malleable"
        }
    ],
    "type": "silentgear:main"
}