{
    "availability": {
        "tier": 1
    },
    "crafting_items": {
        "normal": {
            "tag": "forge:ingots/zinc"
        },
        "small": {
            "size": 9,
            "tag": "forge:nuggets/zinc"
        }
    },
    "name": {
        "text": "Zinc"
    },
    "stats": [
        {
            "name": "durability",
            "value": 192
        },
        {
            "name": "armor_durability",
            "value": 10
        },
        {
            "name": "enchantability",
            "value": 15
        },
        {
            "name": "harvest_level",
            "value": 1
        },
        {
            "name": "harvest_speed",
            "value": 3
        },
        {
            "name": "melee_damage",
            "value": 1.5
        },
        {
            "name": "magic_damage",
            "value": 1
        },
        {
            "name": "attack_speed",
            "value": 0
        },
        {
            "name": "armor",
            "value": 11
        },
        {
            "name": "armor_toughness",
            "value": 0
        },
        {
            "name": "magic_armor",
            "value": 1
        },
        {
            "name": "ranged_damage",
            "value": 0
        },
        {
            "name": "ranged_speed",
            "value": 0
        },
        {
            "name": "rarity",
            "value": 15
        },
        {
            "name": "chargeability",
            "value": 1.1
        }
    ],
    "textures": {
        "all": {
            "lite_texture": "high_contrast_with_highlight",
            "highlight": true,
            "normal_color": "#C9D3CE",
            "texture_domain": "silentgear",
            "texture_suffix": "iron"
        }
    },
    "traits": [
        {
            "level": 1,
            "name": "silentgear:malleable"
        },
        {
            "level": 2,
            "name": "silentgear:soft"
        }
    ],
    "type": "silentgear:main"
}