{
  "pools": [
	{
	  "name": "main",
	  "rolls": 1,
	  "entries": [
		{
		  "type": "tag",
		  "name": "forge:storage_blocks/charcoal",
		  "expand": false,
		  "weight": 1,
		  "functions": [
			{
			  "function": "set_count",
			  "count": {
				"min": 8,
				"max": 16
			  }
			},
			{
			  "function": "looting_enchant",
			  "count": {
				"min": 2,
				"max": 6
			  }
			}
		  ]
		}
	  ]
	},
	{
	  "name": "pool1",
	  "rolls": 1,
	  "entries": [
		{
		  "type": "loot_table",
		  "name": "golems:entities/_golem_base"
		}
	  ]
	}
  ]
}