{
	"credit": "Made with Blockbench",
	"ambientocclusion": false,
	"textures": {
		"2": "block/oak_door_top",
		"3": "block/oak_door_bottom"
	},
	"elements": [
		{
			"from": [0, 16, 0],
			"to": [16, 32, 3],
			"rotation": {"angle": 0, "axis": "y", "origin": [8, 24, 8]},
			"faces": {
				"north": {"uv": [0, 0, 16, 16], "texture": "#2", "cullface": "west"},
				"east": {"uv": [3, 0, 0, 16], "texture": "#2", "cullface": "north"},
				"south": {"uv": [16, 0, 0, 16], "texture": "#2"},
				"west": {"uv": [0, 0, 3, 16], "texture": "#2", "cullface": "south"},
				"up": {"uv": [13, 0, 16, 16], "rotation": 90, "texture": "#3", "cullface": "up"}
			}
		},
		{
			"from": [0, 0, 0],
			"to": [16, 16, 3],
			"faces": {
				"north": {"uv": [0, 0, 16, 16], "texture": "#3", "cullface": "west"},
				"east": {"uv": [3, 0, 0, 16], "texture": "#3", "cullface": "north"},
				"south": {"uv": [16, 0, 0, 16], "texture": "#3"},
				"west": {"uv": [0, 0, 3, 16], "texture": "#3", "cullface": "south"},
				"down": {"uv": [13, 0, 16, 16], "rotation": 270, "texture": "#3"}
			}
		}
	],
	"display": {
		"head": {
			"translation": [0, -30.426, 0],
			"scale": [1.6, 1.6, 1.6]
		}
	}
}