{
	"credit": "Made with Blockbench",
	"texture_size": [32, 32],
	"textures": {
		"0": "geek/fish_hat",
		"particle": "geek/fish_hat"
	},
	"elements": [
		{
			"name": "body_front",
			"from": [5.5, 0, 4],
			"to": [10.5, 5, 8],
			"rotation": {"angle": 0, "axis": "y", "origin": [8, -3.5, 4]},
			"faces": {
				"north": {"uv": [3.5, 4, 6, 6.5], "texture": "#0"},
				"east": {"uv": [0, 4, 2, 6.5], "texture": "#0"},
				"south": {"uv": [9.5, 4, 12, 6.5], "texture": "#0"},
				"west": {"uv": [5.5, 4, 7.5, 6.5], "texture": "#0"},
				"up": {"uv": [5.5, 2, 3, 0], "texture": "#0"},
				"down": {"uv": [8, 0, 5.5, 2], "texture": "#0"}
			}
		},
		{
			"name": "bone2",
			"from": [4.5, 0, 4],
			"to": [5.5, 1, 6],
			"rotation": {"angle": 22.5, "axis": "z", "origin": [5.5, 0, 4]},
			"faces": {
				"north": {"uv": [2.5, 0.5, 2, 1], "rotation": 180, "texture": "#0"},
				"east": {"uv": [2, 0, 2.5, 1], "rotation": 270, "texture": "#0"},
				"south": {"uv": [2.5, 0, 2, 0.5], "texture": "#0"},
				"west": {"uv": [2, 0, 2.5, 1], "rotation": 90, "texture": "#0"},
				"up": {"uv": [2, 0, 2.5, 1], "rotation": 180, "texture": "#0"},
				"down": {"uv": [2, 0, 2.5, 1], "texture": "#0"}
			}
		},
		{
			"name": "bone3",
			"from": [10.5, 0, 4],
			"to": [11.5, 1, 6],
			"rotation": {"angle": -22.5, "axis": "z", "origin": [10.5, 0, 4]},
			"faces": {
				"north": {"uv": [2.5, 0.5, 2, 1], "rotation": 180, "texture": "#0"},
				"east": {"uv": [2, 0, 2.5, 1], "rotation": 270, "texture": "#0"},
				"south": {"uv": [2.5, 0, 2, 0.5], "texture": "#0"},
				"west": {"uv": [2, 0, 2.5, 1], "rotation": 90, "texture": "#0"},
				"up": {"uv": [2, 0, 2.5, 1], "rotation": 180, "texture": "#0"},
				"down": {"uv": [2, 0, 2.5, 1], "texture": "#0"}
			}
		},
		{
			"name": "bone3",
			"from": [3.5, 0, 4],
			"to": [4.5, 1, 5],
			"rotation": {"angle": 22.5, "axis": "z", "origin": [5.5, 0, 4]},
			"faces": {
				"north": {"uv": [3, 0.5, 2.5, 1], "rotation": 180, "texture": "#0"},
				"east": {"uv": [2.5, 0.5, 3, 1], "rotation": 270, "texture": "#0"},
				"south": {"uv": [3, 0.5, 2.5, 1], "texture": "#0"},
				"west": {"uv": [2.5, 0.5, 3, 1], "rotation": 90, "texture": "#0"},
				"up": {"uv": [2.5, 0.5, 3, 1], "rotation": 180, "texture": "#0"},
				"down": {"uv": [2.5, 0.5, 3, 1], "texture": "#0"}
			}
		},
		{
			"name": "bone4",
			"from": [11.5, 0, 4],
			"to": [12.5, 1, 5],
			"rotation": {"angle": -22.5, "axis": "z", "origin": [10.5, 0, 4]},
			"faces": {
				"north": {"uv": [3, 0.5, 2.5, 1], "rotation": 180, "texture": "#0"},
				"east": {"uv": [2.5, 0.5, 3, 1], "rotation": 270, "texture": "#0"},
				"south": {"uv": [3, 0.5, 2.5, 1], "texture": "#0"},
				"west": {"uv": [2.5, 0.5, 3, 1], "rotation": 90, "texture": "#0"},
				"up": {"uv": [2.5, 0.5, 3, 1], "rotation": 180, "texture": "#0"},
				"down": {"uv": [2.5, 0.5, 3, 1], "texture": "#0"}
			}
		},
		{
			"name": "body_back",
			"from": [5.5, 0, 8],
			"to": [10.5, 5, 12],
			"rotation": {"angle": 0, "axis": "y", "origin": [8, -3.5, 4]},
			"faces": {
				"north": {"uv": [4, 10.5, 6.5, 13], "texture": "#0"},
				"east": {"uv": [0, 10.5, 2, 13], "texture": "#0"},
				"south": {"uv": [9.5, 10.5, 12, 13], "texture": "#0"},
				"west": {"uv": [5.5, 10.5, 7.5, 13], "texture": "#0"},
				"up": {"uv": [5.5, 2, 3, 0], "texture": "#0"},
				"down": {"uv": [8, 6.5, 5.5, 8.5], "texture": "#0"}
			}
		},
		{
			"name": "head",
			"from": [7, 0.5, 1],
			"to": [9, 4.5, 4],
			"rotation": {"angle": 0, "axis": "y", "origin": [8, -3.5, 8]},
			"faces": {
				"north": {"uv": [12.5, 1.5, 13.5, 3.5], "texture": "#0"},
				"east": {"uv": [11, 1.5, 12.5, 3.5], "texture": "#0"},
				"south": {"uv": [15, 1.5, 16, 3.5], "texture": "#0"},
				"west": {"uv": [13.5, 1.5, 15, 3.5], "texture": "#0"},
				"up": {"uv": [13.5, 1.5, 12.5, 0], "texture": "#0"},
				"down": {"uv": [14.5, 0, 13.5, 1.5], "texture": "#0"}
			}
		},
		{
			"name": "fin_back_1",
			"from": [7.5, 5, 7],
			"to": [8.5, 7, 8],
			"rotation": {"angle": 0, "axis": "y", "origin": [8, -3.5, 4]},
			"faces": {
				"north": {"uv": [3.5, 2, 4, 3], "texture": "#0"},
				"east": {"uv": [3.5, 2, 4, 3], "texture": "#0"},
				"west": {"uv": [3.5, 2, 4, 3], "texture": "#0"},
				"up": {"uv": [3.5, 2.5, 4, 2], "texture": "#0"},
				"down": {"uv": [3, 1, 3.5, 1.5], "texture": "#0"}
			}
		},
		{
			"name": "fin_back_2",
			"from": [7.5, 5, 6],
			"to": [8.5, 6, 7],
			"rotation": {"angle": 0, "axis": "y", "origin": [8, -3.5, 3]},
			"faces": {
				"north": {"uv": [3.5, 2, 4, 2.5], "texture": "#0"},
				"east": {"uv": [3.5, 2, 4, 2.5], "texture": "#0"},
				"west": {"uv": [3.5, 2, 4, 2.5], "texture": "#0"},
				"up": {"uv": [3.5, 2.5, 4, 2], "texture": "#0"},
				"down": {"uv": [3, 1, 3.5, 1.5], "texture": "#0"}
			}
		},
		{
			"name": "fin_back_2",
			"from": [7.5, 5, 8],
			"to": [8.5, 7, 10],
			"rotation": {"angle": 0, "axis": "y", "origin": [8, -3.5, 4]},
			"faces": {
				"north": {"uv": [2.5, 3, 3, 4], "texture": "#0"},
				"east": {"uv": [3.5, 3, 2.5, 4], "texture": "#0"},
				"south": {"uv": [3, 3, 3.5, 4], "texture": "#0"},
				"west": {"uv": [2.5, 3, 3.5, 4], "texture": "#0"},
				"up": {"uv": [2.5, 3.5, 3.5, 3], "rotation": 90, "texture": "#0"},
				"down": {"uv": [2.5, 1.5, 3, 2.5], "texture": "#0"}
			}
		},
		{
			"name": "fin_back_3",
			"from": [7.5, 6, 10],
			"to": [8.5, 7, 11],
			"rotation": {"angle": 0, "axis": "y", "origin": [8, -3.5, 5]},
			"faces": {
				"north": {"uv": [3.5, 3, 4, 3.5], "texture": "#0"},
				"east": {"uv": [4, 3, 3.5, 3.5], "texture": "#0"},
				"south": {"uv": [3.5, 3, 4, 3.5], "texture": "#0"},
				"west": {"uv": [3.5, 3, 4, 3.5], "texture": "#0"},
				"up": {"uv": [3.5, 3.5, 4, 3], "rotation": 90, "texture": "#0"},
				"down": {"uv": [3.5, 3, 4, 3.5], "texture": "#0"}
			}
		},
		{
			"name": "tail",
			"from": [7.5, 1, 12],
			"to": [8.5, 4, 16],
			"rotation": {"angle": 0, "axis": "y", "origin": [8, -3.5, 0]},
			"faces": {
				"north": {"uv": [13, 8, 13.5, 9.5], "texture": "#0"},
				"east": {"uv": [15, 8.5, 13, 10], "texture": "#0"},
				"south": {"uv": [14.5, 8.5, 15, 10], "texture": "#0"},
				"west": {"uv": [13, 8.5, 15, 10], "texture": "#0"},
				"up": {"uv": [13, 8.5, 15, 9], "rotation": 90, "texture": "#0"},
				"down": {"uv": [13, 9.5, 15, 10], "rotation": 270, "texture": "#0"}
			}
		},
		{
			"name": "tail",
			"from": [7.5, 3, 16],
			"to": [8.5, 5, 17],
			"rotation": {"angle": 0, "axis": "y", "origin": [8, -2.5, 4]},
			"faces": {
				"north": {"uv": [15, 8, 15.5, 9], "texture": "#0"},
				"east": {"uv": [15.5, 8, 15, 9], "texture": "#0"},
				"south": {"uv": [14.5, 8.5, 15, 9.5], "texture": "#0"},
				"west": {"uv": [15, 8, 15.5, 9], "texture": "#0"},
				"up": {"uv": [15, 8, 15.5, 8.5], "rotation": 90, "texture": "#0"},
				"down": {"uv": [15, 8.5, 15.5, 9], "rotation": 270, "texture": "#0"}
			}
		},
		{
			"name": "tail",
			"from": [7.5, 4, 17],
			"to": [8.5, 5, 18],
			"rotation": {"angle": 0, "axis": "y", "origin": [8, -2.5, 5]},
			"faces": {
				"north": {"uv": [15.5, 8, 16, 8.5], "texture": "#0"},
				"east": {"uv": [16, 8, 15.5, 8.5], "texture": "#0"},
				"south": {"uv": [15.5, 8, 16, 8.5], "texture": "#0"},
				"west": {"uv": [15.5, 8, 16, 8.5], "texture": "#0"},
				"up": {"uv": [15.5, 8, 16, 8.5], "rotation": 90, "texture": "#0"},
				"down": {"uv": [15.5, 8, 16, 8.5], "rotation": 270, "texture": "#0"}
			}
		},
		{
			"name": "tail",
			"from": [7.5, 0, 17],
			"to": [8.5, 1, 18],
			"rotation": {"angle": 0, "axis": "y", "origin": [8, -6.5, 5]},
			"faces": {
				"north": {"uv": [15.5, 8, 16, 8.5], "texture": "#0"},
				"east": {"uv": [16, 8, 15.5, 8.5], "texture": "#0"},
				"south": {"uv": [15.5, 8, 16, 8.5], "texture": "#0"},
				"west": {"uv": [15.5, 8, 16, 8.5], "texture": "#0"},
				"up": {"uv": [15.5, 8, 16, 8.5], "rotation": 90, "texture": "#0"},
				"down": {"uv": [15.5, 8, 16, 8.5], "rotation": 270, "texture": "#0"}
			}
		},
		{
			"name": "tail",
			"from": [7.5, 0, 16],
			"to": [8.5, 2, 17],
			"rotation": {"angle": 0, "axis": "y", "origin": [8, -5.5, 4]},
			"faces": {
				"north": {"uv": [15, 9.5, 15.5, 10.5], "texture": "#0"},
				"east": {"uv": [15.5, 9.5, 15, 10.5], "texture": "#0"},
				"south": {"uv": [15, 9.5, 15.5, 10.5], "texture": "#0"},
				"west": {"uv": [15, 9.5, 15.5, 10.5], "texture": "#0"},
				"up": {"uv": [15, 9.5, 15.5, 10], "rotation": 90, "texture": "#0"},
				"down": {"uv": [15, 10, 15.5, 10.5], "rotation": 270, "texture": "#0"}
			}
		}
	],
	"display": {
		"thirdperson_righthand": {
			"translation": [0, 8, 0]
		},
		"firstperson_righthand": {
			"rotation": [0, 23, 0],
			"translation": [4, 6.75, 0]
		},
		"ground": {
			"translation": [0, 8.25, 0],
			"scale": [1.5, 1.5, 1.5]
		},
		"gui": {
			"rotation": [30, -135, 0],
			"translation": [0, 7.75, 0],
			"scale": [1.5, 1.5, 1.5]
		},
		"head": {
			"translation": [0, 14.25, 0],
			"scale": [2.6, 2.6, 2.6]
		},
		"fixed": {
			"translation": [0, 11, -8],
			"scale": [2, 2, 2]
		}
	},
	"groups": [
		{
			"name": "body_front",
			"origin": [0, 6, -4],
			"children": [0,
				{
					"name": "bone",
					"origin": [1.5, 4.5, -4],
					"children": []
				},
				{
					"name": "bone2",
					"origin": [-1.5, 4.5, -4],
					"children": [1, 2, 3, 4]
				}
			]
		},
		{
			"name": "body_back",
			"origin": [0, 6, 4],
			"children": [5]
		},
		{
			"name": "head",
			"origin": [0, 6, -4],
			"children": [6]
		},
		{
			"name": "fin_back_1",
			"origin": [0, 10.5, 1],
			"children": [7, 8]
		},
		{
			"name": "fin_back_2",
			"origin": [0, 10.5, 3],
			"children": [9, 10]
		},
		{
			"name": "tail",
			"origin": [0, 6, 12],
			"children": [11, 12, 13, 14, 15]
		},
		{
			"name": "fin_left",
			"origin": [0, 0, 0],
			"children": []
		},
		{
			"name": "fin_right",
			"origin": [0, 0, 0],
			"children": []
		}
	]
}