{
	"credit": "Made with Blockbench",
	"textures": {
		"0": "geek/ender_eye",
		"1": "block/netherite_block",
		"particle": "geek/ender_eye"
	},
	"elements": [
		{
			"from": [4.5, 16.5, 6],
			"to": [11.5, 23.5, 7],
			"rotation": {"angle": 0, "axis": "y", "origin": [8, 16.5, 7]},
			"faces": {
				"north": {"uv": [1, 1, 16, 16], "texture": "#0"}
			}
		},
		{
			"from": [4.5, 16.5, 9],
			"to": [11.5, 23.5, 10],
			"rotation": {"angle": 0, "axis": "y", "origin": [8, 16.5, 9]},
			"faces": {
				"south": {"uv": [1, 1, 16, 16], "texture": "#0"}
			}
		},
		{
			"from": [6, 16.5, 4.5],
			"to": [7, 23.5, 11.5],
			"rotation": {"angle": 0, "axis": "y", "origin": [7, 16.5, 8]},
			"faces": {
				"west": {"uv": [1, 1, 16, 16], "texture": "#0"}
			}
		},
		{
			"from": [9, 16.5, 4.5],
			"to": [10, 23.5, 11.5],
			"rotation": {"angle": 0, "axis": "y", "origin": [9, 16.5, 8]},
			"faces": {
				"east": {"uv": [1, 1, 16, 16], "texture": "#0"}
			}
		},
		{
			"from": [7, -3, 7],
			"to": [9, 14, 9],
			"rotation": {"angle": 0, "axis": "y", "origin": [7, 8, 15]},
			"faces": {
				"north": {"uv": [8, 0, 10, 16], "texture": "#1"},
				"east": {"uv": [6, 0, 8, 16], "texture": "#1"},
				"south": {"uv": [12, 0, 14, 16], "texture": "#1"},
				"west": {"uv": [10, 0, 12, 16], "texture": "#1"},
				"up": {"uv": [0, 0, 2, 2], "texture": "#1"},
				"down": {"uv": [0, 0, 2, 2], "texture": "#1"}
			}
		},
		{
			"from": [6, 14, 6],
			"to": [10, 15, 10],
			"rotation": {"angle": 0, "axis": "y", "origin": [7, 8, 15]},
			"faces": {
				"north": {"uv": [6, 0, 10, 1], "texture": "#1"},
				"east": {"uv": [9, 0, 13, 1], "texture": "#1"},
				"south": {"uv": [11, 0, 15, 1], "texture": "#1"},
				"west": {"uv": [0, 0, 4, 1], "texture": "#1"},
				"up": {"uv": [0, 0, 4, 4], "texture": "#1"},
				"down": {"uv": [12, 12, 16, 16], "texture": "#1"}
			}
		},
		{
			"from": [6, 25, 6],
			"to": [10, 26, 10],
			"rotation": {"angle": 0, "axis": "y", "origin": [7, 19, 15]},
			"faces": {
				"north": {"uv": [6, 1, 10, 2], "texture": "#1"},
				"east": {"uv": [9, 1, 13, 2], "texture": "#1"},
				"south": {"uv": [11, 1, 15, 2], "texture": "#1"},
				"west": {"uv": [1, 1, 5, 2], "texture": "#1"},
				"up": {"uv": [6, 6, 10, 10], "texture": "#1"},
				"down": {"uv": [12, 12, 16, 16], "texture": "#1"}
			}
		},
		{
			"from": [7.5, 26, 7.5],
			"to": [8.5, 27, 8.5],
			"rotation": {"angle": 0, "axis": "y", "origin": [7, 20, 15]},
			"faces": {
				"north": {"uv": [6, 1, 7, 2], "texture": "#1"},
				"east": {"uv": [9, 1, 10, 2], "texture": "#1"},
				"south": {"uv": [11, 1, 12, 2], "texture": "#1"},
				"west": {"uv": [1, 1, 2, 2], "texture": "#1"},
				"up": {"uv": [6, 6, 7, 7], "texture": "#1"},
				"down": {"uv": [12, 12, 13, 13], "texture": "#1"}
			}
		},
		{
			"from": [5, 15, 5],
			"to": [11, 17, 11],
			"rotation": {"angle": 0, "axis": "y", "origin": [7, 8, 15]},
			"faces": {
				"north": {"uv": [5, 14, 11, 16], "texture": "#1"},
				"east": {"uv": [4, 14, 10, 16], "texture": "#1"},
				"south": {"uv": [5, 14, 11, 16], "texture": "#1"},
				"west": {"uv": [3, 14, 9, 16], "texture": "#1"},
				"up": {"uv": [5, 5, 11, 11], "texture": "#1"},
				"down": {"uv": [10, 10, 16, 16], "texture": "#1"}
			}
		},
		{
			"from": [5, 23, 5],
			"to": [11, 25, 11],
			"rotation": {"angle": 0, "axis": "x", "origin": [8, 24, 8]},
			"faces": {
				"north": {"uv": [5, 13, 11, 15], "rotation": 180, "texture": "#1"},
				"east": {"uv": [4, 13, 10, 15], "rotation": 180, "texture": "#1"},
				"south": {"uv": [5, 13, 11, 15], "rotation": 180, "texture": "#1"},
				"west": {"uv": [3, 13, 9, 15], "rotation": 180, "texture": "#1"},
				"up": {"uv": [5, 5, 11, 11], "texture": "#1"},
				"down": {"uv": [5, 5, 11, 11], "texture": "#1"}
			}
		},
		{
			"from": [4.5, 16, 4.5],
			"to": [7, 17.5, 7],
			"rotation": {"angle": 0, "axis": "y", "origin": [7, 9, 15]},
			"faces": {
				"north": {"uv": [11, 2, 13.5, 3.5], "texture": "#1"},
				"east": {"uv": [11, 2, 13.5, 3.5], "texture": "#1"},
				"south": {"uv": [11, 2, 13.5, 3.5], "texture": "#1"},
				"west": {"uv": [11, 2, 13.5, 3.5], "texture": "#1"},
				"up": {"uv": [11, 2, 13.5, 4.5], "texture": "#1"},
				"down": {"uv": [11, 2, 13.5, 4.5], "texture": "#1"}
			}
		},
		{
			"from": [4.5, 22, 4.5],
			"to": [7, 23.5, 7],
			"rotation": {"angle": 0, "axis": "y", "origin": [7, 15, 15]},
			"faces": {
				"north": {"uv": [11, 2, 13.5, 3.5], "texture": "#1"},
				"east": {"uv": [11, 2, 13.5, 3.5], "texture": "#1"},
				"south": {"uv": [11, 2, 13.5, 3.5], "texture": "#1"},
				"west": {"uv": [11, 2, 13.5, 3.5], "texture": "#1"},
				"up": {"uv": [11, 2, 13.5, 4.5], "texture": "#1"},
				"down": {"uv": [11, 2, 13.5, 4.5], "texture": "#1"}
			}
		},
		{
			"from": [9, 16, 4.5],
			"to": [11.5, 17.5, 7],
			"rotation": {"angle": 0, "axis": "y", "origin": [11.5, 9, 15]},
			"faces": {
				"north": {"uv": [2, 2, 5, 4], "texture": "#1"},
				"east": {"uv": [2, 2, 5, 4], "texture": "#1"},
				"south": {"uv": [2, 2, 5, 4], "texture": "#1"},
				"west": {"uv": [2, 2, 5, 4], "texture": "#1"},
				"up": {"uv": [2, 2, 5, 5], "texture": "#1"},
				"down": {"uv": [2, 2, 5, 5], "texture": "#1"}
			}
		},
		{
			"from": [9, 22, 4.5],
			"to": [11.5, 23.5, 7],
			"rotation": {"angle": 0, "axis": "y", "origin": [11.5, 15, 15]},
			"faces": {
				"north": {"uv": [2, 2, 5, 4], "texture": "#1"},
				"east": {"uv": [2, 2, 5, 4], "texture": "#1"},
				"south": {"uv": [2, 2, 5, 4], "texture": "#1"},
				"west": {"uv": [2, 2, 5, 4], "texture": "#1"},
				"up": {"uv": [2, 2, 5, 5], "texture": "#1"},
				"down": {"uv": [2, 2, 5, 5], "texture": "#1"}
			}
		},
		{
			"from": [4.5, 16, 9],
			"to": [7, 17.5, 11.5],
			"rotation": {"angle": 0, "axis": "y", "origin": [7, 9, 19.5]},
			"faces": {
				"north": {"uv": [8, 2, 11, 4], "texture": "#1"},
				"east": {"uv": [8, 2, 10.5, 3.5], "texture": "#1"},
				"south": {"uv": [8, 2, 11, 4], "texture": "#1"},
				"west": {"uv": [8, 2, 10.5, 3.5], "texture": "#1"},
				"up": {"uv": [8, 2, 10.5, 4.5], "texture": "#1"},
				"down": {"uv": [8, 2, 10.5, 4.5], "texture": "#1"}
			}
		},
		{
			"from": [4.5, 22, 9],
			"to": [7, 23.5, 11.5],
			"rotation": {"angle": 0, "axis": "y", "origin": [7, 15, 19.5]},
			"faces": {
				"north": {"uv": [8, 2, 11, 4], "texture": "#1"},
				"east": {"uv": [8, 2, 10.5, 3.5], "texture": "#1"},
				"south": {"uv": [8, 2, 11, 4], "texture": "#1"},
				"west": {"uv": [8, 2, 10.5, 3.5], "texture": "#1"},
				"up": {"uv": [8, 2, 10.5, 4.5], "texture": "#1"},
				"down": {"uv": [8, 2, 10.5, 4.5], "texture": "#1"}
			}
		},
		{
			"from": [9, 16, 9],
			"to": [11.5, 17.5, 11.5],
			"rotation": {"angle": 0, "axis": "y", "origin": [11.5, 9, 19.5]},
			"faces": {
				"north": {"uv": [4, 2, 6.5, 3.5], "texture": "#1"},
				"east": {"uv": [4, 2, 6.5, 3.5], "texture": "#1"},
				"south": {"uv": [4, 2, 6.5, 3.5], "texture": "#1"},
				"west": {"uv": [4, 2, 6.5, 3.5], "texture": "#1"},
				"up": {"uv": [4, 2, 6.5, 4.5], "texture": "#1"},
				"down": {"uv": [4, 2, 6.5, 4.5], "texture": "#1"}
			}
		},
		{
			"from": [9, 22, 9],
			"to": [11.5, 23.5, 11.5],
			"rotation": {"angle": 0, "axis": "y", "origin": [11.5, 15, 19.5]},
			"faces": {
				"north": {"uv": [4, 2, 6.5, 3.5], "texture": "#1"},
				"east": {"uv": [4, 2, 6.5, 3.5], "texture": "#1"},
				"south": {"uv": [4, 2, 6.5, 3.5], "texture": "#1"},
				"west": {"uv": [4, 2, 6.5, 3.5], "texture": "#1"},
				"up": {"uv": [4, 2, 6.5, 4.5], "texture": "#1"},
				"down": {"uv": [4, 2, 6.5, 4.5], "texture": "#1"}
			}
		},
		{
			"from": [10, 17.5, 5],
			"to": [11, 21, 6],
			"rotation": {"angle": 0, "axis": "y", "origin": [11.5, 10.5, 15]},
			"faces": {
				"north": {"uv": [1, 1, 2, 4.5], "texture": "#1"},
				"east": {"uv": [1, 1, 2, 4.5], "texture": "#1"},
				"south": {"uv": [1, 1, 2, 4.5], "texture": "#1"},
				"west": {"uv": [1, 1, 2, 4.5], "texture": "#1"},
				"up": {"uv": [1, 1, 2, 2], "texture": "#1"},
				"down": {"uv": [1, 1, 2, 2], "texture": "#1"}
			}
		},
		{
			"from": [9.75, 17.5, 4.75],
			"to": [11.25, 18.5, 6.25],
			"rotation": {"angle": 0, "axis": "y", "origin": [11.5, 9.5, 15]},
			"faces": {
				"north": {"uv": [2, 0, 3.5, 1], "texture": "#1"},
				"east": {"uv": [2, 0, 3.5, 1], "texture": "#1"},
				"south": {"uv": [2, 0, 3.5, 1], "texture": "#1"},
				"west": {"uv": [2, 0, 3.5, 1], "texture": "#1"},
				"up": {"uv": [2, 0, 3, 1], "texture": "#1"},
				"down": {"uv": [2, 0, 3, 1], "texture": "#1"}
			}
		},
		{
			"from": [9.75, 21, 4.75],
			"to": [11.25, 22, 6.25],
			"rotation": {"angle": 0, "axis": "y", "origin": [11.5, 13, 15]},
			"faces": {
				"north": {"uv": [2, 0, 3.5, 1], "texture": "#1"},
				"east": {"uv": [2, 0, 3.5, 1], "texture": "#1"},
				"south": {"uv": [2, 0, 3.5, 1], "texture": "#1"},
				"west": {"uv": [2, 0, 3.5, 1], "texture": "#1"},
				"up": {"uv": [2, 0, 3, 1], "texture": "#1"},
				"down": {"uv": [2, 0, 3, 1], "texture": "#1"}
			}
		},
		{
			"from": [5, 17.5, 5],
			"to": [6, 21, 6],
			"rotation": {"angle": 0, "axis": "y", "origin": [6.5, 10.5, 15]},
			"faces": {
				"north": {"uv": [1, 8, 2, 11.5], "texture": "#1"},
				"east": {"uv": [1, 8, 2, 11.5], "texture": "#1"},
				"south": {"uv": [1, 8, 2, 11.5], "texture": "#1"},
				"west": {"uv": [1, 8, 2, 11.5], "texture": "#1"},
				"up": {"uv": [1, 13, 2, 14], "texture": "#1"},
				"down": {"uv": [1, 13, 2, 14], "texture": "#1"}
			}
		},
		{
			"from": [4.75, 17.5, 4.75],
			"to": [6.25, 18.5, 6.25],
			"rotation": {"angle": 0, "axis": "y", "origin": [6.5, 9.5, 15]},
			"faces": {
				"north": {"uv": [2, 0, 3.5, 1], "texture": "#1"},
				"east": {"uv": [2, 0, 3.5, 1], "texture": "#1"},
				"south": {"uv": [2, 0, 3.5, 1], "texture": "#1"},
				"west": {"uv": [2, 0, 3.5, 1], "texture": "#1"},
				"up": {"uv": [2, 0, 3, 1], "texture": "#1"},
				"down": {"uv": [2, 0, 3, 1], "texture": "#1"}
			}
		},
		{
			"from": [4.75, 21, 4.75],
			"to": [6.25, 22, 6.25],
			"rotation": {"angle": 0, "axis": "y", "origin": [6.5, 13, 15]},
			"faces": {
				"north": {"uv": [2, 0, 3.5, 1], "texture": "#1"},
				"east": {"uv": [2, 0, 3.5, 1], "texture": "#1"},
				"south": {"uv": [2, 0, 3.5, 1], "texture": "#1"},
				"west": {"uv": [2, 0, 3.5, 1], "texture": "#1"},
				"up": {"uv": [2, 0, 3, 1], "texture": "#1"},
				"down": {"uv": [2, 0, 3, 1], "texture": "#1"}
			}
		},
		{
			"from": [10, 17.5, 10],
			"to": [11, 21, 11],
			"rotation": {"angle": 0, "axis": "y", "origin": [11.5, 10.5, 20]},
			"faces": {
				"north": {"uv": [1, 8, 2, 11.5], "texture": "#1"},
				"east": {"uv": [1, 8, 2, 11.5], "texture": "#1"},
				"south": {"uv": [1, 8, 2, 11.5], "texture": "#1"},
				"west": {"uv": [1, 8, 2, 11.5], "texture": "#1"},
				"up": {"uv": [1, 13, 2, 14], "texture": "#1"},
				"down": {"uv": [1, 13, 2, 14], "texture": "#1"}
			}
		},
		{
			"from": [9.75, 17.5, 9.75],
			"to": [11.25, 18.5, 11.25],
			"rotation": {"angle": 0, "axis": "y", "origin": [11.5, 9.5, 20]},
			"faces": {
				"north": {"uv": [2, 0, 3.5, 1], "texture": "#1"},
				"east": {"uv": [2, 0, 3.5, 1], "texture": "#1"},
				"south": {"uv": [2, 0, 3.5, 1], "texture": "#1"},
				"west": {"uv": [2, 0, 3.5, 1], "texture": "#1"},
				"up": {"uv": [2, 0, 3, 1], "texture": "#1"},
				"down": {"uv": [2, 0, 3, 1], "texture": "#1"}
			}
		},
		{
			"from": [9.75, 21, 9.75],
			"to": [11.25, 22, 11.25],
			"rotation": {"angle": 0, "axis": "y", "origin": [11.5, 13, 20]},
			"faces": {
				"north": {"uv": [2, 0, 3.5, 1], "texture": "#1"},
				"east": {"uv": [2, 0, 3.5, 1], "texture": "#1"},
				"south": {"uv": [2, 0, 3.5, 1], "texture": "#1"},
				"west": {"uv": [2, 0, 3.5, 1], "texture": "#1"},
				"up": {"uv": [2, 0, 3, 1], "texture": "#1"},
				"down": {"uv": [2, 0, 3, 1], "texture": "#1"}
			}
		},
		{
			"from": [5, 17.5, 10],
			"to": [6, 21, 11],
			"rotation": {"angle": 0, "axis": "y", "origin": [6.5, 10.5, 20]},
			"faces": {
				"north": {"uv": [1, 1, 2, 4.5], "texture": "#1"},
				"east": {"uv": [1, 1, 2, 4.5], "texture": "#1"},
				"south": {"uv": [1, 1, 2, 4.5], "texture": "#1"},
				"west": {"uv": [1, 1, 2, 4.5], "texture": "#1"},
				"up": {"uv": [1, 1, 2, 2], "texture": "#1"},
				"down": {"uv": [1, 1, 2, 2], "texture": "#1"}
			}
		},
		{
			"from": [4.75, 17.5, 9.75],
			"to": [6.25, 18.5, 11.25],
			"rotation": {"angle": 0, "axis": "y", "origin": [6.5, 9.5, 20]},
			"faces": {
				"north": {"uv": [2, 0, 3.5, 1], "texture": "#1"},
				"east": {"uv": [2, 0, 3.5, 1], "texture": "#1"},
				"south": {"uv": [2, 0, 3.5, 1], "texture": "#1"},
				"west": {"uv": [2, 0, 3.5, 1], "texture": "#1"},
				"up": {"uv": [2, 0, 3, 1], "texture": "#1"},
				"down": {"uv": [2, 0, 3, 1], "texture": "#1"}
			}
		},
		{
			"from": [4.75, 21, 9.75],
			"to": [6.25, 22, 11.25],
			"rotation": {"angle": 0, "axis": "y", "origin": [6.5, 13, 20]},
			"faces": {
				"north": {"uv": [2, 0, 3.5, 1], "texture": "#1"},
				"east": {"uv": [2, 0, 3.5, 1], "texture": "#1"},
				"south": {"uv": [2, 0, 3.5, 1], "texture": "#1"},
				"west": {"uv": [2, 0, 3.5, 1], "texture": "#1"},
				"up": {"uv": [2, 0, 3, 1], "texture": "#1"},
				"down": {"uv": [2, 0, 3, 1], "texture": "#1"}
			}
		}
	],
	"display": {
		"thirdperson_righthand": {
			"scale": [1.2, 1.2, 1.2]
		},
		"firstperson_righthand": {
			"translation": [0, -2, 0]
		},
		"ground": {
			"translation": [0, 10.25, 0],
			"scale": [1.2, 1.2, 1.2]
		},
		"gui": {
			"rotation": [17, 45, -45],
			"translation": [-1.5, 1.75, 0]
		},
		"head": {
			"translation": [0, 21.25, 0],
			"scale": [1.5, 1.5, 1.5]
		},
		"fixed": {
			"rotation": [-90, 0, 0],
			"translation": [0, 0, -14.75],
			"scale": [1.5, 1.5, 1.5]
		}
	},
	"groups": [
		{
			"name": "Eye",
			"origin": [15.5, 25, 15],
			"children": [0, 1, 2, 3]
		},
		{
			"name": "Handle",
			"origin": [11.5, 9, 19.5],
			"children": [4, 5, 6, 7, 8, 9, 10, 11, 12, 13, 14, 15, 16, 17]
		},
		{
			"name": "Rod",
			"origin": [11.5, 10.5, 15],
			"children": [18, 19, 20]
		},
		{
			"name": "Rod",
			"origin": [11.5, 10.5, 15],
			"children": [21, 22, 23]
		},
		{
			"name": "Rod",
			"origin": [11.5, 10.5, 15],
			"children": [24, 25, 26]
		},
		{
			"name": "Rod",
			"origin": [11.5, 10.5, 15],
			"children": [27, 28, 29]
		}
	]
}