{
  "config": {
    "feature": {
      "config": {
        "feature": {
              "config": {
                "state": {
                  "Name": "minecraft:ice"
                },
                "radius": {
                  "base": 2,
                  "spread": 2
                },
                "half_height": 1,
                "targets": [
                  {
                    "Properties": {
                      "snowy": "false"
                    },
                    "Name": "minecraft:grass_block"
                  },
                  {
                    "Name": "minecraft:dirt"
                  },
                  {
                    "Name": "minecraft:sand"
                  },
                  {
                    "Name": "minecraft:sandstone"
                  },
                  {
                    "Name": "minecraft:snow_block"
                  }
                ]
              },
              "type": "ultra_amplified_dimension:disk_dry"
            },
        "decorator": {
          "config": {
            "yoffset": 0
          },
          "type": "ultra_amplified_dimension:y_offset_placer"
        }
      },
      "type": "minecraft:decorated"
    },
    "decorator": {
      "config": {
        "column_passes": 4,
        "valid_spot_chance": 0.4,
        "skip_top_ledge": false,
        "underside_only": false,
        "water_pos_only": false
      },
      "type": "ultra_amplified_dimension:ledge_surface_placer"
    }
  },
  "type": "minecraft:decorated"
}