{
  "conditions": [
    {
      "modid": "darkerdepths",
      "type": "forge:mod_loaded"
    }
  ],
  "name": {
    "color": "#83EBA8",
    "translate": "trophy.trofers.composed",
    "with": [
      {
        "translate": "entity.darkerdepths.glowshroom_monster"
      }
    ]
  },
  "display": {
    "scale": 0.25
  },
  "entity": {
    "type": "darkerdepths:glowshroom_monster"
  },
  "colors": {
    "base": "#606060",
    "accent": "#83EBA8"
  },
  "effects": {
    "sound": {
      "soundEvent": "darkerdepths:entity.glowshroom_monster.ambient"
    },
    "rewards": {
      "lootTable": "darkerdepths:trophies/glowshroom_monster",
      "cooldown": 9600
    }
  }
}