{
  "conditions": [
    {
      "modid": "darkerdepths",
      "type": "forge:mod_loaded"
    }
  ],
  "name": {
    "color": "#DE7031",
    "translate": "trophy.trofers.composed",
    "with": [
      {
        "translate": "entity.darkerdepths.magma_minion"
      }
    ]
  },
  "display": {
    "scale": 0.5
  },
  "entity": {
    "type": "darkerdepths:magma_minion"
  },
  "colors": {
    "base": "#606060",
    "accent": "#DE7031"
  },
  "effects": {
    "rewards": {
      "lootTable": "minecraft:entities/magma_cube",
      "cooldown": 9600
    }
  }
}