{
  "name": "repurposed_structures:village/mountains/houses",
  "fallback": "repurposed_structures:village/mountains/terminators",
  "elements": [
    {
      "weight": 3,
      "element": {
        "location": "morevillagers:village/mountains/mountains_engineer",
        "processors": "repurposed_structures:village/mountains/mossify",
        "projection": "rigid",
        "element_type": "minecraft:legacy_single_pool_element"
      }
    },
    {
      "weight": 2,
      "element": {
        "location": "morevillagers:village/mountains/mountains_florist",
        "processors": "repurposed_structures:village/mountains/mossify",
        "projection": "rigid",
        "element_type": "minecraft:legacy_single_pool_element"
      }
    },
    {
      "weight": 3,
      "element": {
        "location": "morevillagers:village/mountains/mountains_hunter",
        "processors": "repurposed_structures:village/mountains/mossify",
        "projection": "rigid",
        "element_type": "minecraft:legacy_single_pool_element"
      }
    },
    {
      "weight": 2,
      "element": {
        "location": "morevillagers:village/mountains/mountains_oceanographer",
        "processors": "repurposed_structures:village/mountains/mossify",
        "projection": "rigid",
        "element_type": "minecraft:legacy_single_pool_element"
      }
    },
    {
      "weight": 2,
      "element": {
        "location": "morevillagers:village/mountains/mountains_woodworker",
        "processors": "repurposed_structures:village/mountains/mossify",
        "projection": "rigid",
        "element_type": "minecraft:legacy_single_pool_element"
      }
    }
  ]
}
