{
  "type": "recipe",
  "crafter": "cookassistant_crafting",
  "conditions": [
    { "type":"forge:mod_loaded", "modid":"farmersdelight" },
    { "type":"forge:mod_loaded", "modid":"minecolonies" },
    { "type":"forge:mod_loaded", "modid":"some_assembly_required" }
  ],
  "inputs": [
    {
      "item": "minecraft:enchanted_golden_apple"
    }
  ],
  "tool": "knives",
  "intermediate": "farmersdelight:cutting_board",
  "result": "some_assembly_required:enchanted_golden_apple_slices",
  "count": 2
}