{
  "type": "recipe-template",
  "tag": "forge:crops/onion",
  "conditions": [
    { "type":"forge:mod_loaded", "modid":"farmersdelight" },
    { "type":"forge:mod_loaded", "modid":"minecolonies" },
    { "type":"forge:mod_loaded", "modid":"some_assembly_required" }
  ],
  "recipe": {
    "crafter": "cookassistant_crafting",
    "inputs": [
      {
        "item": "[NS]:[PATH]"
      }
    ],
    "tool": "knives",
    "intermediate": "farmersdelight:cutting_board",
    "result": "some_assembly_required:sliced_onion",
    "count": 2
  }
}