{
  "parent": "minecraft:item/template_spawn_egg",
    "overrides": [
		{"predicate": {"custom_model_data": 1}, "model": "geek/white_pawn"},
        {"predicate": {"custom_model_data": 2}, "model": "geek/white_knight"},
        {"predicate": {"custom_model_data": 3}, "model": "geek/white_bishop"},
        {"predicate": {"custom_model_data": 4}, "model": "geek/white_tower"},
        {"predicate": {"custom_model_data": 5}, "model": "geek/white_queen"},
        {"predicate": {"custom_model_data": 6}, "model": "geek/white_king"},
        
        {"predicate": {"custom_model_data": 7}, "model": "geek/black_pawn"},
        {"predicate": {"custom_model_data": 8}, "model": "geek/black_knight"},
        {"predicate": {"custom_model_data": 9}, "model": "geek/black_bishop"},
        {"predicate": {"custom_model_data": 10}, "model": "geek/black_tower"},
        {"predicate": {"custom_model_data": 11}, "model": "geek/black_queen"},
        {"predicate": {"custom_model_data": 12}, "model": "geek/black_king"},
        
        {"predicate": {"custom_model_data": 13}, "model": "geek/placeholder_off"},
        {"predicate": {"custom_model_data": 14}, "model": "geek/placeholder_on"},
        {"predicate": {"custom_model_data": 15}, "model": "geek/placeholder_check"},
        
        {"predicate": {"custom_model_data": 16}, "model": "geek/chess_board"}
	]
}