{
  "conditions": [
    {
      "modid": "quark",
      "type": "forge:mod_loaded"
    }
  ],
  "name": {
    "color": "#AC6D37",
    "translate": "trophy.trofers.composed",
    "with": [
      {
        "translate": "entity.minecraft.chicken"
      }
    ]
  },
  "display": {
    "scale": 0.5
  },
  "entity": {
    "type": "minecraft:chicken",
	"nbt": "{UUID: [I; 1209269292, 304435110, -1270156368, 1691569577]}"
  },
  "colors": {
    "base": "#606060",
    "accent": "#AC6D37"
  },
  "effects": {
    "sound": {
      "soundEvent": "minecraft:entity.chicken.ambient"
    },
    "rewards": {
      "lootTable": "minecraft:entities/chicken",
      "cooldown": 9600,
      "statusEffect": {
        "effect": "minecraft:slow_falling",
        "duration": 800
      }
    }
  }
}