{
  "conditions": [
    {
      "modid": "quark",
      "type": "forge:mod_loaded"
    }
  ],
  "name": {
    "color": "#EFEFEF",
    "translate": "trophy.trofers.composed",
    "with": [
      {
        "translate": "entity.minecraft.cow"
      }
    ]
  },
  "display": {
    "scale": 0.35
  },
  "entity": {
    "type": "minecraft:cow",
	"nbt": "{UUID: [I; 1298254915, -1575468051, -1467069944, 1453172683]}"
  },
  "colors": {
    "base": "#606060",
    "accent": "#EFEFEF"
  },
  "effects": {
    "sound": {
      "soundEvent": "minecraft:entity.cow.ambient"
    },
    "rewards": {
      "lootTable": "trofers:trophies/cow",
      "cooldown": 9600
    }
  }
}