{
  "conditions": [
    {
      "modid": "quark",
      "type": "forge:mod_loaded"
    }
  ],
  "name": {
    "color": "#776261",
    "translate": "trophy.trofers.composed",
    "with": [
      {
        "translate": "entity.quark.forgotten"
      }
    ]
  },
  "display": {
    "scale": 0.35
  },
  "entity": {
    "type": "quark:forgotten",
    "nbt": "{HandItems:[{id:\"minecraft:bow\",Count:1b,tag:{Damage:0,Enchantments:[{lvl:3s,id:\"minecraft:power\"}]}},{}],ArmorItems:[{},{},{},{id:\"quark:forgotten_hat\",Count:1b,tag:{Damage:5, Enchantments:[{lvl:3s,id:\"minecraft:fire_protection\"}]}}]}"
  },
  "colors": {
    "base": "#606060",
    "accent": "#776261"
  },
  "effects": {
    "sound": {
      "soundEvent": "minecraft:entity.skeleton.ambient"
    },
    "rewards": {
      "lootTable": "quark:entities/forgotten",
      "cooldown": 9600,
      "statusEffect": {
        "effect": "minecraft:blindness",
        "duration": 300
      }
    }
  }
}