{
  "conditions": [
    {
      "modid": "quark",
      "type": "forge:mod_loaded"
    }
  ],
  "name": {
    "color": "#288250",
    "translate": "trophy.trofers.composed",
    "with": [
      {
        "translate": "entity.quark.frog"
      }
    ]
  },
  "display": {
    "offset": {
      "z": -1.0
    },
    "scale": 0.35
  },
  "entity": {
    "type": "quark:frog",
	"nbt": "{Sweater:1b,SweaterComp:1b}"
  },
  "colors": {
    "base": "#606060",
    "accent": "#288250"
  },
  "effects": {
    "sound": {
      "soundEvent": "quark:entity.frog.idle"
    },
    "rewards": {
      "lootTable": "quark:entities/frog",
      "cooldown": 9600,
      "statusEffect": {
        "effect": "minecraft:jump_boost",
        "duration": 800,
        "amplifier": 1
      }
    }
  }
}