{
  "conditions": [
    {
      "modid": "quark",
      "type": "forge:mod_loaded"
    }
  ],
  "name": {
    "color": "#B5F96C",
    "translate": "trophy.trofers.composed",
    "with": [
      {
        "translate": "entity.minecraft.llama"
      }
    ]
  },
  "display": {
    "scale": 0.35
  },
  "entity": {
    "type": "minecraft:llama",
    "nbt": "{Variant:2}"
  },
  "colors": {
    "base": "#606060",
    "accent": "#B5F96C"
  },
  "effects": {
    "sound": {
      "soundEvent": "minecraft:entity.llama.ambient"
    },
    "rewards": {
      "lootTable": "trofers:trophies/llama",
      "cooldown": 9600
    }
  }
}