{
  "conditions": [
    {
      "modid": "quark",
      "type": "forge:mod_loaded"
    }
  ],
  "name": {
    "color": "#C16B2C",
    "translate": "trophy.trofers.composed",
    "with": [
      {
        "translate": "entity.minecraft.rabbit"
      }
    ]
  },
  "display": {
    "scale": 0.5
  },
  "entity": {
    "type": "minecraft:rabbit",
    "nbt": "{RabbitType: 0, UUID: [I; 1440399308, -826063064, -2111195607, 2005689212]}"
  },
  "colors": {
    "base": "#606060",
    "accent": "#C16B2C"
  },
  "effects": {
    "sound": {
      "soundEvent": "minecraft:entity.rabbit.ambient"
    },
    "rewards": {
      "statusEffect": {
        "effect": "minecraft:jump_boost",
        "duration": 800
      }
    }
  }
}