{
  "conditions": [
    {
      "modid": "quark",
      "type": "forge:mod_loaded"
    }
  ],
  "name": {
    "color": "#EDEDEE",
    "translate": "trophy.trofers.composed",
    "with": [
      {
        "translate": "entity.quark.stoneling"
      }
    ]
  },
  "display": {
    "scale": 0.5
  },
  "entity": {
    "type": "quark:stoneling",
    "nbt": "{variant:2b,carryingItem:{id:\"minecraft:gold_ingot\",Count:1b}}"
  },
  "colors": {
    "base": "#606060",
    "accent": "#EDEDEE"
  },
  "effects": {
    "sound": {
      "soundEvent": "quark:entity.stoneling.meep"
    },
    "rewards": {
      "lootTable": "quark:entities/stoneling",
      "cooldown": 288000
    }
  }
}