{
  "conditions": [
    {
      "modid": "betterendforge",
      "type": "forge:mod_loaded"
    }
  ],
  "name": {
    "color": "#86B92B",
    "translate": "trophy.trofers.composed",
    "with": [
      {
        "translate": "entity.betterendforge.end_fish"
      }
    ]
  },
  "display": {
    "offset": {
      "y": -1.45
    },
    "scale": 0.75
  },
  "entity": {
    "type": "betterendforge:end_fish"
  },
  "colors": {
    "base": "#606060",
    "accent": "#86B92B"
  },
  "effects": {
    "sound": {
      "soundEvent": "minecraft:entity.tropical_fish.ambient"
    },
    "rewards": {
      "lootTable": "betterendforge:entities/end_fish",
      "cooldown": 9600,
      "statusEffect": {
        "effect": "minecraft:water_breathing",
        "duration": 800
      }
    }
  }
}