{
  "type": "recipe",
  "crafter": "baker_crafting",
  "conditions": [
    { "type":"forge:mod_loaded", "modid":"farmersdelight" },
    { "type":"forge:mod_loaded", "modid":"minecolonies" }
  ],
  "inputs": [
    {
      "item": "minecraft:egg"
    },
    {
      "item": "farmersdelight:milk_bottle"
    },
    {
      "item": "farmersdelight:wheat_dough"
    },
    {
      "item": "minecraft:sugar",
      "count": 2
    }
  ],
  "intermediate": "minecraft:air",
  "result": "minecraft:cake",
  "additional-output": [
    { "item": "minecraft:glass_bottle" }
  ]
}