{
  "type": "recipe",
  "crafter": "baker_crafting",
  "conditions": [
    { "type":"forge:mod_loaded", "modid":"farmersdelight" },
    { "type":"forge:mod_loaded", "modid":"minecolonies" }
  ],
  "inputs": [
    {
      "item": "farmersdelight:milk_bottle",
      "count": 2
    },
    {
      "item": "minecraft:sweet_berries",
      "count": 6
    }
  ],
  "intermediate": "minecraft:air",
  "result": "farmersdelight:sweet_berry_cheesecake",
  "min-building-level": 3,
  "additional-output": [
    { "item": "minecraft:glass_bottle", "count": 2 }
  ]
}