{
  "conditions": [
    {
      "condition": "minecraft:killed_by_player"
    },
    {
      "condition": "trofers:random_trophy_chance"
    }
  ],
  "trophyBase": "trofers:medium_plate",
  "trophies": [
    {
      "entity": "quark:foxhound",
      "trophy": "trofers:quark/foxhound"
    },
    {
      "entity": "quark:foxhound",
      "trophy": "trofers:quark/foxhound_soul"
    },
    {
      "entity": "quark:shiba",
      "trophy": "trofers:quark/shiba"
    },
    {
      "entity": "quark:shiba",
      "trophy": "trofers:quark/shiba_gray"
    },
    {
      "entity": "quark:shiba",
      "trophy": "trofers:quark/shiba_orange"
    }
  ],
  "type": "trofers:add_entity_trophy"
}