{
  "conditions": [
    {
      "condition": "minecraft:killed_by_player"
    },
    {
      "condition": "trofers:random_trophy_chance"
    }
  ],
  "trophyBase": "trofers:small_plate",
  "trophies": [
    {
      "entity": "savageandravage:creepie",
      "trophy": "trofers:savageandravage/creepie"
    },
    {
      "entity": "savageandravage:excutioner",
      "trophy": "trofers:savageandravage/excutioner"
    },
    {
      "entity": "savageandravage:griefer",
      "trophy": "trofers:savageandravage/griefer"
    },
    {
      "entity": "savageandravage:iceologer",
      "trophy": "trofers:savageandravage/iceologer"
    }
  ],
  "type": "trofers:add_entity_trophy"
}