{
  "conditions": [
    {
      "modid": "blue_skies",
      "type": "forge:mod_loaded"
    }
  ],
  "name": {
    "color": "#92F4F4",
    "translate": "trophy.trofers.composed",
    "with": [
      {
        "translate": "entity.blue_skies.artificial_golem"
      }
    ]
  },
  "display": {
    "scale": 0.35
  },
  "entity": {
    "type": "blue_skies:artificial_golem",
	"nbt": "{IsRanged: 0b}"
  },
  "colors": {
    "base": "#9C9CA0",
    "accent": "#92F4F4"
  },
  "effects": {
    "sound": {
      "soundEvent": "blue_skies:entity.artificial_golem.activate"
    },
    "rewards": {
      "lootTable": "blue_skies:entities/artificial_golem",
      "cooldown": 9600
    }
  }
}