{
  "conditions": [
    {
      "modid": "blue_skies",
      "type": "forge:mod_loaded"
    }
  ],
  "name": {
    "color": "#A04929",
    "translate": "trophy.trofers.composed",
    "with": [
      {
        "translate": "entity.blue_skies.charscale_moki"
      }
    ]
  },
  "display": {
    "offset": {
      "x": -0.75,
      "y": 1.0
    },
    "rotation": {
      "z": -90.0
    },
    "scale": 0.5
  },
  "entity": {
    "type": "blue_skies:charscale_moki"
  },
  "colors": {
    "base": "#A04929",
    "accent": "#EA9F3C"
  },
  "effects": {
    "sound": {
      "soundEvent": "minecraft:entity.tropical_fish.flop"
    },
    "rewards": {
      "lootTable": "blue_skies:entities/charscale_moki",
      "cooldown": 9600,
      "statusEffect": {
        "effect": "minecraft:water_breathing",
        "duration": 800
      }
    }
  }
}