{
  "conditions": [
    {
      "modid": "blue_skies",
      "type": "forge:mod_loaded"
    }
  ],
  "name": {
    "color": "#9CC3FF",
    "translate": "trophy.trofers.composed",
    "with": [
      {
        "translate": "entity.blue_skies.crynocerous"
      }
    ]
  },
  "display": {
    "scale": 0.35
  },
  "entity": {
    "type": "blue_skies:crynocerous",
	"nbt": "{IceType: 0}"
  },
  "colors": {
    "base": "#6E99E8",
    "accent": "#9CC3FF"
  },
  "effects": {
    "sound": {
      "soundEvent": "blue_skies:entity.crynocerous.idle"
    },
    "rewards": {
      "lootTable": "blue_skies:entities/crynocerous",
      "cooldown": 9600
    }
  }
}