{
  "conditions": [
    {
      "modid": "blue_skies",
      "type": "forge:mod_loaded"
    }
  ],
  "name": {
    "color": "#39B68C",
    "translate": "trophy.trofers.composed",
    "with": [
      {
        "translate": "entity.blue_skies.municipal_monkfish"
      }
    ]
  },
  "display": {
    "offset": {
      "x": -0.75,
      "y": 1.0
    },
    "rotation": {
      "z": -90.0
    },
    "scale": 0.5
  },
  "entity": {
    "type": "blue_skies:municipal_monkfish"
  },
  "colors": {
    "base": "#257782",
    "accent": "#39B68C"
  },
  "effects": {
    "sound": {
      "soundEvent": "minecraft:entity.tropical_fish.flop"
    },
    "rewards": {
      "lootTable": "blue_skies:entities/municipal_monkfish",
      "cooldown": 9600,
      "statusEffect": {
        "effect": "minecraft:water_breathing",
        "duration": 800
      }
    }
  }
}