{
  "conditions": [
    {
      "modid": "blue_skies",
      "type": "forge:mod_loaded"
    }
  ],
  "name": {
    "color": "#482C46",
    "translate": "trophy.trofers.composed",
    "with": [
      {
        "translate": "entity.blue_skies.nested_spider"
      }
    ]
  },
  "display": {
    "scale": 0.35
  },
  "entity": {
    "type": "blue_skies:nested_spider"
  },
  "colors": {
    "base": "#171728",
    "accent": "#482C46"
  },
  "effects": {
    "sound": {
      "soundEvent": "blue_skies:entity.nested_spider.idle"
    },
    "rewards": {
      "lootTable": "trofers:trophies/spider",
      "cooldown": 9600
    }
  }
}