{
  "conditions": [
    {
      "modid": "blue_skies",
      "type": "forge:mod_loaded"
    }
  ],
  "name": {
    "color": "#13B5C4",
    "translate": "trophy.trofers.composed",
    "with": [
      {
        "translate": "entity.blue_skies.nyctofly"
      }
    ]
  },
  "display": {
    "scale": 0.35
  },
  "entity": {
    "type": "blue_skies:nyctofly",
    "animated": true
  },
  "colors": {
    "base": "#2B2037",
    "accent": "#13B5C4"
  },
  "effects": {
    "sound": {
      "soundEvent": "blue_skies:entity.nyctofly.flying"
    },
    "rewards": {
      "lootTable": "blue_skies:entities/nyctofly",
      "cooldown": 9600
    }
  }
}