{
  "conditions": [
    {
      "modid": "blue_skies",
      "type": "forge:mod_loaded"
    }
  ],
  "name": {
    "color": "#E8E8F7",
    "translate": "trophy.trofers.composed",
    "with": [
      {
        "translate": "entity.blue_skies.polargeist"
      }
    ]
  },
  "display": {
    "offset": {
      "z": 1.2
    },
    "scale": 0.3
  },
  "entity": {
    "type": "blue_skies:polargeist"
  },
  "colors": {
    "base": "#C5C5D8",
    "accent": "#E8E8F7"
  },
  "effects": {
    "sound": {
      "soundEvent": "blue_skies:entity.polargeist.idle"
    },
    "rewards": {
      "lootTable": "blue_skies:entities/polargeist",
      "cooldown": 9600
    }
  }
}