{
  "conditions": [
    {
      "modid": "blue_skies",
      "type": "forge:mod_loaded"
    }
  ],
  "name": {
    "color": "#D8B8BE",
    "translate": "trophy.trofers.composed",
    "with": [
      {
        "translate": "entity.blue_skies.reindeer"
      }
    ]
  },
  "display": {
    "scale": 0.35
  },
  "entity": {
    "type": "blue_skies:reindeer",
	"nbt": "{FestiveStatus: 2}"
  },
  "colors": {
    "base": "#270B0B",
    "accent": "#D8B8BE"
  },
  "effects": {
    "sound": {
      "soundEvent": "blue_skies:entity.reindeer.idle"
    },
    "rewards": {
      "lootTable": "blue_skies:entities/reindeer",
      "cooldown": 9600
    }
  }
}