{
  "conditions": [
    {
      "modid": "blue_skies",
      "type": "forge:mod_loaded"
    }
  ],
  "name": {
    "color": "#9366C2",
    "translate": "trophy.trofers.composed",
    "with": [
      {
        "translate": "entity.blue_skies.shade_monitor"
      }
    ]
  },
  "display": {
    "scale": 0.35
  },
  "entity": {
    "type": "blue_skies:shade_monitor",
	"nbt": "{Biome: 2b}"
  },
  "colors": {
    "base": "#2B093F",
    "accent": "#9366C2"
  },
  "effects": {
    "sound": {
      "soundEvent": "blue_skies:entity.shade_monitor.idle"
    },
    "rewards": {
      "lootTable": "blue_skies:entities/shade_monitor",
      "cooldown": 9600
    }
  }
}