{
  "conditions": [
    {
      "modid": "blue_skies",
      "type": "forge:mod_loaded"
    }
  ],
  "name": {
    "color": "#B8342C",
    "translate": "trophy.trofers.composed",
    "with": [
      {
        "translate": "entity.blue_skies.stardust_ram"
      }
    ]
  },
  "display": {
    "scale": 0.35
  },
  "entity": {
    "type": "blue_skies:stardust_ram",
    "nbt": "{Color: 0b, CustomName: '{\"text\":\"jeb_\"}'}",
    "animated": true
  },
  "colors": {
    "base": "#606060",
    "accent": "#B8342C"
  },
  "effects": {
    "sound": {
      "soundEvent": "blue_skies:entity.stardust_ram.idle"
    },
    "rewards": {
      "lootTable": "trofers:trophies/stardust_ram",
      "cooldown": 9600
    }
  }
}