{
  "conditions": [
    {
      "modid": "blue_skies",
      "type": "forge:mod_loaded"
    }
  ],
  "name": {
    "color": "#23573F",
    "translate": "trophy.trofers.composed",
    "with": [
      {
        "translate": "entity.blue_skies.stonelet"
      }
    ]
  },
  "display": {
    "scale": 0.35
  },
  "entity": {
    "type": "blue_skies:stonelet"
  },
  "colors": {
    "base": "#23573F",
    "accent": "#9287FF"
  },
  "effects": {
    "sound": {
      "soundEvent": "blue_skies:entity.stonelet.idle"
    },
    "rewards": {
      "lootTable": "blue_skies:entities/stonelet",
      "cooldown": 9600
    }
  }
}