{
  "conditions": [
    {
      "modid": "blue_skies",
      "type": "forge:mod_loaded"
    }
  ],
  "name": {
    "color": "#3E7545",
    "translate": "trophy.trofers.composed",
    "with": [
      {
        "translate": "entity.blue_skies.whistleshell_crab"
      }
    ]
  },
  "display": {
    "scale": 0.25
  },
  "entity": {
    "type": "blue_skies:whistleshell_crab",
	"nbt": "{CrabType: 1b}"
  },
  "colors": {
    "base": "#3E7545",
    "accent": "#A8E0DF"
  },
  "effects": {
    "sound": {
      "soundEvent": "minecraft:entity.turtle.hurt"
    },
    "rewards": {
      "lootTable": "minecraft:blocks/kelp",
      "cooldown": 9600
    }
  }
}