{
  "type": "minecraft:entity",
  "pools": [
    {
      "name": "main",
      "rolls": 1.0,
      "entries": [
        {
          "type": "minecraft:item",
          "functions": [
            {
              "function": "minecraft:set_count",
              "count": {
                "type": "minecraft:uniform",
                "min": 0.0,
                "max": 1.0
              },
              "add": false
            },
            {
              "function": "minecraft:looting_enchant",
              "count": {
                "type": "minecraft:uniform",
                "min": 0.0,
                "max": 1.0
              }
            }
          ],
          "name": "trofers:medium_pillar"
        }
      ],
      "conditions": [
        {
          "condition": "trofers:random_trophy_chance"
        }
      ],
      "functions": [
        {
          "function": "minecraft:set_nbt",
          "tag": "{BlockEntityTag:{Trophy:\"pokecube:gengar_mega\"}}"
        }
      ]
    },
    {
      "name": "pool",
      "rolls": 1,
      "entries": [
        {
          "type": "loot_table",
          "name": "null",
          "weight": 1
        }
      ]
    }
  ]
}