{
  "type": "bonsaitrees2:sapling",
  "sapling": {
    "item": "pokecube:berry_hondew"
  },
  "drops": [
    {
      "result": {
        "item": "minecraft:oak_log"
      },
      "rolls": 1,
      "chance": 0.75
    },
    {
      "result": {
        "item": "minecraft:stick"
      },
      "rolls": 3,
      "chance": 0.2
    },
    {
      "result": {
        "item": "pokecube:berry_hondew"
      },
      "rolls": 1,
      "chance": 0.2
    },
    {
      "result": {
        "item": "pokecube:leaves_hondew"
      },
      "rolls": 1,
      "chance": 0.1
    },
    {
      "result": {
        "item": "pokecube:berry_hondew"
      },
      "rolls": 1,
      "chance": 0.05
    }
  ],
  "compatibleSoilTags": [
    "grass",
    "dirt"
  ]
}