{
  "type": "recipe-template",
  "tag": "forge:eggs",
  "conditions": [
    { "type":"forge:mod_loaded", "modid":"farmersdelight" },
    { "type":"forge:mod_loaded", "modid":"minecolonies" }
  ],
  "recipe": {
    "crafter": "cookassistant_smelting",
    "inputs": [
      {
        "item": "farmersdelight:cod_slice"
      },
      {
        "item": "minecraft:potato"
      },
      {
        "item": "[NS]:[PATH]"
      },
      {
        "item": "farmersdelight:tomato"
      },
      {
        "item": "minecraft:bowl"
      }
    ],
    "intermediate": "farmersdelight:cooking_pot",
    "result": "farmersdelight:baked_cod_stew",
    "count": 1
  }
}