{
  "type": "recipe-template",
  "tag": "forge:raw_beef",
  "conditions": [
    { "type":"forge:mod_loaded", "modid":"farmersdelight" },
    { "type":"forge:mod_loaded", "modid":"minecolonies" }
  ],
  "recipe": {
    "crafter": "cookassistant_smelting",
    "inputs": [
      {
        "item": "farmersdelight:wheat_dough"
      },
      {
        "item": "farmersdelight:cabbage_leaf"
      },
      {
        "item": "farmersdelight:onion"
      },
      {
        "item": "[NS]:[PATH]"
      }
    ],
    "intermediate": "farmersdelight:cooking_pot",
    "result": "farmersdelight:dumplings",
    "count": 2
  }
}