{
  "type": "recipe",
  "crafter": "cookassistant_smelting",
  "conditions": [
    { "type":"forge:mod_loaded", "modid":"farmersdelight" },
    { "type":"forge:mod_loaded", "modid":"minecolonies" }
  ],
  "inputs": [
    {
      "item": "farmersdelight:wheat_dough"
    },
    {
      "item": "farmersdelight:cabbage_leaf"
    },
    {
      "item": "farmersdelight:onion"
    },
    {
      "item": "minecraft:brown_mushroom"
    }
  ],
  "intermediate": "farmersdelight:cooking_pot",
  "result": "farmersdelight:dumplings",
  "count": 2
}