{
  "type": "recipe-template",
  "tag": "forge:eggs",
  "conditions": [
    { "type":"forge:mod_loaded", "modid":"farmersdelight" },
    { "type":"forge:mod_loaded", "modid":"minecolonies" }
  ],
  "recipe": {
    "crafter": "cookassistant_smelting",
    "inputs": [
      {
        "item": "minecraft:glow_berries"
      },
      {
        "item": "minecraft:milk_bottle"
      },
      {
        "item": "[NS]:[PATH]"
      },
      {
        "item": "minecraft:sugar"
      },
      {
        "item": "minecraft:glass_bottle"
      }
    ],
    "intermediate": "farmersdelight:cooking_pot",
    "result": "farmersdelight:glow_berry_custard",
    "count": 1,
    "additional-output": [
      { "item": "minecraft:glass_bottle" }
    ]
  }
}