{
  "type": "recipe-template",
  "tag": "forge:milk",
  "conditions": [
    { "type":"forge:mod_loaded", "modid":"farmersdelight" },
    { "type":"forge:mod_loaded", "modid":"minecolonies" }
  ],
  "recipe": {
    "crafter": "cookassistant_smelting",
    "inputs": [
      {
        "item": "[NS]:[PATH]"
      },
      {
        "item": "minecraft:sugar"
      },
      {
        "item": "minecraft:cocoa_beans",
        "count": 2
      },
      {
        "item": "minecraft:glass_bottle"
      }
    ],
    "intermediate": "farmersdelight:cooking_pot",
    "result": "farmersdelight:hot_cocoa",
    "count": 1
  }
}