{
  "type": "recipe",
  "crafter": "cookassistant_crafting",
  "conditions": [
    { "type":"forge:mod_loaded", "modid":"farmersdelight" },
    { "type":"forge:mod_loaded", "modid":"minecolonies" }
  ],
  "inputs": [
    {
      "item": "farmersdelight:wild_onions"
    }
  ],
  "tool": "knives",
  "intermediate": "farmersdelight:cutting_board",
  "result": "farmersdelight:onion",
  "count": 1,
  "additional-output": [
    { "item": "minecraft:lime_dye" },
    { "item": "minecraft:magenta_dye", "count": 2 }
  ]
}