{
  "type": "recipe",
  "crafter": "cookassistant_smelting",
  "conditions": [
    { "type":"forge:mod_loaded", "modid":"farmersdelight" },
    { "type":"forge:mod_loaded", "modid":"minecolonies" }
  ],
  "inputs": [
    {
      "item": "farmersdelight:minced_beef"
    },
    {
      "item": "farmersdelight:raw_pasta"
    },
    {
      "item": "farmersdelight:tomato_sauce"
    },
    {
      "item": "minecraft:bowl"
    }
  ],
  "intermediate": "farmersdelight:cooking_pot",
  "result": "farmersdelight:pasta_with_meatballs",
  "additional-output": [
    { "item": "minecraft:bowl" }
  ]
}