{
  "type": "recipe-template",
  "tag": "forge:raw_mutton",
  "conditions": [
    { "type":"forge:mod_loaded", "modid":"farmersdelight" },
    { "type":"forge:mod_loaded", "modid":"minecolonies" }
  ],
  "recipe": {
    "crafter": "cookassistant_smelting",
    "inputs": [
      {
        "item": "[NS]:[PATH]"
      },
      {
        "item": "farmersdelight:raw_pasta"
      },
      {
        "item": "farmersdelight:tomato_sauce"
      },
      {
        "item": "minecraft:bowl"
      }
    ],
    "intermediate": "farmersdelight:cooking_pot",
    "result": "farmersdelight:pasta_with_mutton_chop",
    "count": 1,
    "additional-output": [
      { "item": "minecraft:bowl" }
    ]
  }
}