{
  "type": "recipe-template",
  "tag": "forge:salad_ingredients",
  "conditions": [
    { "type":"forge:mod_loaded", "modid":"farmersdelight" },
    { "type":"forge:mod_loaded", "modid":"minecolonies" }
  ],
  "recipe": {
    "crafter": "cookassistant_smelting",
    "inputs": [
      {
        "item": "farmersdelight:pumpkin_slice"
      },
      {
        "item": "[NS]:[PATH]"
      },
      {
        "item": "minecraft:porkchop"
      },
      {
        "item": "farmersdelight:milk_bottle"
      },
      {
        "item": "minecraft:bowl"
      }
    ],
    "intermediate": "farmersdelight:cooking_pot",
    "result": "farmersdelight:fried_rice",
    "count": 1,
    "additional-output": [
      { "item": "minecraft:glass_bottle" }
    ]
  }
}