{
  "type": "recipe-template",
  "tag": "forge:vegetables",
  "conditions": [
    { "type":"forge:mod_loaded", "modid":"farmersdelight" },
    { "type":"forge:mod_loaded", "modid":"minecolonies" }
  ],
  "recipe": {
    "crafter": "cookassistant_smelting",
    "inputs": [
      {
        "item": "farmersdelight:tomato"
      },
      {
        "item": "farmersdelight:onion"
      },
      {
        "item": "minecraft:beetroot"
      },
      {
        "item": "[NS]:[PATH]"
      },
      {
        "item": "minecraft:bowl"
      }
    ],
    "intermediate": "farmersdelight:cooking_pot",
    "result": "farmersdelight:ratatouille",
    "count": 1
  }
}