{
  "type": "recipe-template",
  "tag": "forge:crops/tomato",
  "conditions": [
    { "type":"forge:mod_loaded", "modid":"farmersdelight" },
    { "type":"forge:mod_loaded", "modid":"minecolonies" }
  ],
  "recipe": {
    "crafter": "cookassistant_smelting",
    "inputs": [
      {
        "item": "[NS]:[PATH]"
      },
      {
        "item": "[NS]:[PATH]"
      },
      {
        "item": "minecraft:bowl"
      }
    ],
    "intermediate": "farmersdelight:cooking_pot",
    "result": "farmersdelight:tomato_sauce",
    "count": 1
  }
}