{
  "type": "recipe",
  "crafter": "cookassistant_crafting",
  "conditions": [
    { "type":"forge:mod_loaded", "modid":"farmersdelight" },
    { "type":"forge:mod_loaded", "modid":"minecolonies" }
  ],
  "inputs": [
    {
      "item": "farmersdelight:wild_tomatoes"
    }
  ],
  "tool": "knives",
  "intermediate": "farmersdelight:cutting_board",
  "result": "farmersdelight:tomato",
  "count": 1,
  "additional-output": [
    { "item": "farmersdelight:tomato_seeds" },
    { "item": "minecraft:green_dye" }
  ]
}