{
  "values": [
    "#forge:string",
    "minecraft:moss_carpet",
    { "id": "#farmersdelight:canvas_signs", "required": false },
    { "id": "#farmersdelight:hanging_canvas_signs", "required": false },
    { "id": "farmersdelight:basket", "required": false },
    { "id": "farmersdelight:canvas", "required": false },
    { "id": "farmersdelight:canvas_rug", "required": false },
    { "id": "farmersdelight:full_tatami_mat", "required": false },
    { "id": "farmersdelight:half_tatami_mat", "required": false },
    { "id": "farmersdelight:rope", "required": false },
    { "id": "farmersdelight:safety_net", "required": false },
    { "id": "farmersdelight:straw", "required": false },
    { "id": "farmersdelight:straw_bale", "required": false },
    { "id": "farmersdelight:tatami", "required": false }
  ]
}