{
  "parent": "dynamictrees:block/smartmodel/sapling",
  "render_type": "minecraft:cutout_mipped",
  "textures": {
    "leaves": "super_block_world:block/amanita_leaves",
    "leaves_fruiting": "super_block_world:block/amanita_leaves_fruiting",
    "fruit": "super_block_world:block/amanita_leaves_fruit",
    "log": "super_block_world:block/amanita_log"
  },
    "elements": [
        {   "__comment": "Leaves",
            "from": [ 4, 4, 4 ],
            "to": [ 12, 12, 12 ],
            "faces": {
                "down":  { "uv": [ 4, 4, 12, 12 ], "texture": "#leaves", "tintindex": 0 },
                "up":    { "uv": [ 4, 4, 12, 12 ], "texture": "#leaves", "tintindex": 0 },
                "north": { "uv": [ 4, 4, 12, 12 ], "texture": "#leaves_fruiting", "tintindex": 0 },
                "south": { "uv": [ 4, 4, 12, 12 ], "texture": "#leaves_fruiting", "tintindex": 0 },
                "west":  { "uv": [ 4, 4, 12, 12 ], "texture": "#leaves_fruiting", "tintindex": 0 },
                "east":  { "uv": [ 4, 4, 12, 12 ], "texture": "#leaves_fruiting", "tintindex": 0 }
            }
        },
        {   "__comment": "Fruit",
            "from": [ 4, 4, 4 ],
            "to": [ 12, 12, 12 ],
            "faces": {
                "north": { "uv": [ 4, 4, 12, 12 ], "texture": "#fruit" },
                "south": { "uv": [ 4, 4, 12, 12 ], "texture": "#fruit" },
                "west":  { "uv": [ 4, 4, 12, 12 ], "texture": "#fruit" },
                "east":  { "uv": [ 4, 4, 12, 12 ], "texture": "#fruit" }
            }
        },
        {   "__comment": "Trunk",
            "from": [ 7, 0, 7 ],
            "to": [ 9, 5, 9 ],
            "faces": {
                "down":  { "uv": [ 7, 7, 9, 9 ], "texture": "#log", "cullface": "down"},
                "up":    { "uv": [ 7, 7, 9, 9 ], "texture": "#log"},
                "north": { "uv": [ 7, 0, 9, 5 ], "texture": "#log"},
                "south": { "uv": [ 7, 0, 9, 5 ], "texture": "#log"},
                "west":  { "uv": [ 7, 0, 9, 5 ], "texture": "#log"},
                "east":  { "uv": [ 7, 0, 9, 5 ], "texture": "#log"}
            }
        }
    ]
}