{
	"credit": "Made with Blockbench",
	"parent": "dynamictrees:block/smartmodel/sapling",
	"render_type": "minecraft:cutout_mipped",
	"textures": {
		"log": "super_block_world:block/subcon_palm_stem",
		"cross": "super_block_world:block/subcon_palm",
		"particle": "super_block_world:block/subcon_palm"
	},
	"elements": [
		{
			"name": "Leaves",
			"from": [0.8, 3, 8],
			"to": [15.2, 19, 8],
			"shade": false,
			"rotation": {"angle": 45, "axis": "y", "origin": [8, 11, 8], "rescale": true},
			"faces": {
				"north": {"uv": [0, 0, 16, 16], "texture": "#cross"},
				"south": {"uv": [0, 0, 16, 16], "texture": "#cross"}
			}
		},
		{
			"name": "Leaves",
			"from": [8, 3, 0.8],
			"to": [8, 19, 15.2],
			"shade": false,
			"rotation": {"angle": 45, "axis": "y", "origin": [8, 11, 8], "rescale": true},
			"faces": {
				"east": {"uv": [0, 0, 16, 16], "texture": "#cross"},
				"west": {"uv": [0, 0, 16, 16], "texture": "#cross"}
			}
		},
		{
			"name": "Trunk",
			"from": [7, 0, 7],
			"to": [9, 5, 9],
			"faces": {
				"north": {"uv": [7, 11, 9, 16], "texture": "#log"},
				"east": {"uv": [7, 11, 9, 16], "texture": "#log"},
				"south": {"uv": [7, 11, 9, 16], "texture": "#log"},
				"west": {"uv": [7, 11, 9, 16], "texture": "#log"},
				"up": {"uv": [10, 0, 12, 2], "texture": "#log"},
				"down": {"uv": [7, 0, 9, 2], "texture": "#log", "cullface": "down"}
			}
		}
	]
}