{
    "conditions":
    [
        {
            "type":"forge:mod_loaded",
            "modid":"astikorcarts"
        },
        {
            "type":"forge:mod_loaded",
            "modid":"charm"
        },
        {
            "type": "charm:module_enabled",
            "module": "charm:woodcutters"
        }
    ],
    
    "type":"minecraft:woodcutting",
    
    "ingredient":
    {
        "tag":"minecraft:logs"
    },
    
    "result":"astikorcarts:wheel",
    "count":1
}