{
  "translucent": true,
  "multitexture": {
    "base_map": {
      "0": "minecraft:slime_block",
	  "1": "minecraft:slime_block",
	  "2": "quark:magenta_slime_block",
	  "3": "minecraft:slime_block",
	  "4": "quark:yellow_slime_block",
	  "5": "minecraft:slime_block",
	  "6": "minecraft:slime_block",
	  "7": "minecraft:slime_block",
	  "8": "minecraft:slime_block",
	  "9": "quark:cyan_slime_block",
	  "10": "minecraft:slime_block",
	  "11": "quark:blue_slime_block",
	  "12": "minecraft:slime_block",
	  "13": "minecraft:slime_block",
	  "14": "quark:red_slime_block",
	  "15": "minecraft:slime_block"
    }
  },
  "layers": [
    {
	  "texture": "#golems:layer/eyes/eyes"
	}
  ]
}