{
  "conditions":
  [
      {
          "type":"forge:mod_loaded",
          "modid":"botania"
      }
  ],
    
  "type": "botanypots:crop",
  "seed": {
    "item": "botania:lime_mushroom"
  },
  "categories":["dirt"],
  "growthTicks": 3,
  "growthModifier": 1.2,
  "display": {
    "block": "botania:lime_mushroom"
  },
  "results": [
    {
      "chance": 0.75,
      "output": {
        "item": "botania:lime_mushroom"
      },
      "minRolls": 1,
      "maxRolls": 1
    },
    {
      "chance": 0.05,
      "output": {
        "item": "botania:lime_mushroom"
      },
      "minRolls": 1,
      "maxRolls": 2
    }
  ]
}