{
    "replace": true,
    "slots": ["sword/blade"],
    "type": "tetra:basic_major_module",
    "improvements": [
        "tetra:sword/blade/basic_blade",
        "tetra:sword/blade/serrated",
        "tetra:sword/blade/hooked",
        "tetra:sword/blade/tempered",
        "tetra:sword/blade/shared",
        "tetra:sword/blade/shared_compat",
        "tetra:sword/blade/shared_hone",
        "tetra:settling_improvements",
        "tetra:destabilization_improvements"
    ],
    "variants": [{
            "key": "basic_blade/oak",
            "durability": 50,
            "integrity": -1,
            "magicCapacity": 15,
            "damage": 3,
            "attackSpeed": 0.2,
            "effects": {
                "sweeping": 1
            },
            "capabilities": {
                "cut": [1, 0.9375]
            },
            "glyph": { "tint": "oak_glyph" },
            "models": [{
                "location": "tetra:items/module/sword/blade/basic/crude",
                "tint": "oak"
            }]
        },
        {
            "key": "basic_blade/spruce",
            "durability": 50,
            "integrity": -1,
            "magicCapacity": 15,
            "damage": 3,
            "attackSpeed": 0.4,
            "effects": {
                "sweeping": 1
            },
            "capabilities": {
                "cut": [1, 0.9375]
            },
            "glyph": { "tint": "spruce_glyph" },
            "models": [{
                "location": "tetra:items/module/sword/blade/basic/crude",
                "tint": "spruce"
            }]
        },
        {
            "key": "basic_blade/birch",
            "durability": 72,
            "integrity": -1,
            "magicCapacity": 15,
            "damage": 3,
            "attackSpeed": 0.2,
            "effects": {
                "sweeping": 1
            },
            "capabilities": {
                "cut": [1, 0.9375]
            },
            "glyph": { "tint": "birch_glyph" },
            "models": [{
                "location": "tetra:items/module/sword/blade/basic/crude",
                "tint": "birch"
            }]
        },
        {
            "key": "basic_blade/jungle",
            "durability": 50,
            "integrity": -1,
            "magicCapacity": 17,
            "damage": 3,
            "attackSpeed": 0.2,
            "effects": {
                "sweeping": 1
            },
            "capabilities": {
                "cut": [1, 0.9375]
            },
            "glyph": { "tint": "jungle_glyph" },
            "models": [{
                "location": "tetra:items/module/sword/blade/basic/crude",
                "tint": "jungle"
            }]
        },
        {
            "key": "basic_blade/acacia",
            "durability": 72,
            "integrity": -1,
            "magicCapacity": 15,
            "damage": 4,
            "attackSpeed": 0,
            "effects": {
                "sweeping": 1
            },
            "capabilities": {
                "cut": [1, 0.9375]
            },
            "glyph": { "tint": "acacia_glyph" },
            "models": [{
                "location": "tetra:items/module/sword/blade/basic/crude",
                "tint": "acacia"
            }]
        },
        {
            "key": "basic_blade/dark_oak",
            "durability": 50,
            "integrity": -1,
            "magicCapacity": 17,
            "damage": 3,
            "attackSpeed": 0.2,
            "effects": {
                "sweeping": 1
            },
            "capabilities": {
                "cut": [1, 0.9375]
            },
            "glyph": { "tint": "dark_oak_glyph" },
            "models": [{
                "location": "tetra:items/module/sword/blade/basic/crude",
                "tint": "dark_oak"
            }]
        },
        {
            "key": "basic_blade/cobblestone",
            "durability": 102,
            "integrity": -1,
            "magicCapacity": 5,
            "damage": 4,
            "attackSpeed": 0.2,
            "effects": {
                "sweeping": 1
            },
            "capabilities": {
                "cut": [1, 0.9375]
            },
            "glyph": { "tint": "cobblestone_glyph" },
            "models": [{
                "location": "tetra:items/module/sword/blade/basic/crude",
                "tint": "cobblestone"
            }]
        },
        {
            "key": "basic_blade/stone",
            "durability": 180,
            "integrity": -1,
            "magicCapacity": 5,
            "damage": 4,
            "attackSpeed": 0.2,
            "effects": {
                "sweeping": 1
            },
            "capabilities": {
                "cut": [1, 0.9375]
            },
            "glyph": { "tint": "stone_glyph" },
            "models": [{
                "location": "tetra:items/module/sword/blade/basic/metal",
                "tint": "stone"
            }]
        },
        {
            "key": "basic_blade/granite",
            "durability": 240,
            "integrity": -1,
            "magicCapacity": 5,
            "damage": 4,
            "attackSpeed": 0.2,
            "effects": {
                "sweeping": 1
            },
            "capabilities": {
                "cut": [1, 0.9375]
            },
            "glyph": { "tint": "granite_glyph" },
            "models": [{
                "location": "tetra:items/module/sword/blade/basic/grainy",
                "tint": "granite"
            }]
        },
        {
            "key": "basic_blade/diorite",
            "durability": 180,
            "integrity": -1,
            "magicCapacity": 7,
            "damage": 4,
            "attackSpeed": 0.2,
            "effects": {
                "sweeping": 1
            },
            "capabilities": {
                "cut": [1, 0.9375]
            },
            "glyph": { "tint": "diorite_glyph" },
            "models": [{
                "location": "tetra:items/module/sword/blade/basic/grainy",
                "tint": "diorite"
            }]
        },
        {
            "key": "basic_blade/andesite",
            "durability": 200,
            "integrity": -1,
            "magicCapacity": 5,
            "damage": 5,
            "attackSpeed": 0.2,
            "effects": {
                "sweeping": 1
            },
            "capabilities": {
                "cut": [1, 0.9375]
            },
            "glyph": { "tint": "andesite_glyph" },
            "models": [{
                "location": "tetra:items/module/sword/blade/basic/grainy",
                "tint": "andesite"
            }]
        },
        {
            "key": "basic_blade/flint",
            "durability": 102,
            "integrity": -1,
            "magicCapacity": 15,
            "damage": 5,
            "attackSpeed": 0.1,
            "effects": {
                "sweeping": 1
            },
            "capabilities": {
                "cut": [1, 0.9375]
            },
            "glyph": { "tint": "flint_glyph" },
            "models": [{
                "location": "tetra:items/module/sword/blade/basic/grainy",
                "tint": "flint"
            }]
        },
        {
            "key": "basic_blade/iron",
            "durability": 221,
            "integrity": -1,
            "magicCapacity": 14,
            "damage": 5,
            "attackSpeed": 0.2,
            "effects": {
                "sweeping": 1
            },
            "capabilities": {
                "cut": [1, 0.9375]
            },
            "glyph": { "tint": "iron_glyph" },
            "models": [{
                "location": "tetra:items/module/sword/blade/basic/metal",
                "tint": "iron"
            }]
        },
        {
            "key": "basic_blade/gold",
            "durability": 15,
            "integrity": -1,
            "magicCapacity": 22,
            "damage": 3,
            "attackSpeed": 0.2,
            "effects": {
                "sweeping": 1
            },
            "capabilities": {
                "cut": [1, 0.9375]
            },
            "glyph": { "tint": "gold_glyph" },
            "models": [{
                "location": "tetra:items/module/sword/blade/basic/shiny",
                "tint": "gold"
            }]
        },
        {
            "key": "basic_blade/diamond",
            "durability": 1492,
            "integrity": -2,
            "magicCapacity": 10,
            "damage": 6,
            "attackSpeed": 0.2,
            "effects": {
                "sweeping": 1
            },
            "capabilities": {
                "cut": [1, 0.9375]
            },
            "glyph": { "tint": "diamond_glyph" },
            "models": [{
                "location": "tetra:items/module/sword/blade/basic/shiny",
                "tint": "diamond"
            }]
        },
        {
            "key": "basic_blade/obsidian",
            "durability": 1628,
            "integrity": -3,
            "magicCapacity": 7,
            "damage": 8,
            "attackSpeed": 0.1,
            "effects": {
                "sweeping": 1
            },
            "capabilities": {
                "cut": [1, 0.9375]
            },
            "glyph": { "tint": "obsidian_glyph" },
            "models": [{
                "location": "tetra:items/module/sword/blade/basic/grainy",
                "tint": "obsidian"
            }]
        },
        {
            "key": "basic_blade/copper",
            "durability": 148,
            "integrity": 0,
            "magicCapacity": 13,
            "damage": 4,
            "attackSpeed": 0.2,
            "effects": {
                "sweeping": 1
            },
            "capabilities": {
                "cut": [1, 0.9375]
            },
            "glyph": { "tint": "copper_glyph" },
            "models": [{
                "location": "tetra:items/module/sword/blade/basic/metal",
                "tint": "copper"
            }]
        },
        {
            "key": "basic_blade/tin",
            "durability": 126,
            "integrity": 0,
            "magicCapacity": 12,
            "damage": 4,
            "attackSpeed": 0.2,
            "effects": {
                "sweeping": 1
            },
            "capabilities": {
                "cut": [1, 0.9375]
            },
            "glyph": { "tint": "tin_glyph" },
            "models": [{
                "location": "tetra:items/module/sword/blade/basic/metal",
                "tint": "tin"
            }]
        },
        {
            "key": "basic_blade/silver",
            "durability": 60,
            "integrity": -1,
            "magicCapacity": 21,
            "damage": 4,
            "attackSpeed": 0.2,
            "effects": {
                "sweeping": 1
            },
            "capabilities": {
                "cut": [1, 0.9375]
            },
            "glyph": { "tint": "silver_glyph" },
            "models": [{
                "location": "tetra:items/module/sword/blade/basic/shiny",
                "tint": "silver"
            }]
        },
        {
            "key": "basic_blade/nickel",
            "durability": 200,
            "integrity": -1,
            "magicCapacity": 12,
            "damage": 5.5,
            "attackSpeed": 0.2,
            "effects": {
                "sweeping": 1
            },
            "capabilities": {
                "cut": [1, 0.9375]
            },
            "glyph": { "tint": "nickel_glyph" },
            "models": [{
                "location": "tetra:items/module/sword/blade/basic/metal",
                "tint": "nickel"
            }]
        },
        {
            "key": "basic_blade/lead",
            "durability": 108,
            "integrity": -2,
            "magicCapacity": 11,
            "damage": 6,
            "attackSpeed": 0.1,
            "effects": {
                "sweeping": 1
            },
            "capabilities": {
                "cut": [1, 0.9375]
            },
            "glyph": { "tint": "lead_glyph" },
            "models": [{
                "location": "tetra:items/module/sword/blade/basic/metal",
                "tint": "lead"
            }]
        },
        {
            "key": "basic_blade/bronze",
            "durability": 320,
            "integrity": 0,
            "magicCapacity": 13,
            "damage": 5,
            "attackSpeed": 0.2,
            "effects": {
                "sweeping": 1
            },
            "capabilities": {
                "cut": [1, 0.9375]
            },
            "glyph": { "tint": "bronze_glyph" },
            "models": [{
                "location": "tetra:items/module/sword/blade/basic/metal",
                "tint": "bronze"
            }]
        },
        {
            "key": "basic_blade/electrum",
            "durability": 53,
            "integrity": -1,
            "magicCapacity": 24,
            "damage": 4,
            "attackSpeed": 0.2,
            "effects": {
                "sweeping": 1
            },
            "capabilities": {
                "cut": [1, 0.9375]
            },
            "glyph": { "tint": "electrum_glyph" },
            "models": [{
                "location": "tetra:items/module/sword/blade/basic/shiny",
                "tint": "electrum"
            }]
        },
        {
            "key": "basic_blade/steel",
            "durability": 380,
            "integrity": -1,
            "magicCapacity": 11,
            "damage": 6,
            "attackSpeed": 0.2,
            "effects": {
                "sweeping": 1
            },
            "capabilities": {
                "cut": [1, 0.9375]
            },
            "glyph": { "tint": "steel_glyph" },
            "models": [{
                "location": "tetra:items/module/sword/blade/basic/metal",
                "tint": "steel"
            }]
        },
        {
            "key": "basic_blade/thaumium",
            "durability": 470,
            "integrity": -1,
            "magicCapacity": 25,
            "damage": 5.5,
            "attackSpeed": 0.2,
            "effects": {
                "sweeping": 1
            },
            "capabilities": {
                "cut": [1, 0.9375]
            },
            "glyph": { "tint": "thaumium_glyph" },
            "models": [{
                "location": "tetra:items/module/sword/blade/basic/metal",
                "tint": "thaumium"
            }]
        },
        {
            "key": "basic_blade/ironwood",
            "durability": 482,
            "integrity": -1,
            "magicCapacity": 18,
            "damage": 5,
            "attackSpeed": 0.2,
            "effects": {
                "sweeping": 1
            },
            "capabilities": {
                "cut": [1, 0.9375]
            },
            "glyph": { "tint": "ironwood_glyph" },
            "models": [{
                "location": "tetra:items/module/sword/blade/basic/ironwood"
            }]
        },
        {
            "key": "basic_blade/steeleaf",
            "durability": 101,
            "integrity": -1,
            "magicCapacity": 15,
            "damage": 6,
            "attackSpeed": 0.2,
            "effects": {
                "sweeping": 1
            },
            "capabilities": {
                "cut": [1, 0.9375]
            },
            "glyph": { "tint": "steeleaf_glyph" },
            "models": [{
                "location": "tetra:items/module/sword/blade/basic/metal",
                "tint": "steeleaf"
            }]
        },
        {
            "key": "basic_blade/fierymetal",
            "durability": 944,
            "integrity": -5,
            "magicCapacity": 12,
            "damage": 7,
            "attackSpeed": 0.2,
            "effects": {
                "sweeping": 1
            },
            "capabilities": {
                "cut": [1, 0.9375]
            },
            "glyph": { "tint": "fierymetal_glyph" },
            "models": [{
                "location": "tetra:items/module/sword/blade/basic/fierymetal"
            }]
        },
        {
            "key": "basic_blade/knightmetal",
            "durability": 230,
            "integrity": -2,
            "magicCapacity": 12,
            "damage": 6,
            "attackSpeed": 0.5,
            "effects": {
                "sweeping": 1
            },
            "capabilities": {
                "cut": [1, 0.9375]
            },
            "glyph": { "tint": "knightmetal_glyph" },
            "models": [{
                "location": "tetra:items/module/sword/blade/basic/metal",
                "tint": "knightmetal"
            }]
        }
    ]
}