{
    "replace": true,
    "slots": ["sword/blade"],
    "type": "tetra:basic_major_module",
    "improvements": [
        "tetra:sword/blade/heavy_blade",
        "tetra:sword/blade/serrated",
        "tetra:sword/blade/tempered",
        "tetra:sword/blade/shared",
        "tetra:sword/blade/shared_compat",
        "tetra:sword/blade/shared_hone",
        "tetra:settling_improvements",
        "tetra:destabilization_improvements"
    ],
    "variants": [
        {
            "key": "heavy_blade/oak_log",
            "durability": 100,
            "integrity": -2,
            "magicCapacity": 15,
            "damage": 3,
            "attackSpeed": -0.4,
            "glyph": {
                "tint": "oak_glyph",
                "textureX": 48
            },
            "effects": {
                "sweeping": 3
            },
            "capabilities": {
                "cut": [1, 1]
            },
            "models": [{
                "location": "tetra:items/module/sword/blade/heavy/crude",
                "tint": "oak"
            }]
        },
        {
            "key": "heavy_blade/spruce_log",
            "durability": 100,
            "integrity": -2,
            "magicCapacity": 15,
            "damage": 3,
            "attackSpeed": -0.4,
            "glyph": {
                "tint": "spruce_glyph",
                "textureX": 48
            },
            "effects": {
                "sweeping": 3
            },
            "capabilities": {
                "cut": [1, 1]
            },
            "models": [{
                "location": "tetra:items/module/sword/blade/heavy/crude",
                "tint": "spruce"
            }]
        },
        {
            "key": "heavy_blade/birch_log",
            "durability": 140,
            "integrity": -2,
            "magicCapacity": 15,
            "damage": 3,
            "attackSpeed": -0.4,
            "glyph": {
                "tint": "birch_glyph",
                "textureX": 48
            },
            "effects": {
                "sweeping": 3
            },
            "capabilities": {
                "cut": [1, 1]
            },
            "models": [{
                "location": "tetra:items/module/sword/blade/heavy/crude",
                "tint": "birch"
            }]
        },
        {
            "key": "heavy_blade/jungle_log",
            "durability": 100,
            "integrity": -2,
            "magicCapacity": 17,
            "damage": 4,
            "attackSpeed": -0.4,
            "glyph": {
                "tint": "jungle_glyph",
                "textureX": 48
            },
            "effects": {
                "sweeping": 3
            },
            "capabilities": {
                "cut": [1, 1]
            },
            "models": [{
                "location": "tetra:items/module/sword/blade/heavy/crude",
                "tint": "jungle"
            }]
        },
        {
            "key": "heavy_blade/acacia_log",
            "durability": 140,
            "integrity": -2,
            "magicCapacity": 15,
            "damage": 4,
            "attackSpeed": -0.45,
            "glyph": {
                "tint": "acacia_glyph",
                "textureX": 48
            },
            "effects": {
                "sweeping": 3
            },
            "capabilities": {
                "cut": [1, 1]
            },
            "models": [{
                "location": "tetra:items/module/sword/blade/heavy/crude",
                "tint": "acacia"
            }]
        },
        {
            "key": "heavy_blade/dark_oak_log",
            "durability": 100,
            "integrity": -2,
            "magicCapacity": 17,
            "damage": 3,
            "attackSpeed": -0.45,
            "glyph": {
                "tint": "dark_oak_glyph",
                "textureX": 48
            },
            "effects": {
                "sweeping": 3
            },
            "capabilities": {
                "cut": [1, 1]
            },
            "models": [{
                "location": "tetra:items/module/sword/blade/heavy/crude",
                "tint": "dark_oak"
            }]
        },
        {
            "key": "heavy_blade/cobblestone",
            "durability": 210,
            "integrity": -2,
            "magicCapacity": 5,
            "damage": 4,
            "attackSpeed": -0.45,
            "glyph": {
                "tint": "cobblestone_glyph",
                "textureX": 48
            },
            "effects": {
                "sweeping": 3
            },
            "capabilities": {
                "cut": [1, 1]
            },
            "models": [{
                "location": "tetra:items/module/sword/blade/heavy/grainy",
                "tint": "cobblestone"
            }]
        },
        {
            "key": "heavy_blade/stone",
            "durability": 390,
            "integrity": -2,
            "magicCapacity": 5,
            "damage": 4,
            "attackSpeed": -0.55,
            "glyph": {
                "tint": "stone_glyph",
                "textureX": 48
            },
            "effects": {
                "sweeping": 3
            },
            "capabilities": {
                "cut": [1, 1]
            },
            "models": [{
                "location": "tetra:items/module/sword/blade/heavy/crude",
                "tint": "stone"
            }]
        },
        {
            "key": "heavy_blade/granite",
            "durability": 430,
            "integrity": -2,
            "magicCapacity": 5,
            "damage": 4,
            "attackSpeed": -0.5,
            "glyph": {
                "tint": "granite_glyph",
                "textureX": 48
            },
            "effects": {
                "sweeping": 3
            },
            "capabilities": {
                "cut": [1, 1]
            },
            "models": [{
                "location": "tetra:items/module/sword/blade/heavy/grainy",
                "tint": "granite"
            }]
        },
        {
            "key": "heavy_blade/diorite",
            "durability": 370,
            "integrity": -2,
            "magicCapacity": 7,
            "damage": 4,
            "attackSpeed": -0.45,
            "glyph": {
                "tint": "diorite_glyph",
                "textureX": 48
            },
            "effects": {
                "sweeping": 3
            },
            "capabilities": {
                "cut": [1, 1]
            },
            "models": [{
                "location": "tetra:items/module/sword/blade/heavy/grainy",
                "tint": "diorite"
            }]
        },
        {
            "key": "heavy_blade/andesite",
            "durability": 370,
            "integrity": -2,
            "magicCapacity": 5,
            "damage": 5,
            "attackSpeed": -0.5,
            "glyph": {
                "tint": "andesite_glyph",
                "textureX": 48
            },
            "effects": {
                "sweeping": 3
            },
            "capabilities": {
                "cut": [1, 1]
            },
            "models": [{
                "location": "tetra:items/module/sword/blade/heavy/grainy",
                "tint": "andesite"
            }]
        },
        {
            "key": "heavy_blade/iron",
            "durability": 450,
            "integrity": -3,
            "magicCapacity": 14,
            "damage": 6,
            "attackSpeed": -0.6,
            "glyph": {
                "tint": "iron_glyph",
                "textureX": 48
            },
            "effects": {
                "sweeping": 3
            },
            "capabilities": {
                "cut": [1, 1]
            },
            "models": [{
                "location": "tetra:items/module/sword/blade/heavy/metal",
                "tint": "iron"
            }]
        },
        {
            "key": "heavy_blade/gold",
            "durability": 30,
            "integrity": -3,
            "magicCapacity": 22,
            "damage": 7,
            "attackSpeed": -0.6,
            "glyph": {
                "tint": "gold_glyph",
                "textureX": 48
            },
            "effects": {
                "sweeping": 3
            },
            "capabilities": {
                "cut": [1, 1]
            },
            "models": [{
                "location": "tetra:items/module/sword/blade/heavy/shiny",
                "tint": "gold"
            }]
        },
        {
            "key": "heavy_blade/obsidian",
            "durability": 2423,
            "integrity": -4,
            "magicCapacity": 7,
            "damage": 9,
            "attackSpeed": -0.8,
            "glyph": {
                "tint": "obsidian_glyph",
                "textureX": 48
            },
            "effects": {
                "sweeping": 3
            },
            "capabilities": {
                "cut": [1, 1]
            },
            "models": [{
                "location": "tetra:items/module/sword/blade/heavy/grainy",
                "tint": "obsidian"
            }]
        },
        {
            "key": "heavy_blade/copper",
            "durability": 295,
            "integrity": -2,
            "magicCapacity": 13,
            "damage": 5,
            "attackSpeed": -0.7,
            "glyph": {
                "tint": "copper_glyph",
                "textureX": 48
            },
            "effects": {
                "sweeping": 3
            },
            "capabilities": {
                "cut": [1, 1]
            },
            "models": [{
                "location": "tetra:items/module/sword/blade/heavy/metal",
                "tint": "copper"
            }]
        },
        {
            "key": "heavy_blade/tin",
            "durability": 151,
            "integrity": -1,
            "magicCapacity": 12,
            "damage": 4,
            "attackSpeed": -0.5,
            "glyph": {
                "tint": "tin_glyph",
                "textureX": 48
            },
            "effects": {
                "sweeping": 3
            },
            "capabilities": {
                "cut": [1, 1]
            },
            "models": [{
                "location": "tetra:items/module/sword/blade/heavy/metal",
                "tint": "tin"
            }]
        },
        {
            "key": "heavy_blade/silver",
            "durability": 105,
            "integrity": -3,
            "magicCapacity": 21,
            "damage": 5,
            "attackSpeed": -0.6,
            "glyph": {
                "tint": "silver_glyph",
                "textureX": 48
            },
            "effects": {
                "sweeping": 3
            },
            "capabilities": {
                "cut": [1, 1]
            },
            "models": [{
                "location": "tetra:items/module/sword/blade/heavy/shiny",
                "tint": "silver"
            }]
        },
        {
            "key": "heavy_blade/nickel",
            "durability": 370,
            "integrity": -3,
            "magicCapacity": 12,
            "damage": 7,
            "attackSpeed": -0.7,
            "glyph": {
                "tint": "nickel_glyph",
                "textureX": 48
            },
            "effects": {
                "sweeping": 3
            },
            "capabilities": {
                "cut": [1, 1]
            },
            "models": [{
                "location": "tetra:items/module/sword/blade/heavy/metal",
                "tint": "nickel"
            }]
        },
        {
            "key": "heavy_blade/lead",
            "durability": 220,
            "integrity": -4,
            "magicCapacity": 11,
            "damage": 6,
            "attackSpeed": -0.6,
            "glyph": {
                "tint": "lead_glyph",
                "textureX": 48
            },
            "effects": {
                "sweeping": 3
            },
            "capabilities": {
                "cut": [1, 1]
            },
            "models": [{
                "location": "tetra:items/module/sword/blade/heavy/metal",
                "tint": "lead"
            }]
        },
        {
            "key": "heavy_blade/bronze",
            "durability": 643,
            "integrity": -1,
            "magicCapacity": 13,
            "damage": 6,
            "attackSpeed": -0.7,
            "glyph": {
                "tint": "bronze_glyph",
                "textureX": 48
            },
            "effects": {
                "sweeping": 3
            },
            "capabilities": {
                "cut": [1, 1]
            },
            "models": [{
                "location": "tetra:items/module/sword/blade/heavy/metal",
                "tint": "bronze"
            }]
        },
        {
            "key": "heavy_blade/electrum",
            "durability": 122,
            "integrity": -3,
            "magicCapacity": 24,
            "damage": 5,
            "attackSpeed": -0.6,
            "glyph": {
                "tint": "electrum_glyph",
                "textureX": 48
            },
            "effects": {
                "sweeping": 3
            },
            "capabilities": {
                "cut": [1, 1]
            },
            "models": [{
                "location": "tetra:items/module/sword/blade/heavy/shiny",
                "tint": "electrum"
            }]
        },
        {
            "key": "heavy_blade/steel",
            "durability": 790,
            "integrity": -3,
            "magicCapacity": 11,
            "damage": 7,
            "attackSpeed": -0.7,
            "glyph": {
                "tint": "steel_glyph",
                "textureX": 48
            },
            "effects": {
                "sweeping": 3
            },
            "capabilities": {
                "cut": [1, 1]
            },
            "models": [{
                "location": "tetra:items/module/sword/blade/heavy/metal",
                "tint": "steel"
            }]
        },
        {
            "key": "heavy_blade/thaumium",
            "durability": 851,
            "integrity": -3,
            "magicCapacity": 25,
            "damage": 6.5,
            "attackSpeed": -0.6,
            "glyph": {
                "tint": "thaumium_glyph",
                "textureX": 48
            },
            "effects": {
                "sweeping": 3
            },
            "capabilities": {
                "cut": [1, 1]
            },
            "models": [{
                "location": "tetra:items/module/sword/blade/heavy/metal",
                "tint": "thaumium"
            }]
        },
        {
            "key": "heavy_blade/ironwood",
            "durability": 865,
            "integrity": -3,
            "magicCapacity": 18,
            "damage": 6,
            "attackSpeed": -0.6,
            "glyph": {
                "tint": "ironwood_glyph",
                "textureX": 48
            },
            "effects": {
                "sweeping": 3
            },
            "capabilities": {
                "cut": [1, 1]
            },
            "models": [{
                "location": "tetra:items/module/sword/blade/heavy/ironwood"
            }]
        },
        {
            "key": "heavy_blade/steeleaf",
            "durability": 130,
            "integrity": -3,
            "magicCapacity": 15,
            "damage": 7,
            "attackSpeed": -0.6,
            "glyph": {
                "tint": "steeleaf_glyph",
                "textureX": 48
            },
            "effects": {
                "sweeping": 3
            },
            "capabilities": {
                "cut": [1, 1]
            },
            "models": [{
                "location": "tetra:items/module/sword/blade/heavy/metal",
                "tint": "steeleaf"
            }]
        },
        {
            "key": "heavy_blade/fierymetal",
            "durability": 1888,
            "integrity": -7,
            "magicCapacity": 12,
            "damage": 9,
            "attackSpeed": -0.6,
            "glyph": {
                "tint": "fierymetal_glyph",
                "textureX": 48
            },
            "effects": {
                "sweeping": 3
            },
            "capabilities": {
                "cut": [1, 1]
            },
            "models": [{
                "location": "tetra:items/module/sword/blade/heavy/fierymetal"
            }]
        },
        {
            "key": "heavy_blade/knightmetal",
            "durability": 492,
            "integrity": -2,
            "magicCapacity": 12,
            "damage": 6,
            "glyph": {
                "tint": "knightmetal_glyph",
                "textureX": 48
            },
            "effects": {
                "sweeping": 2
            },
            "capabilities": {
                "cut": [1, 0.9375]
            },
            "models": [{
                "location": "tetra:items/module/sword/blade/heavy/metal",
                "tint": "knightmetal"
            }]
        }
    ]
}