{
    "replace": true,
    "slots": ["sword/blade"],
    "type": "tetra:basic_major_module",
    "improvements": [
        "tetra:sword/blade/machete",
        "tetra:sword/blade/serrated",
        "tetra:sword/blade/tempered",
        "tetra:sword/blade/shared",
        "tetra:sword/blade/shared_compat",
        "tetra:sword/blade/shared_hone",
        "tetra:settling_improvements",
        "tetra:destabilization_improvements"
    ],
    "variants": [
        {
            "key": "machete/oak",
            "durability": 50,
            "integrity": -2,
            "magicCapacity": 15,
            "damage": 3,
            "attackSpeed": 0,
            "glyph": {
                "tint": "9d804e",
                "textureY": 32,
                "textureX": 48
            },
            "effects": {
                "sweeping": 1,
                "strikingCut": 1,
                "sweepingStrike": 1
            },
            "capabilities": {
                "cut": [1, 0.9375]
            },
            "models": [{
                "location": "tetra:items/module/sword/blade/machete/crude",
                "tint": "oak"
            }]
        },
        {
            "key": "machete/spruce",
            "durability": 50,
            "integrity": -2,
            "magicCapacity": 15,
            "damage": 3,
            "attackSpeed": 0.2,
            "glyph": {
                "tint": "694f2f",
                "textureY": 32,
                "textureX": 48
            },
            "effects": {
                "sweeping": 1,
                "strikingCut": 1,
                "sweepingStrike": 1
            },
            "capabilities": {
                "cut": [1, 0.9375]
            },
            "models": [{
                "location": "tetra:items/module/sword/blade/machete/crude",
                "tint": "spruce"
            }]
        },
        {
            "key": "machete/birch",
            "durability": 72,
            "integrity": -2,
            "magicCapacity": 15,
            "damage": 3,
            "attackSpeed": 0,
            "glyph": {
                "tint": "c8b77d",
                "textureY": 32,
                "textureX": 48
            },
            "effects": {
                "sweeping": 1,
                "strikingCut": 1,
                "sweepingStrike": 1
            },
            "capabilities": {
                "cut": [1, 0.9375]
            },
            "models": [{
                "location": "tetra:items/module/sword/blade/machete/crude",
                "tint": "birch"
            }]
        },
        {
            "key": "machete/jungle",
            "durability": 50,
            "integrity": -2,
            "magicCapacity": 17,
            "damage": 3,
            "attackSpeed": 0,
            "glyph": {
                "tint": "996e4c",
                "textureY": 32,
                "textureX": 48
            },
            "effects": {
                "sweeping": 1,
                "strikingCut": 1,
                "sweepingStrike": 1
            },
            "capabilities": {
                "cut": [1, 0.9375]
            },
            "models": [{
                "location": "tetra:items/module/sword/blade/machete/crude",
                "tint": "jungle"
            }]
        },
        {
            "key": "machete/acacia",
            "durability": 72,
            "integrity": -2,
            "magicCapacity": 15,
            "damage": 4,
            "attackSpeed": -0.3,
            "glyph": {
                "tint": "ac5d33",
                "textureY": 32,
                "textureX": 48
            },
            "effects": {
                "sweeping": 1,
                "strikingCut": 1,
                "sweepingStrike": 1
            },
            "capabilities": {
                "cut": [1, 0.9375]
            },
            "models": [{
                "location": "tetra:items/module/sword/blade/machete/crude",
                "tint": "acacia"
            }]
        },
        {
            "key": "machete/dark_oak",
            "durability": 50,
            "integrity": -2,
            "magicCapacity": 17,
            "damage": 3,
            "attackSpeed": 0,
            "glyph": {
                "tint": "3c2712",
                "textureY": 32,
                "textureX": 48
            },
            "effects": {
                "sweeping": 1,
                "strikingCut": 1,
                "sweepingStrike": 1
            },
            "capabilities": {
                "cut": [1, 0.9375]
            },
            "models": [{
                "location": "tetra:items/module/sword/blade/machete/crude",
                "tint": "dark_oak"
            }]
        },
        {
            "key": "machete/cobblestone",
            "durability": 102,
            "integrity": -2,
            "magicCapacity": 5,
            "damage": 4,
            "attackSpeed": 0,
            "glyph": {
                "tint": "9a9a9a",
                "textureY": 32,
                "textureX": 48
            },
            "effects": {
                "sweeping": 1,
                "strikingCut": 1,
                "sweepingStrike": 1
            },
            "capabilities": {
                "cut": [1, 0.9375]
            },
            "models": [{
                "location": "tetra:items/module/sword/blade/machete/crude",
                "tint": "cobblestone"
            }]
        },
        {
            "key": "machete/stone",
            "durability": 180,
            "integrity": -2,
            "magicCapacity": 5,
            "damage": 4,
            "attackSpeed": 0,
            "glyph": {
                "tint": "9a9a9a",
                "textureY": 32,
                "textureX": 48
            },
            "effects": {
                "sweeping": 1,
                "strikingCut": 1,
                "sweepingStrike": 1
            },
            "capabilities": {
                "cut": [1, 0.9375]
            },
            "models": [{
                "location": "tetra:items/module/sword/blade/machete/metal",
                "tint": "stone"
            }]
        },
        {
            "key": "machete/granite",
            "durability": 240,
            "integrity": -2,
            "magicCapacity": 5,
            "damage": 4,
            "attackSpeed": 0,
            "glyph": {
                "tint": "8a6658",
                "textureY": 32,
                "textureX": 48
            },
            "effects": {
                "sweeping": 1,
                "strikingCut": 1,
                "sweepingStrike": 1
            },
            "capabilities": {
                "cut": [1, 0.9375]
            },
            "models": [{
                "location": "tetra:items/module/sword/blade/machete/grainy",
                "tint": "granite"
            }]
        },
        {
            "key": "machete/diorite",
            "durability": 200,
            "integrity": -2,
            "magicCapacity": 7,
            "damage": 4,
            "attackSpeed": 0,
            "glyph": {
                "tint": "b1b1b3",
                "textureY": 32,
                "textureX": 48
            },
            "effects": {
                "sweeping": 1,
                "strikingCut": 1,
                "sweepingStrike": 1
            },
            "capabilities": {
                "cut": [1, 0.9375]
            },
            "models": [{
                "location": "tetra:items/module/sword/blade/machete/grainy",
                "tint": "diorite"
            }]
        },
        {
            "key": "machete/andesite",
            "durability": 200,
            "integrity": -2,
            "magicCapacity": 5,
            "damage": 5,
            "attackSpeed": 0,
            "glyph": {
                "tint": "79797a",
                "textureY": 32,
                "textureX": 48
            },
            "effects": {
                "sweeping": 1,
                "strikingCut": 1,
                "sweepingStrike": 1
            },
            "capabilities": {
                "cut": [1, 0.9375]
            },
            "models": [{
                "location": "tetra:items/module/sword/blade/machete/grainy",
                "tint": "andesite"
            }]
        },
        {
            "key": "machete/iron",
            "durability": 221,
            "integrity": -2,
            "magicCapacity": 15,
            "damage": 5,
            "attackSpeed": 0,
            "glyph": {
                "tint": "d8d8d8",
                "textureY": 32,
                "textureX": 48
            },
            "effects": {
                "sweeping": 1,
                "strikingCut": 1,
                "sweepingStrike": 1
            },
            "capabilities": {
                "cut": [1, 0.9375]
            },
            "models": [{
                "location": "tetra:items/module/sword/blade/machete/grainy",
                "tint": "flint"
            }]
        },
        {
            "key": "machete/flint",
            "durability": 150,
            "integrity": -2,
            "magicCapacity": 14,
            "damage": 4,
            "attackSpeed": 0.2,
            "glyph": {
                "tint": "343434",
                "textureY": 32,
                "textureX": 48
            },
            "effects": {
                "sweeping": 1,
                "strikingCut": 1,
                "sweepingStrike": 1
            },
            "capabilities": {
                "cut": [1, 0.9375]
            },
            "models": [{
                "location": "tetra:items/module/sword/blade/machete/metal",
                "tint": "iron"
            }]
        },
        {
            "key": "machete/gold",
            "durability": 15,
            "integrity": -2,
            "magicCapacity": 22,
            "damage": 3,
            "attackSpeed": 0,
            "glyph": {
                "tint": "eaee57",
                "textureY": 32,
                "textureX": 48
            },
            "effects": {
                "sweeping": 1,
                "strikingCut": 1,
                "sweepingStrike": 1
            },
            "capabilities": {
                "cut": [1, 0.9375]
            },
            "models": [{
                "location": "tetra:items/module/sword/blade/machete/shiny",
                "tint": "gold"
            }]
        },
        {
            "key": "machete/diamond",
            "durability": 1492,
            "integrity": -3,
            "magicCapacity": 10,
            "damage": 6,
            "attackSpeed": 0,
            "glyph": {
                "tint": "33ebcb",
                "textureY": 32,
                "textureX": 48
            },
            "effects": {
                "sweeping": 1,
                "strikingCut": 1,
                "sweepingStrike": 1
            },
            "capabilities": {
                "cut": [1, 0.9375]
            },
            "models": [{
                "location": "tetra:items/module/sword/blade/machete/shiny",
                "tint": "diamond"
            }]
        },
        {
            "key": "machete/obsidian",
            "durability": 1628,
            "integrity": -4,
            "magicCapacity": 7,
            "damage": 8,
            "attackSpeed": -0.1,
            "glyph": {
                "tint": "3c3056",
                "textureY": 32,
                "textureX": 48
            },
            "effects": {
                "sweeping": 1,
                "strikingCut": 1,
                "sweepingStrike": 1
            },
            "capabilities": {
                "cut": [1, 0.9375]
            },
            "models": [{
                "location": "tetra:items/module/sword/blade/machete/grainy",
                "tint": "obsidian"
            }]
        },
        {
            "key": "machete/copper",
            "durability": 148,
            "integrity": -1,
            "magicCapacity": 13,
            "damage": 4,
            "attackSpeed": 0,
            "glyph": {
                "tint": "df7646",
                "textureY": 32,
                "textureX": 48
            },
            "effects": {
                "sweeping": 1,
                "strikingCut": 1,
                "sweepingStrike": 1
            },
            "capabilities": {
                "cut": [1, 0.9375]
            },
            "models": [{
                "location": "tetra:items/module/sword/blade/machete/metal",
                "tint": "copper"
            }]
        },
        {
            "key": "machete/tin",
            "durability": 126,
            "integrity": -1,
            "magicCapacity": 12,
            "damage": 4,
            "attackSpeed": 0,
            "glyph": {
                "tint": "b3c9c1",
                "textureY": 32,
                "textureX": 48
            },
            "effects": {
                "sweeping": 1,
                "strikingCut": 1,
                "sweepingStrike": 1
            },
            "capabilities": {
                "cut": [1, 0.9375]
            },
            "models": [{
                "location": "tetra:items/module/sword/blade/machete/metal",
                "tint": "tin"
            }]
        },
        {
            "key": "machete/silver",
            "durability": 60,
            "integrity": -2,
            "magicCapacity": 21,
            "damage": 4,
            "attackSpeed": 0,
            "glyph": {
                "tint": "d6f6ff",
                "textureY": 32,
                "textureX": 48
            },
            "effects": {
                "sweeping": 1,
                "strikingCut": 1,
                "sweepingStrike": 1
            },
            "capabilities": {
                "cut": [1, 0.9375]
            },
            "models": [{
                "location": "tetra:items/module/sword/blade/machete/shiny",
                "tint": "silver"
            }]
        },
        {
            "key": "machete/nickel",
            "durability": 200,
            "integrity": -2,
            "magicCapacity": 12,
            "damage": 5.5,
            "attackSpeed": 0,
            "glyph": {
                "tint": "c2d3a6",
                "textureY": 32,
                "textureX": 48
            },
            "effects": {
                "sweeping": 1,
                "strikingCut": 1,
                "sweepingStrike": 1
            },
            "capabilities": {
                "cut": [1, 0.9375]
            },
            "models": [{
                "location": "tetra:items/module/sword/blade/machete/metal",
                "tint": "nickel"
            }]
        },
        {
            "key": "machete/lead",
            "durability": 108,
            "integrity": -3,
            "magicCapacity": 11,
            "damage": 6,
            "attackSpeed": -0.1,
            "glyph": {
                "tint": "897a9b",
                "textureY": 32,
                "textureX": 48
            },
            "effects": {
                "sweeping": 1,
                "strikingCut": 1,
                "sweepingStrike": 1
            },
            "capabilities": {
                "cut": [1, 0.9375]
            },
            "models": [{
                "location": "tetra:items/module/sword/blade/machete/metal",
                "tint": "lead"
            }]
        },
        {
            "key": "machete/bronze",
            "durability": 320,
            "integrity": -1,
            "magicCapacity": 13,
            "damage": 5,
            "attackSpeed": 0,
            "glyph": {
                "tint": "b2712c",
                "textureY": 32,
                "textureX": 48
            },
            "effects": {
                "sweeping": 1,
                "strikingCut": 1,
                "sweepingStrike": 1
            },
            "capabilities": {
                "cut": [1, 0.9375]
            },
            "models": [{
                "location": "tetra:items/module/sword/blade/machete/metal",
                "tint": "bronze"
            }]
        },
        {
            "key": "machete/electrum",
            "durability": 53,
            "integrity": -2,
            "magicCapacity": 24,
            "damage": 4,
            "attackSpeed": 0,
            "glyph": {
                "tint": "e4da4c",
                "textureY": 32,
                "textureX": 48
            },
            "effects": {
                "sweeping": 1,
                "strikingCut": 1,
                "sweepingStrike": 1
            },
            "capabilities": {
                "cut": [1, 0.9375]
            },
            "models": [{
                "location": "tetra:items/module/sword/blade/machete/shiny",
                "tint": "electrum"
            }]
        },
        {
            "key": "machete/steel",
            "durability": 380,
            "integrity": -2,
            "magicCapacity": 11,
            "damage": 6,
            "attackSpeed": 0,
            "glyph": {
                "tint": "999999",
                "textureY": 32,
                "textureX": 48
            },
            "effects": {
                "sweeping": 1,
                "strikingCut": 1,
                "sweepingStrike": 1
            },
            "capabilities": {
                "cut": [1, 0.9375]
            },
            "models": [{
                "location": "tetra:items/module/sword/blade/machete/metal",
                "tint": "steel"
            }]
        },
        {
            "key": "machete/thaumium",
            "durability": 470,
            "integrity": -2,
            "magicCapacity": 25,
            "damage": 5.5,
            "attackSpeed": 0,
            "glyph": {
                "tint": "4d3984",
                "textureY": 32,
                "textureX": 48
            },
            "effects": {
                "sweeping": 1,
                "strikingCut": 1,
                "sweepingStrike": 1
            },
            "capabilities": {
                "cut": [1, 0.9375]
            },
            "models": [{
                "location": "tetra:items/module/sword/blade/machete/metal",
                "tint": "thaumium"
            }]
        },
        {
            "key": "machete/ironwood",
            "durability": 482,
            "integrity": -2,
            "magicCapacity": 18,
            "damage": 5,
            "attackSpeed": 0,
            "glyph": {
                "tint": "5ea917",
                "textureY": 32,
                "textureX": 48
            },
            "effects": {
                "sweeping": 1,
                "strikingCut": 1,
                "sweepingStrike": 1
            },
            "capabilities": {
                "cut": [1, 0.9375]
            },
            "models": [{
                "location": "tetra:items/module/sword/blade/machete/ironwood"
            }]
        },
        {
            "key": "machete/steeleaf",
            "durability": 101,
            "integrity": -2,
            "magicCapacity": 15,
            "damage": 6,
            "attackSpeed": 0,
            "glyph": {
                "tint": "458430",
                "textureY": 32,
                "textureX": 48
            },
            "effects": {
                "sweeping": 1,
                "strikingCut": 1,
                "sweepingStrike": 1
            },
            "capabilities": {
                "cut": [1, 0.9375]
            },
            "models": [{
                "location": "tetra:items/module/sword/blade/machete/metal",
                "tint": "steeleaf"
            }]
        },
        {
            "key": "machete/fierymetal",
            "durability": 944,
            "integrity": -6,
            "magicCapacity": 12,
            "damage": 7,
            "attackSpeed": 0,
            "glyph": {
                "tint": "fa9f00",
                "textureY": 32,
                "textureX": 48
            },
            "effects": {
                "sweeping": 1,
                "strikingCut": 1,
                "sweepingStrike": 1
            },
            "capabilities": {
                "cut": [1, 0.9375]
            },
            "models": [{
                "location": "tetra:items/module/sword/blade/machete/fierymetal"
            }]
        },
        {
            "key": "machete/knightmetal",
            "durability": 230,
            "integrity": -3,
            "magicCapacity": 12,
            "damage": 6,
            "attackSpeed": 0.5,
            "glyph": {
                "tint": "b8cf9c",
                "textureY": 32,
                "textureX": 48
            },
            "effects": {
                "sweeping": 1,
                "strikingCut": 1,
                "sweepingStrike": 1
            },
            "capabilities": {
                "cut": [1, 0.9375]
            },
            "models": [{
                "location": "tetra:items/module/sword/blade/machete/metal",
                "tint": "knightmetal"
            }]
        }
    ]
}