{
	"credit": "Made with Blockbench",
	"texture_size": [128, 64],
	"textures": {
		"4": "geek/long_chest",
		"particle": "entity/chest/normal"
	},
	"elements": [
		{
			"name": "Bottom",
			"from": [1, 2, -15],
			"to": [15, 12, 15],
			"rotation": {"angle": 0, "axis": "y", "origin": [9, 16, 9]},
			"faces": {
				"north": {"uv": [5.5, 8.25, 7.25, 10.75], "texture": "#4"},
				"east": {"uv": [1.75, 8.25, 5.5, 10.75], "texture": "#4"},
				"south": {"uv": [0, 8.25, 1.75, 10.75], "texture": "#4"},
				"west": {"uv": [7.25, 8.25, 11, 10.75], "texture": "#4"},
				"up": {"uv": [1.75, 4.74975, 5.5, 8.2495], "rotation": 90, "texture": "#4"},
				"down": {"uv": [5.49988, 4.74975, 9.24987, 8.24975], "rotation": 90, "texture": "#4"}
			}
		}
	],
	"display": {
		"head": {
			"translation": [0, -43.25, 0],
			"scale": [1.6, 1.6, 1.6]
		}
	}
}