{
	"credit": "Made with Blockbench",
	"texture_size": [128, 64],
	"textures": {
		"4": "geek/long_chest",
		"particle": "entity/chest/normal"
	},
	"elements": [
		{
			"name": "Latch",
			"from": [7, 10, -16],
			"to": [9, 14, -15],
			"rotation": {"angle": 0, "axis": "y", "origin": [15, 21, -8]},
			"faces": {
				"north": {"uv": [0.5, 0.25, 0.75, 1.25], "texture": "#4"},
				"east": {"uv": [0.5, 0.25, 0.625, 1.25], "texture": "#4"},
				"south": {"uv": [0.375, 0.25, 0.625, 1.25], "texture": "#4"},
				"west": {"uv": [0.375, 0.25, 0.5, 1.25], "texture": "#4"},
				"up": {"uv": [0.375, 0, 0.625, 0.25], "rotation": 180, "texture": "#4"},
				"down": {"uv": [0.125, 0, 0.375, 0.25], "rotation": 180, "texture": "#4"}
			}
		},
		{
			"name": "Top",
			"from": [1, 11, -15],
			"to": [15, 16, 15],
			"rotation": {"angle": 0, "axis": "y", "origin": [9, 19, 9]},
			"faces": {
				"north": {"uv": [5.49988, 3.5, 7.24988, 4.74975], "texture": "#4"},
				"east": {"uv": [1.75, 3.5, 5.5, 4.75], "texture": "#4"},
				"south": {"uv": [0, 3.5, 1.75, 4.75], "texture": "#4"},
				"west": {"uv": [7.25, 3.5, 11, 4.75], "texture": "#4"},
				"up": {"uv": [1.75, 0, 5.5, 3.5], "rotation": 90, "texture": "#4"},
				"down": {"uv": [5.5, 0, 9.25, 3.5], "rotation": 90, "texture": "#4"}
			}
		}
	],
	"display": {
		"head": {
			"translation": [0, -11.95, -10],
			"scale": [1.6, 1.6, 1.6]
		}
	}
}