{
	"credit": "Made with Blockbench",
	"texture_size": [128, 64],
	"textures": {
		"4": "geek/long_chest",
		"particle": "entity/chest/normal"
	},
	"elements": [
		{
			"name": "Latch",
			"from": [7, 10, -16],
			"to": [9, 14, -15],
			"rotation": {"angle": 0, "axis": "y", "origin": [15, 21, -8]},
			"faces": {
				"north": {"uv": [0.5, 0.25, 0.75, 1.25], "texture": "#4"},
				"east": {"uv": [0.5, 0.25, 0.625, 1.25], "texture": "#4"},
				"south": {"uv": [0.375, 0.25, 0.625, 1.25], "texture": "#4"},
				"west": {"uv": [0.375, 0.25, 0.5, 1.25], "texture": "#4"},
				"up": {"uv": [0.375, 0, 0.625, 0.25], "rotation": 180, "texture": "#4"},
				"down": {"uv": [0.125, 0, 0.375, 0.25], "rotation": 180, "texture": "#4"}
			}
		},
		{
			"name": "Top",
			"from": [1, 11, -15],
			"to": [15, 16, 15],
			"rotation": {"angle": 0, "axis": "y", "origin": [9, 19, 9]},
			"faces": {
				"north": {"uv": [5.49988, 3.5, 7.24988, 4.74975], "texture": "#4"},
				"east": {"uv": [1.75, 3.5, 5.5, 4.75], "texture": "#4"},
				"south": {"uv": [0, 3.5, 1.75, 4.75], "texture": "#4"},
				"west": {"uv": [7.25, 3.5, 11, 4.75], "texture": "#4"},
				"up": {"uv": [1.75, 0, 5.5, 3.5], "rotation": 90, "texture": "#4"},
				"down": {"uv": [5.5, 0, 9.25, 3.5], "rotation": 90, "texture": "#4"}
			}
		},
		{
			"name": "Bottom",
			"from": [1, 2, -15],
			"to": [15, 12, 15],
			"rotation": {"angle": 0, "axis": "y", "origin": [9, 16, 9]},
			"faces": {
				"north": {"uv": [5.5, 8.25, 7.25, 10.75], "texture": "#4"},
				"east": {"uv": [1.75, 8.25, 5.5, 10.75], "texture": "#4"},
				"south": {"uv": [0, 8.25, 1.75, 10.75], "texture": "#4"},
				"west": {"uv": [7.25, 8.25, 11, 10.75], "texture": "#4"},
				"up": {"uv": [1.75, 4.74975, 5.5, 8.2495], "rotation": 90, "texture": "#4"},
				"down": {"uv": [5.49988, 4.74975, 9.24987, 8.24975], "rotation": 90, "texture": "#4"}
			}
		}
	],
	"display": {
        "gui": {
            "rotation": [ 30, 225, 0 ],
            "translation": [ -3.5, 1.5, 0],
            "scale":[ 0.625, 0.625, 0.625 ]
        },
        "ground": {
            "rotation": [ 0, 0, 0 ],
            "translation": [ 0, 3, 0],
            "scale":[ 0.25, 0.25, 0.25 ]
        },
        "head": {
            "rotation": [ 0, 180, 0 ],
            "translation": [ 0, 0, 0],
            "scale":[ 1, 1, 1]
        },
        "fixed": {
            "rotation": [ 0, 180, 0 ],
            "translation": [ 0, 0, 0],
            "scale":[ 0.5, 0.5, 0.5 ]
        },
        "thirdperson_righthand": {
            "rotation": [ 75, 135, 0 ],
            "translation": [ 0, 2.5, 0],
            "scale": [ 0.375, 0.375, 0.375 ]
        },
        "firstperson_righthand": {
            "rotation": [ 0, 135, 0 ],
            "translation": [ 0, 0, 0],
            "scale": [ 0.4, 0.4, 0.4 ]
        }
    }
}