{
	"credit": "Made with Blockbench",
	"texture_size": [64, 64],
	"textures": {
		"1": "geek/slab_chest",
		"particle": "entity/chest/normal"
	},
	"elements": [
		{
			"name": "Latch",
			"from": [7, 2, 0],
			"to": [9, 6, 1],
			"rotation": {"angle": 0, "axis": "y", "origin": [15, 13, 8]},
			"faces": {
				"north": {"uv": [1, 0.25, 1.5, 1.25], "rotation": 180, "texture": "#1"},
				"east": {"uv": [0.5, 0.25, 0.75, 1.25], "rotation": 180, "texture": "#1"},
				"south": {"uv": [0.5, 0.25, 1, 1.25], "rotation": 180, "texture": "#1"},
				"west": {"uv": [0.75, 0.25, 1, 1.25], "rotation": 180, "texture": "#1"},
				"up": {"uv": [0.75, 0, 1.25, 0.25], "rotation": 180, "texture": "#1"},
				"down": {"uv": [0.75, 0, 1.25, 0.25], "rotation": 180, "texture": "#1"}
			}
		},
		{
			"name": "Top",
			"from": [1, 3, 1],
			"to": [15, 8, 15],
			"rotation": {"angle": 0, "axis": "y", "origin": [9, 11, 9]},
			"faces": {
				"north": {"uv": [10.5, 3.5, 14, 4.75], "rotation": 180, "texture": "#1"},
				"east": {"uv": [7, 3.5, 10.5, 4.75], "rotation": 180, "texture": "#1"},
				"south": {"uv": [3.5, 3.5, 7, 4.75], "rotation": 180, "texture": "#1"},
				"west": {"uv": [0, 3.5, 3.5, 4.75], "rotation": 180, "texture": "#1"},
				"up": {"uv": [7, 0, 10.5, 3.5], "texture": "#1"},
				"down": {"uv": [3.5, 0, 7, 3.5], "texture": "#1"}
			}
		}
	],
	"display": {
		"head": {
			"translation": [0, 0.8, -10],
			"scale": [1.6, 1.6, 1.6]
		}
	}
}