{
	"credit": "Made with Blockbench",
	"texture_size": [64, 64],
	"textures": {
		"1": "geek/slab_chest",
		"particle": "entity/chest/normal"
	},
	"elements": [
		{
			"name": "Latch",
			"from": [7, 2, 0],
			"to": [9, 6, 1],
			"rotation": {"angle": 0, "axis": "y", "origin": [15, 13, 8]},
			"faces": {
				"north": {"uv": [1, 0.25, 1.5, 1.25], "rotation": 180, "texture": "#1"},
				"east": {"uv": [0.5, 0.25, 0.75, 1.25], "rotation": 180, "texture": "#1"},
				"south": {"uv": [0.5, 0.25, 1, 1.25], "rotation": 180, "texture": "#1"},
				"west": {"uv": [0.75, 0.25, 1, 1.25], "rotation": 180, "texture": "#1"},
				"up": {"uv": [0.75, 0, 1.25, 0.25], "rotation": 180, "texture": "#1"},
				"down": {"uv": [0.75, 0, 1.25, 0.25], "rotation": 180, "texture": "#1"}
			}
		},
		{
			"name": "Top",
			"from": [1, 3, 1],
			"to": [15, 8, 15],
			"rotation": {"angle": 0, "axis": "y", "origin": [9, 11, 9]},
			"faces": {
				"north": {"uv": [10.5, 3.5, 14, 4.75], "rotation": 180, "texture": "#1"},
				"east": {"uv": [7, 3.5, 10.5, 4.75], "rotation": 180, "texture": "#1"},
				"south": {"uv": [3.5, 3.5, 7, 4.75], "rotation": 180, "texture": "#1"},
				"west": {"uv": [0, 3.5, 3.5, 4.75], "rotation": 180, "texture": "#1"},
				"up": {"uv": [7, 0, 10.5, 3.5], "texture": "#1"},
				"down": {"uv": [3.5, 0, 7, 3.5], "texture": "#1"}
			}
		},
		{
			"name": "Bottom",
			"from": [1, 0, 1],
			"to": [15, 4, 15],
			"rotation": {"angle": 0, "axis": "y", "origin": [9, 8, 9]},
			"faces": {
				"north": {"uv": [10.5, 9.75, 14, 10.75], "rotation": 180, "texture": "#1"},
				"east": {"uv": [7, 9.75, 10.5, 10.75], "rotation": 180, "texture": "#1"},
				"south": {"uv": [0, 9.75, 3.5, 10.75], "rotation": 180, "texture": "#1"},
				"west": {"uv": [3.5, 9.75, 7, 10.75], "rotation": 180, "texture": "#1"},
				"up": {"uv": [7, 4.75, 10.5, 8.25], "texture": "#1"},
				"down": {"uv": [3.5, 4.75, 7, 8.25], "texture": "#1"}
			}
		}
	],
	  "display": {
        "gui": {
            "rotation": [ 30, 225, 0 ],
            "translation": [ 0, 0, 0],
            "scale":[ 0.625, 0.625, 0.625 ]
        },
        "ground": {
            "rotation": [ 0, 0, 0 ],
            "translation": [ 0, 3, 0],
            "scale":[ 0.25, 0.25, 0.25 ]
        },
        "head": {
            "rotation": [ 0, 180, 0 ],
            "translation": [ 0, 0, 0],
            "scale":[ 1, 1, 1]
        },
        "fixed": {
            "rotation": [ 0, 180, 0 ],
            "translation": [ 0, 0, 0],
            "scale":[ 0.5, 0.5, 0.5 ]
        },
        "thirdperson_righthand": {
            "rotation": [ 75, 135, 0 ],
            "translation": [ 0, 2.5, 0],
            "scale": [ 0.375, 0.375, 0.375 ]
        },
        "firstperson_righthand": {
            "rotation": [ 0, 135, 0 ],
            "translation": [ 0, 0, 0],
            "scale": [ 0.4, 0.4, 0.4 ]
        }
    }
}