{
	"credit": "Made with Blockbench",
	"texture_size": [64, 64],
	"textures": {
		"1": "geek/slab_chest",
		"particle": "geek/slab_chest"
	},
	"elements": [
		{
			"name": "Bottom",
			"from": [1, 0, 1],
			"to": [15, 4, 15],
			"rotation": {"angle": 0, "axis": "y", "origin": [9, 8, 9]},
			"faces": {
				"north": {"uv": [10.5, 9.75, 14, 10.75], "rotation": 180, "texture": "#1"},
				"east": {"uv": [7, 9.75, 10.5, 10.75], "rotation": 180, "texture": "#1"},
				"south": {"uv": [0, 9.75, 3.5, 10.75], "rotation": 180, "texture": "#1"},
				"west": {"uv": [3.5, 9.75, 7, 10.75], "rotation": 180, "texture": "#1"},
				"up": {"uv": [7, 4.75, 10.5, 8.25], "texture": "#1"},
				"down": {"uv": [3.5, 4.75, 7, 8.25], "texture": "#1"}
			}
		}
	],
	"display": {
		"head": {
			"translation": [0, -30.5, 0],
			"scale": [1.6, 1.6, 1.6]
		}
	}
}