{
	"credit": "Made with Blockbench",
	"texture_size": [64, 64],
	"textures": {
		"2": "geek/tall_chest",
		"particle": "entity/chest/normal"
	},
	"elements": [
		{
			"name": "Bottom",
			"from": [1, -14, 1],
			"to": [15, 12, 15],
			"rotation": {"angle": 0, "axis": "y", "origin": [9, 16, 9]},
			"faces": {
				"north": {"uv": [10.5, 8.25, 14, 14.75], "rotation": 180, "texture": "#2"},
				"east": {"uv": [7, 8.25, 10.5, 14.75], "rotation": 180, "texture": "#2"},
				"south": {"uv": [0, 8.25, 3.5, 14.75], "rotation": 180, "texture": "#2"},
				"west": {"uv": [3.5, 8.25, 7, 14.75], "rotation": 180, "texture": "#2"},
				"up": {"uv": [7, 4.75, 10.5, 8.25], "texture": "#2"},
				"down": {"uv": [3.5, 4.75, 7, 8.25], "texture": "#2"}
			}
		}
	],
	"display": {
		"head": {
			"translation": [0, -43.25, 0],
			"scale": [1.6, 1.6, 1.6]
		}
	}
}