{
  "type": "recipe",
  "crafter": "baker_crafting",
  "conditions": [
    { "type":"forge:mod_loaded", "modid":"minecolonies" },
    { "type":"forge:mod_loaded", "modid":"refurbished_furniture" }
  ],
  "inputs": [
    {
      "item": "minecraft:water_bucket"
    },
    {
      "item": "refurbished_furniture:wheat_flour"
    }
  ],
  "intermediate": "refurbished_furniture:spruce_kitchen_sink",
  "result": "refurbished_furniture:dough",
  "count": 1,
  "additional-output": [
    { "item": "minecraft:bucket" },
    { "item": "minecraft:bowl" }
  ]
}