{
  "type": "recipe",
  "crafter": "baker_crafting",
  "conditions": [
    { "type":"forge:mod_loaded", "modid":"minecolonies" },
    { "type":"forge:mod_loaded", "modid":"refurbished_furniture" }
  ],
  "inputs": [
    {
      "item": "refurbished_furniture:cheese"
    },
    {
      "item": "minecraft:cooked_porkchop"
    },
    {
      "item": "minecraft:cooked_chicken"
    },
    {
      "item": "minecraft:cooked_beef"
    },
    {
      "item": "refurbished_furniture:dough"
    }
  ],
  "intermediate": "refurbished_furniture:spruce_cutting_board",
  "result": "refurbished_furniture:raw_meatlovers_pizza",
  "count": 1
}