{
  "type": "recipe",
  "crafter": "baker_crafting",
  "conditions": [
    { "type":"forge:mod_loaded", "modid":"minecolonies" },
    { "type":"forge:mod_loaded", "modid":"refurbished_furniture" }
  ],
  "inputs": [
    {
      "item": "refurbished_furniture:sea_salt"
    },
    {
      "item": "minecraft:wheat",
      "count": 3
    },
    {
      "item": "minecraft:bowl"
    }
  ],
  "intermediate": "refurbished_furniture:spruce_cutting_board",
  "result": "refurbished_furniture:wheat_flour",
  "count": 1
}