{
  "pools": [
	{
	  "name": "main",
	  "rolls": 1,
	  "entries": [
		{
		  "type": "item",
		  "name": "minecraft:end_stone",
		  "functions": [
			{
			  "function": "set_count",
			  "count": {
				"min": 1,
				"max": 2
			  }
			},
			{
			  "function": "looting_enchant",
			  "count": {
				"min": 0,
				"max": 1
			  }
			}
		  ]
		}
	  ]
	},
	{
	  "name": "pool1",
	  "rolls": 1,
	  "entries": [
		{
		  "type": "item",
		  "name": "minecraft:ender_pearl",
		  "weight": 2,
		  "functions": [
			{
			  "function": "set_count",
			  "count": {
				"min": 2,
				"max": 4
			  }
			}
		  ]
		},
		{
		  "type": "empty",
		  "weight": 1
		}
	  ]
	},
	{
	  "name": "pool2",
	  "rolls": 1,
	  "entries": [
		{
		  "type": "item",
		  "name": "minecraft:ender_eye",
		  "weight": 2,
		  "functions": [
			{
			  "function": "set_count",
			  "count": {
				"min": 0,
				"max": 1
			  }
			},
			{
			  "function": "looting_enchant",
			  "count": {
				"min": 0,
				"max": 1
			  }
			}
		  ]
		},
		{
		  "type": "empty",
		  "weight": 31
		}
	  ]
	},
	{
	  "name": "pool3",
	  "rolls": 1,
	  "entries": [
		{
		  "type": "loot_table",
		  "name": "golems:entities/_golem_base"
		}
	  ]
	}
  ]
}
