{
  "pools": [
	{
	  "name": "main",
	  "rolls": 1,
	  "entries": [
		{
		  "type": "item",
		  "name": "minecraft:oak_leaves",
		  "weight": 1,
		  "functions": [
			{
			  "function": "looting_enchant",
			  "count": {
				"min": 1,
				"max": 2
			  }
			}
		  ]
		},
		{
		  "type": "item",
		  "name": "minecraft:jungle_leaves",
		  "weight": 1,
		  "functions": [
			{
			  "function": "looting_enchant",
			  "count": {
				"min": 1,
				"max": 2
			  }
			}
		  ]
		},
		{
		  "type": "item",
		  "name": "minecraft:dark_oak_leaves",
		  "weight": 1,
		  "functions": [
			{
			  "function": "looting_enchant",
			  "count": {
				"min": 1,
				"max": 2
			  }
			}
		  ]
		}
	  ]
	},
	{
	  "name": "pool1",
	  "rolls": 1,
	  "entries": [
		{
		  "type": "item",
		  "name": "minecraft:oak_sapling",
		  "weight": 1,
		  "quality": 2
		},
		{
		  "type": "item",
		  "name": "minecraft:jungle_sapling",
		  "weight": 1,
		  "quality": 2
		},
		{
		  "type": "item",
		  "name": "minecraft:dark_oak_sapling",
		  "weight": 1,
		  "quality": 2
		},
		{
		  "type": "empty",
		  "weight": 5
		}
	  ]
	},
	{
	  "name": "pool2",
	  "rolls": 1,
	  "entries": [
		{
		  "type": "item",
		  "name": "minecraft:apple",
		  "weight": 1,
		  "quality": 2
		},
		{
		  "type": "empty",
		  "weight": 3
		}
	  ]
	},
	{
	  "name": "pool3",
	  "rolls": 1,
	  "entries": [
		{
		  "type": "item",
		  "name": "minecraft:stick",
		  "weight": 1,
		  "quality": 2
		},
		{
		  "type": "empty",
		  "weight": 4
		}
	  ]
	},
	{
	  "name": "pool4",
	  "rolls": 1,
	  "entries": [
		{
		  "type": "loot_table",
		  "name": "golems:entities/_golem_base"
		}
	  ]
	}
  ]
}
