{
  "pools": [
	{
	  "name": "main",
	  "rolls": 1,
	  "entries": [
		{
		  "type": "item",
		  "name": "minecraft:melon_slice",
		  "weight": 1,
		  "functions": [
			{
			  "function": "set_count",
			  "count": {
				"min": 6,
				"max": 12
			  }
			},
			{
			  "function": "looting_enchant",
			  "count": {
				"min": 2,
				"max": 4
			  }
			}
		  ]
		}
	  ]
	},
	{
	  "name": "pool1",
	  "rolls": 1,
	  "entries": [
		{
		  "type": "item",
		  "name": "minecraft:melon_seeds",
		  "weight": 1,
		  "quality": 2,
		  "functions": [
			{
			  "function": "set_count",
			  "count": {
				"min": 1,
				"max": 6
			  }
			}
		  ]
		},
		{
		  "type": "empty",
		  "weight": 2
		}
	  ]
	},
	{
	  "name": "pool2",
	  "rolls": 1,
	  "entries": [
		{
		  "type": "item",
		  "name": "minecraft:glistering_melon_slice",
		  "weight": 1,
		  "quality": 3
		},
		{
		  "type": "empty",
		  "weight": 9
		}
	  ]
	},
	{
	  "name": "pool3",
	  "rolls": 1,
	  "entries": [
		{
		  "type": "loot_table",
		  "name": "golems:entities/_golem_base"
		}
	  ]
	}
  ]
}