{
  "pools": [
	{
	  "name": "main",
	  "rolls": 1,
	  "entries": [
		{
		  "type": "item",
		  "name": "minecraft:netherite_ingot",
		  "weight": 1,
		  "functions": [
			{
			  "function": "set_count",
			  "count": {
				"min": 8,
				"max": 12
			  }
			},
			{
			  "function": "looting_enchant",
			  "count": 4
			}
		  ]
		}
	  ]
	},
	{
	  "name": "pool1",
	  "rolls": 1,
	  "entries": [
		{
		  "type": "item",
		  "name": "minecraft:netherite_scrap",
		  "weight": 2,
		  "functions": [
			{
			  "function": "set_count",
			  "count": {
				"min": 4,
				"max": 8
			  }
			},
			{
			  "function": "looting_enchant",
			  "count": 2
			}
		  ]
		},
		{
		  "type": "empty",
		  "weight": 1
		}
	  ]
	},
	{
	  "name": "pool2",
	  "rolls": 1,
	  "entries": [
		{
		  "type": "loot_table",
		  "name": "golems:entities/_golem_base"
		}
	  ]
	}
  ]
}
