{
  "pools": [
	{
	  "name": "main",
	  "rolls": 1,
	  "entries": [
		{
		  "type": "item",
		  "name": "minecraft:prismarine_shard",
		  "functions": [
			{
			  "function": "set_count",
			  "count": {
				"min": 5,
				"max": 8
			  }
			},
			{
			  "function": "looting_enchant",
			  "count": {
				"min": 2,
				"max": 4
			  }
			}
		  ]
		}
	  ]
	},
	{
	  "name": "pool1",
	  "rolls": 1,
	  "entries": [
		{
		  "type": "item",
		  "name": "minecraft:prismarine_crystals",
		  "weight": 1,
		  "quality": 5
		},
		{
		  "type": "empty",
		  "weight": 9
		}
	  ]
	},
	{
	  "name": "pool2",
	  "rolls": 1,
	  "entries": [
		{
		  "type": "loot_table",
		  "name": "golems:entities/_golem_base"
		}
	  ]
	}
  ]
}
