{
  "pools": [
	{
	  "name": "main",
	  "rolls": 1,
	  "entries": [
		{
		  "type": "item",
		  "name": "minecraft:gunpowder",
		  "weight": 1,
		  "functions": [
			{
			  "function": "set_count",
			  "count": {
				"min": 2,
				"max": 5
			  }
			}
		  ]
		}
	  ]
	},
	{
	  "name": "pool1",
	  "rolls": 1,
	  "entries": [
		{
		  "type": "item",
		  "name": "minecraft:tnt",
		  "weight": 1,
		  "quality": 1,
		  "functions": [
			{
			  "function": "set_count",
			  "count": 1
			}
		  ]
		},
		{
		  "type": "empty",
		  "weight": 3
		}
	  ]
	},
	{
	  "name": "pool2",
	  "rolls": 1,
	  "entries": [
		{
		  "type": "item",
		  "name": "minecraft:sand",
		  "weight": 1,
		  "quality": 4,
		  "functions": [
			{
			  "function": "set_count",
			  "count": {
				"min": 1,
				"max": 4
			  }
			}
		  ]
		},
		{
		  "type": "empty",
		  "weight": 5
		}
	  ]
	},
	{
	  "name": "pool3",
	  "rolls": 1,
	  "entries": [
		{
		  "type": "loot_table",
		  "name": "golems:entities/_golem_base"
		}
	  ]
	}
  ]
}