{
  "conditions":
  [
      {
          "type":"forge:mod_loaded",
          "modid":"midnight"
      }
  ],
    
  "type": "botanypots:crop",
  "seed": {
    "item": "midnight:raw_suavis"
  },
  "categories":["dirt"],
  "growthTicks": 3,
  "growthModifier": 1.2,
  "display": {
    "block": "midnight:suavis",
    "properties": {
      "stage": 3
    }
  },
  "results": [
    {
      "chance": 0.75,
      "output": {
        "item": "midnight:raw_suavis"
      },
      "minRolls": 1,
      "maxRolls": 1
    },
    {
      "chance": 0.05,
      "output": {
        "item": "midnight:raw_suavis"
      },
      "minRolls": 1,
      "maxRolls": 2
    },
    {
      "chance": 0.05,
      "output": {
        "item": "midnight:suavis"
      },
      "minRolls": 1,
      "maxRolls": 2
    }
  ]
}