{
  "conditions": [
    {
      "modid": "savageandravage",
      "type": "forge:mod_loaded"
    }
  ],
  "name": {
    "color": "#48B23A",
    "translate": "trophy.trofers.composed",
    "with": [
      {
        "translate": "entity.savageandravage.creepie"
      }
    ]
  },
  "display": {
    "scale": 0.35
  },
  "entity": {
    "type": "savageandravage:creepie"
  },
  "colors": {
    "base": "#606060",
    "accent": "#48B23A"
  },
  "effects": {
    "sound": {
      "soundEvent": "savageandravage:entity.creepie.primed"
    },
    "rewards": {
      "lootTable": "minecraft:entities/creeper",
      "cooldown": 9600
    }
  }
}