{
  "conditions": [
    {
      "modid": "savageandravage",
      "type": "forge:mod_loaded"
    }
  ],
  "name": {
    "color": "#282021",
    "translate": "trophy.trofers.composed",
    "with": [
      {
        "translate": "entity.savageandravage.executioner"
      }
    ]
  },
  "display": {
    "scale": 0.35
  },
  "entity": {
    "type": "savageandravage:executioner",
    "nbt": "{HandItems: [{id: \"savageandravage:cleaver_of_beheading\", Count: 1b, tag: {Damage: 0, Enchantments: [{lvl: 1s, id: \"minecraft:sharpness\"}]}}, {}]}"
  },
  "colors": {
    "base": "#606060",
    "accent": "#282021"
  },
  "effects": {
    "sound": {
      "soundEvent": "minecraft:entity.vindicator.ambient"
    },
    "rewards": {
      "lootTable": "trofers:trophies/vex",
      "cooldown": 288000
    }
  }
}