{
  "only_if_loaded": "super_block_world",
  "family": "dt_super_block_world:amanita",
  "leaves_properties": "dt_super_block_world:amanita",
  "primitive_sapling": "super_block_world:amanita_sapling",
  "drop_seeds": true,
  "growth_rate": 1.2,
  "lowest_branch_height": 4,
  "max_branch_radius": 24,
  "signal_energy": 15.0,
  "soil_longevity": 14,
  "tapering": 0.17,
  "up_probability": 4,
  "world_gen_leaf_map_height": 40,
  "environment_factors" : {
	"#forge:is_cold": 0.75,
	"#forge:is_dry": 0.25,
	"#forge:is_hot": 0.5,
	"mushroom": 1.25
  },
  "perfect_biomes": { "name": "super_block_world:mushroom_grasslands" },
  "acceptable_soils": [ "dirt_like" ],
  "fruits": [ "dt_super_block_world:yoshi_fruit" ],
  "features" : [
    "bottom_flare",
    "mound",
    {
      "name": "alt_leaves",
      "properties": {
        "alternative_leaves": "dt_super_block_world:fruiting_amanita",
        "place_chance": 0.25
      }
    },
    {
      "name": "clear_volume",
      "properties": {
        "height": 6
      }
    },
    {
      "name": "fruit",
      "properties": {
        "fruit": "dt_super_block_world:yoshi_fruit",
        "fruiting_radius": 6,
        "quantity": 4
      }
    },
    {
      "name": "mushroom_rot",
      "properties": {
        "_comment": "An alternate mushroom chance of -1 means that a red mushroom will always be generated.",
        "alternate_mushroom_chance": -1
      }
    },
    {
      "name": "roots",
      "properties": {
        "min_trunk_radius": 9
      }
    }
  ]
}