{
  "name": "repurposed_structures:village/swamp/houses",
  "fallback": "repurposed_structures:village/swamp/terminators",
  "elements": [
    {
      "weight": 1,
      "element": {
        "location": "morevillagers:village/swamp/swamp_engineer",
        "processors": "repurposed_structures:village/swamp/mossify",
        "projection": "rigid",
        "element_type": "minecraft:legacy_single_pool_element"
      }
    },
    {
      "weight": 2,
      "element": {
        "location": "morevillagers:village/swamp/swamp_florist",
        "processors": "repurposed_structures:village/swamp/mossify",
        "projection": "rigid",
        "element_type": "minecraft:legacy_single_pool_element"
      }
    },
    {
      "weight": 1,
      "element": {
        "location": "morevillagers:village/swamp/swamp_hunter",
        "processors": "repurposed_structures:village/swamp/mossify",
        "projection": "rigid",
        "element_type": "minecraft:legacy_single_pool_element"
      }
    },
    {
      "weight": 2,
      "element": {
        "location": "morevillagers:village/swamp/swamp_oceanographer",
        "processors": "repurposed_structures:village/swamp/mossify",
        "projection": "rigid",
        "element_type": "minecraft:legacy_single_pool_element"
      }
    },
    {
      "weight": 2,
      "element": {
        "location": "morevillagers:village/swamp/swamp_woodworker",
        "processors": "repurposed_structures:village/swamp/mossify",
        "projection": "rigid",
        "element_type": "minecraft:legacy_single_pool_element"
      }
    }
  ]
}
