{
	"credit": "Made with Blockbench",
	"textures": {
		"1": "block/gray_concrete",
		"particle": "block/gray_concrete"
	},
	"elements": [
		{
			"from": [4, -11, 4],
			"to": [12, -1, 12],
			"rotation": {"angle": 0, "axis": "y", "origin": [10, -2, 10]},
			"faces": {
				"north": {"uv": [4, 3, 12, 13], "texture": "#1"},
				"east": {"uv": [4, 3, 12, 13], "texture": "#1"},
				"south": {"uv": [4, 3, 12, 13], "texture": "#1"},
				"west": {"uv": [4, 3, 12, 13], "texture": "#1"},
				"up": {"uv": [4, 3, 12, 11], "texture": "#1"},
				"down": {"uv": [4, 3, 12, 11], "texture": "#1"}
			}
		},
		{
			"from": [1, -16, 1],
			"to": [15, -13, 15],
			"rotation": {"angle": 0, "axis": "y", "origin": [10, -8, 10]},
			"faces": {
				"north": {"uv": [0, 0, 14, 3], "texture": "#1"},
				"east": {"uv": [0, 0, 14, 3], "texture": "#1"},
				"south": {"uv": [0, 0, 14, 3], "texture": "#1"},
				"west": {"uv": [0, 0, 14, 3], "texture": "#1"},
				"up": {"uv": [0, 0, 14, 14], "texture": "#1"},
				"down": {"uv": [0, 0, 14, 14], "texture": "#1"}
			}
		},
		{
			"from": [3, -13, 3],
			"to": [13, -11, 13],
			"rotation": {"angle": 0, "axis": "y", "origin": [10, -5, 10]},
			"faces": {
				"north": {"uv": [2, 3, 12, 5], "texture": "#1"},
				"east": {"uv": [2, 3, 12, 5], "texture": "#1"},
				"south": {"uv": [2, 3, 12, 5], "texture": "#1"},
				"west": {"uv": [2, 3, 12, 5], "texture": "#1"},
				"up": {"uv": [2, 2, 12, 12], "texture": "#1"},
				"down": {"uv": [2, 2, 12, 12], "texture": "#1"}
			}
		},
		{
			"from": [1, 5, 1],
			"to": [4.5, 8, 3],
			"rotation": {"angle": 0, "axis": "y", "origin": [10, 12, 10]},
			"faces": {
				"north": {"uv": [3, 2, 6.5, 5], "texture": "#1"},
				"east": {"uv": [3, 2, 5, 5], "texture": "#1"},
				"south": {"uv": [3, 2, 6.5, 5], "texture": "#1"},
				"west": {"uv": [3, 2, 5, 5], "texture": "#1"},
				"up": {"uv": [3, 2, 6.5, 4], "texture": "#1"},
				"down": {"uv": [3, 2, 6.5, 4], "texture": "#1"}
			}
		},
		{
			"from": [6.5, 5, 1],
			"to": [9.5, 8, 3],
			"rotation": {"angle": 0, "axis": "y", "origin": [15, 12, 10]},
			"faces": {
				"north": {"uv": [3, 2, 6, 5], "texture": "#1"},
				"east": {"uv": [3, 2, 5, 5], "texture": "#1"},
				"south": {"uv": [3, 2, 6, 5], "texture": "#1"},
				"west": {"uv": [3, 2, 5, 5], "texture": "#1"},
				"up": {"uv": [3, 2, 6, 4], "texture": "#1"},
				"down": {"uv": [3, 2, 6, 4], "texture": "#1"}
			}
		},
		{
			"from": [11.5, 5, 1],
			"to": [15, 8, 3],
			"rotation": {"angle": 0, "axis": "y", "origin": [20, 12, 10]},
			"faces": {
				"north": {"uv": [3, 2, 6.5, 5], "texture": "#1"},
				"east": {"uv": [3, 2, 5, 5], "texture": "#1"},
				"south": {"uv": [3, 2, 6.5, 5], "texture": "#1"},
				"west": {"uv": [3, 2, 5, 5], "texture": "#1"},
				"up": {"uv": [3, 2, 6.5, 4], "texture": "#1"},
				"down": {"uv": [3, 2, 6.5, 4], "texture": "#1"}
			}
		},
		{
			"from": [13, 5, 3],
			"to": [15, 8, 4.5],
			"rotation": {"angle": 0, "axis": "y", "origin": [14, 7, 8]},
			"faces": {
				"north": {"uv": [3, 2, 5, 5], "texture": "#1"},
				"east": {"uv": [3, 2, 4.5, 5], "texture": "#1"},
				"south": {"uv": [3, 2, 5, 5], "texture": "#1"},
				"west": {"uv": [3, 2, 4.5, 5], "texture": "#1"},
				"up": {"uv": [3, 2, 4.5, 4], "rotation": 270, "texture": "#1"},
				"down": {"uv": [3, 2, 4.5, 4], "rotation": 90, "texture": "#1"}
			}
		},
		{
			"from": [13, 5, 6.5],
			"to": [15, 8, 9.5],
			"rotation": {"angle": 0, "axis": "y", "origin": [14, 7, 8]},
			"faces": {
				"north": {"uv": [3, 2, 5, 5], "texture": "#1"},
				"east": {"uv": [3, 2, 6, 5], "texture": "#1"},
				"south": {"uv": [3, 2, 5, 5], "texture": "#1"},
				"west": {"uv": [3, 2, 6, 5], "texture": "#1"},
				"up": {"uv": [3, 2, 6, 4], "rotation": 270, "texture": "#1"},
				"down": {"uv": [3, 2, 6, 4], "rotation": 90, "texture": "#1"}
			}
		},
		{
			"from": [13, 5, 11.5],
			"to": [15, 8, 13],
			"rotation": {"angle": 0, "axis": "y", "origin": [14, 7, 8]},
			"faces": {
				"north": {"uv": [3, 2, 5, 5], "texture": "#1"},
				"east": {"uv": [3, 2, 4.5, 5], "texture": "#1"},
				"south": {"uv": [3, 2, 5, 5], "texture": "#1"},
				"west": {"uv": [3, 2, 4.5, 5], "texture": "#1"},
				"up": {"uv": [3, 2, 4.5, 4], "rotation": 270, "texture": "#1"},
				"down": {"uv": [3, 2, 4.5, 4], "rotation": 90, "texture": "#1"}
			}
		},
		{
			"from": [11.5, 5, 13],
			"to": [15, 8, 15],
			"rotation": {"angle": 0, "axis": "y", "origin": [20, 12, 22]},
			"faces": {
				"north": {"uv": [3, 2, 6.5, 5], "texture": "#1"},
				"east": {"uv": [3, 2, 5, 5], "texture": "#1"},
				"south": {"uv": [3, 2, 6.5, 5], "texture": "#1"},
				"west": {"uv": [3, 2, 5, 5], "texture": "#1"},
				"up": {"uv": [3, 2, 6.5, 4], "texture": "#1"},
				"down": {"uv": [3, 2, 6.5, 4], "texture": "#1"}
			}
		},
		{
			"from": [6.5, 5, 13],
			"to": [9.5, 8, 15],
			"rotation": {"angle": 0, "axis": "y", "origin": [15, 12, 22]},
			"faces": {
				"north": {"uv": [3, 2, 6, 5], "texture": "#1"},
				"east": {"uv": [3, 2, 5, 5], "texture": "#1"},
				"south": {"uv": [3, 2, 6, 5], "texture": "#1"},
				"west": {"uv": [3, 2, 5, 5], "texture": "#1"},
				"up": {"uv": [3, 2, 6, 4], "texture": "#1"},
				"down": {"uv": [3, 2, 6, 4], "texture": "#1"}
			}
		},
		{
			"from": [1, 5, 11.5],
			"to": [3, 8, 13],
			"rotation": {"angle": 0, "axis": "y", "origin": [2, 7, 8]},
			"faces": {
				"north": {"uv": [3, 2, 5, 5], "texture": "#1"},
				"east": {"uv": [3, 2, 4.5, 5], "texture": "#1"},
				"south": {"uv": [3, 2, 5, 5], "texture": "#1"},
				"west": {"uv": [3, 2, 4.5, 5], "texture": "#1"},
				"up": {"uv": [3, 2, 4.5, 4], "rotation": 270, "texture": "#1"},
				"down": {"uv": [3, 2, 4.5, 4], "rotation": 90, "texture": "#1"}
			}
		},
		{
			"from": [1, 5, 13],
			"to": [4.5, 8, 15],
			"rotation": {"angle": 0, "axis": "y", "origin": [10, 12, 22]},
			"faces": {
				"north": {"uv": [3, 2, 6.5, 5], "texture": "#1"},
				"east": {"uv": [3, 2, 5, 5], "texture": "#1"},
				"south": {"uv": [3, 2, 6.5, 5], "texture": "#1"},
				"west": {"uv": [3, 2, 5, 5], "texture": "#1"},
				"up": {"uv": [3, 2, 6.5, 4], "texture": "#1"},
				"down": {"uv": [3, 2, 6.5, 4], "texture": "#1"}
			}
		},
		{
			"from": [1, 5, 6.5],
			"to": [3, 8, 9.5],
			"rotation": {"angle": 0, "axis": "y", "origin": [2, 7, 8]},
			"faces": {
				"north": {"uv": [3, 2, 5, 5], "texture": "#1"},
				"east": {"uv": [3, 2, 6, 5], "texture": "#1"},
				"south": {"uv": [3, 2, 5, 5], "texture": "#1"},
				"west": {"uv": [3, 2, 6, 5], "texture": "#1"},
				"up": {"uv": [3, 2, 6, 4], "rotation": 270, "texture": "#1"},
				"down": {"uv": [3, 2, 6, 4], "rotation": 90, "texture": "#1"}
			}
		},
		{
			"from": [1, 5, 3],
			"to": [3, 8, 4.5],
			"rotation": {"angle": 0, "axis": "y", "origin": [2, 7, 8]},
			"faces": {
				"north": {"uv": [3, 2, 5, 5], "texture": "#1"},
				"east": {"uv": [3, 2, 4.5, 5], "texture": "#1"},
				"south": {"uv": [3, 2, 5, 5], "texture": "#1"},
				"west": {"uv": [3, 2, 4.5, 5], "texture": "#1"},
				"up": {"uv": [3, 2, 4.5, 4], "rotation": 270, "texture": "#1"},
				"down": {"uv": [3, 2, 4.5, 4], "rotation": 90, "texture": "#1"}
			}
		},
		{
			"from": [1, 1, 1],
			"to": [15, 5, 15],
			"rotation": {"angle": 0, "axis": "y", "origin": [10, 8, 10]},
			"faces": {
				"north": {"uv": [2, 2, 16, 6], "texture": "#1"},
				"east": {"uv": [2, 2, 16, 6], "texture": "#1"},
				"south": {"uv": [2, 2, 16, 6], "texture": "#1"},
				"west": {"uv": [2, 2, 16, 6], "texture": "#1"},
				"up": {"uv": [3, 2, 17, 16], "texture": "#1"},
				"down": {"uv": [3, 2, 17, 16], "texture": "#1"}
			}
		},
		{
			"from": [3, -1, 3],
			"to": [13, 1, 13],
			"rotation": {"angle": 0, "axis": "y", "origin": [10, 8, 10]},
			"faces": {
				"north": {"uv": [3, 2, 13, 4], "texture": "#1"},
				"east": {"uv": [3, 2, 13, 4], "texture": "#1"},
				"south": {"uv": [3, 2, 13, 4], "texture": "#1"},
				"west": {"uv": [3, 2, 13, 4], "texture": "#1"},
				"up": {"uv": [3, 2, 13, 12], "texture": "#1"},
				"down": {"uv": [3, 2, 13, 12], "texture": "#1"}
			}
		}
	],
	"display": {
		"thirdperson_righthand": {
			"translation": [0, 11, 0],
			"scale": [0.5, 0.5, 0.5]
		},
		"thirdperson_lefthand": {
			"translation": [0, 11, 0],
			"scale": [0.5, 0.5, 0.5]
		},
		"firstperson_righthand": {
			"translation": [0, 10, -2],
			"scale": [0.5, 0.5, 0.5]
		},
		"firstperson_lefthand": {
			"translation": [0, 10, -2],
			"scale": [0.5, 0.5, 0.5]
		},
		"ground": {
			"translation": [0, 8, 0],
			"scale": [0.5, 0.5, 0.5]
		},
		"gui": {
			"rotation": [30, 45, 0],
			"translation": [0, 5.75, 0],
			"scale": [0.5, 0.5, 0.5]
		},
		"head": {
			"translation": [0, 2, 0],
			"scale": [1.45, 1.45, 1.45]
		},
		"fixed": {
			"translation": [0, 4, -1],
			"scale": [0.5, 0.5, 0.5]
		}
	},
	"groups": [
		{
			"name": "Piece",
			"origin": [10, 32, 10],
			"children": [0, 1, 2,
				{
					"name": "group",
					"origin": [2, 8, 8],
					"children": [3, 4, 5, 6, 7, 8, 9, 10, 11, 12, 13, 14]
				}, 15, 16]
		}
	]
}