{
	"credit": "Made with Blockbench",
	"textures": {
		"1": "block/quartz_block_bottom",
		"particle": "block/quartz_block_bottom"
	},
	"elements": [
		{
			"from": [4, -11, 4],
			"to": [12, 0, 12],
			"rotation": {"angle": 22.5, "axis": "x", "origin": [11, -10, 6]},
			"faces": {
				"north": {"uv": [4, 3, 12, 14], "texture": "#1"},
				"east": {"uv": [4, 3, 12, 14], "texture": "#1"},
				"south": {"uv": [4, 3, 12, 14], "texture": "#1"},
				"west": {"uv": [4, 3, 12, 14], "texture": "#1"},
				"up": {"uv": [4, 3, 12, 11], "texture": "#1"},
				"down": {"uv": [4, 3, 12, 11], "texture": "#1"}
			}
		},
		{
			"from": [5, -4.81848, 7.51608],
			"to": [11, 2.18152, 15.51608],
			"rotation": {"angle": -22.5, "axis": "x", "origin": [11, -6.81848, 11.51608]},
			"faces": {
				"north": {"uv": [4, 3, 10, 10], "texture": "#1"},
				"east": {"uv": [4, 3, 12, 10], "texture": "#1"},
				"south": {"uv": [4, 3, 10, 10], "texture": "#1"},
				"west": {"uv": [4, 3, 12, 10], "texture": "#1"},
				"up": {"uv": [4, 3, 10, 11], "texture": "#1"},
				"down": {"uv": [4, 3, 10, 11], "texture": "#1"}
			}
		},
		{
			"from": [3.5, 1.64659, 6.82683],
			"to": [12.5, 9.64659, 14.82683],
			"rotation": {"angle": -22.5, "axis": "x", "origin": [10.5, -5.35341, 9.82683]},
			"faces": {
				"north": {"uv": [4, 3, 13, 11], "texture": "#1"},
				"east": {"uv": [4, 3, 12, 11], "texture": "#1"},
				"south": {"uv": [4, 3, 13, 11], "texture": "#1"},
				"west": {"uv": [4, 3, 12, 11], "texture": "#1"},
				"up": {"uv": [4, 3, 13, 11], "texture": "#1"},
				"down": {"uv": [4, 3, 13, 11], "texture": "#1"}
			}
		},
		{
			"from": [7, -5.35341, 14.82683],
			"to": [9, 9.64659, 15.82683],
			"rotation": {"angle": -22.5, "axis": "x", "origin": [11, -5.35341, 9.82683]},
			"faces": {
				"north": {"uv": [4, 0, 6, 15], "texture": "#1"},
				"east": {"uv": [4, 0, 5, 15], "texture": "#1"},
				"south": {"uv": [4, 0, 6, 15], "texture": "#1"},
				"west": {"uv": [4, 0, 5, 15], "texture": "#1"},
				"up": {"uv": [4, 3, 6, 4], "texture": "#1"},
				"down": {"uv": [4, 3, 6, 4], "texture": "#1"}
			}
		},
		{
			"from": [9, 9.64659, 12.82683],
			"to": [11, 11.64659, 14.82683],
			"rotation": {"angle": -22.5, "axis": "x", "origin": [11, -5.35341, 9.82683]},
			"faces": {
				"north": {"uv": [4, 3, 6, 5], "texture": "#1"},
				"east": {"uv": [4, 3, 6, 5], "texture": "#1"},
				"south": {"uv": [4, 3, 6, 5], "texture": "#1"},
				"west": {"uv": [4, 3, 6, 5], "texture": "#1"},
				"up": {"uv": [4, 3, 6, 5], "texture": "#1"},
				"down": {"uv": [4, 3, 6, 5], "texture": "#1"}
			}
		},
		{
			"from": [5, 9.64659, 12.82683],
			"to": [7, 11.64659, 14.82683],
			"rotation": {"angle": -22.5, "axis": "x", "origin": [11, -5.35341, 9.82683]},
			"faces": {
				"north": {"uv": [4, 3, 6, 5], "texture": "#1"},
				"east": {"uv": [4, 3, 6, 5], "texture": "#1"},
				"south": {"uv": [4, 3, 6, 5], "texture": "#1"},
				"west": {"uv": [4, 3, 6, 5], "texture": "#1"},
				"up": {"uv": [4, 3, 6, 5], "texture": "#1"},
				"down": {"uv": [4, 3, 6, 5], "texture": "#1"}
			}
		},
		{
			"from": [5, 1.64659, 0.82683],
			"to": [11, 9.64659, 6.82683],
			"rotation": {"angle": -22.5, "axis": "x", "origin": [11, -5.35341, 9.82683]},
			"faces": {
				"north": {"uv": [4, 3, 10, 11], "texture": "#1"},
				"east": {"uv": [4, 3, 10, 11], "texture": "#1"},
				"south": {"uv": [4, 3, 10, 11], "texture": "#1"},
				"west": {"uv": [4, 3, 10, 11], "texture": "#1"},
				"up": {"uv": [4, 3, 10, 9], "texture": "#1"},
				"down": {"uv": [4, 3, 10, 9], "texture": "#1"}
			}
		},
		{
			"from": [1, -16, 1],
			"to": [15, -12, 15],
			"rotation": {"angle": 0, "axis": "y", "origin": [10, -8, 10]},
			"faces": {
				"north": {"uv": [2, 6, 16, 10], "texture": "#1"},
				"east": {"uv": [2, 6, 16, 10], "texture": "#1"},
				"south": {"uv": [2, 6, 16, 10], "texture": "#1"},
				"west": {"uv": [2, 6, 16, 10], "texture": "#1"},
				"up": {"uv": [2, 2, 16, 16], "texture": "#1"},
				"down": {"uv": [2, 2, 16, 16], "texture": "#1"}
			}
		},
		{
			"from": [3, -12, 3],
			"to": [13, -10, 13],
			"rotation": {"angle": 0, "axis": "y", "origin": [10, -4, 10]},
			"faces": {
				"north": {"uv": [3, 3, 13, 5], "texture": "#1"},
				"east": {"uv": [3, 3, 13, 5], "texture": "#1"},
				"south": {"uv": [3, 3, 13, 5], "texture": "#1"},
				"west": {"uv": [3, 3, 13, 5], "texture": "#1"},
				"up": {"uv": [3, 3, 13, 13], "texture": "#1"},
				"down": {"uv": [3, 3, 13, 13], "texture": "#1"}
			}
		}
	],
	"display": {
		"thirdperson_righthand": {
			"translation": [0, 11, 0],
			"scale": [0.5, 0.5, 0.5]
		},
		"thirdperson_lefthand": {
			"translation": [0, 11, 0],
			"scale": [0.5, 0.5, 0.5]
		},
		"firstperson_righthand": {
			"translation": [0, 10, -2],
			"scale": [0.5, 0.5, 0.5]
		},
		"firstperson_lefthand": {
			"translation": [0, 10, -2],
			"scale": [0.5, 0.5, 0.5]
		},
		"ground": {
			"translation": [0, 8, 0],
			"scale": [0.5, 0.5, 0.5]
		},
		"gui": {
			"rotation": [30, 45, 0],
			"translation": [0, 5.75, 0],
			"scale": [0.5, 0.5, 0.5]
		},
		"head": {
			"translation": [0, 2, 0],
			"scale": [1.45, 1.45, 1.45]
		},
		"fixed": {
			"translation": [0, 4, -1],
			"scale": [0.5, 0.5, 0.5]
		}
	},
	"groups": [
		{
			"name": "Piece",
			"origin": [10, 32, 10],
			"children": [0,
				{
					"name": "head",
					"origin": [11, 9.72271, 8.44415],
					"children": [1, 2, 3, 4, 5, 6]
				}, 7, 8]
		}
	]
}