{
	"credit": "Made with Blockbench",
	"textures": {
		"1": "block/quartz_block_bottom",
		"particle": "block/quartz_block_bottom"
	},
	"elements": [
		{
			"from": [4, -11, 4],
			"to": [12, 1, 12],
			"rotation": {"angle": 0, "axis": "y", "origin": [10, -2, 10]},
			"faces": {
				"north": {"uv": [4, 3, 12, 15], "texture": "#1"},
				"east": {"uv": [4, 3, 12, 15], "texture": "#1"},
				"south": {"uv": [4, 3, 12, 15], "texture": "#1"},
				"west": {"uv": [4, 3, 12, 15], "texture": "#1"},
				"up": {"uv": [4, 3, 12, 11], "texture": "#1"},
				"down": {"uv": [4, 3, 12, 11], "texture": "#1"}
			}
		},
		{
			"from": [1, -16, 1],
			"to": [15, -13, 15],
			"rotation": {"angle": 0, "axis": "y", "origin": [10, -8, 10]},
			"faces": {
				"north": {"uv": [0, 0, 14, 3], "texture": "#1"},
				"east": {"uv": [0, 0, 14, 3], "texture": "#1"},
				"south": {"uv": [0, 0, 14, 3], "texture": "#1"},
				"west": {"uv": [0, 0, 14, 3], "texture": "#1"},
				"up": {"uv": [0, 0, 14, 14], "texture": "#1"},
				"down": {"uv": [0, 0, 14, 14], "texture": "#1"}
			}
		},
		{
			"from": [3, -13, 3],
			"to": [13, -11, 13],
			"rotation": {"angle": 0, "axis": "y", "origin": [10, -5, 10]},
			"faces": {
				"north": {"uv": [2, 3, 12, 5], "texture": "#1"},
				"east": {"uv": [2, 3, 12, 5], "texture": "#1"},
				"south": {"uv": [2, 3, 12, 5], "texture": "#1"},
				"west": {"uv": [2, 3, 12, 5], "texture": "#1"},
				"up": {"uv": [2, 2, 12, 12], "texture": "#1"},
				"down": {"uv": [2, 2, 12, 12], "texture": "#1"}
			}
		},
		{
			"from": [4, 7, 4],
			"to": [12, 10, 12],
			"rotation": {"angle": 0, "axis": "y", "origin": [10, 15, 10]},
			"faces": {
				"north": {"uv": [3, 2, 11, 5], "texture": "#1"},
				"east": {"uv": [3, 2, 11, 5], "texture": "#1"},
				"south": {"uv": [3, 2, 11, 5], "texture": "#1"},
				"west": {"uv": [3, 2, 11, 5], "texture": "#1"},
				"up": {"uv": [3, 2, 11, 10], "texture": "#1"},
				"down": {"uv": [3, 2, 11, 10], "texture": "#1"}
			}
		},
		{
			"from": [6, 11, 6],
			"to": [10, 14, 10],
			"rotation": {"angle": 0, "axis": "y", "origin": [10, 19, 10]},
			"faces": {
				"north": {"uv": [3, 2, 7, 5], "texture": "#1"},
				"east": {"uv": [3, 2, 7, 5], "texture": "#1"},
				"south": {"uv": [3, 2, 7, 5], "texture": "#1"},
				"west": {"uv": [3, 2, 7, 5], "texture": "#1"},
				"up": {"uv": [3, 2, 7, 6], "texture": "#1"},
				"down": {"uv": [3, 2, 7, 6], "texture": "#1"}
			}
		},
		{
			"from": [7, 10, 7],
			"to": [9, 11, 9],
			"rotation": {"angle": 0, "axis": "y", "origin": [10, 18, 10]},
			"faces": {
				"north": {"uv": [3, 2, 5, 3], "texture": "#1"},
				"east": {"uv": [3, 2, 5, 3], "texture": "#1"},
				"south": {"uv": [3, 2, 5, 3], "texture": "#1"},
				"west": {"uv": [3, 2, 5, 3], "texture": "#1"},
				"up": {"uv": [3, 2, 5, 4], "texture": "#1"},
				"down": {"uv": [3, 2, 5, 4], "texture": "#1"}
			}
		},
		{
			"from": [3, 1, 3],
			"to": [13, 7, 13],
			"rotation": {"angle": 0, "axis": "y", "origin": [10, 9, 10]},
			"faces": {
				"north": {"uv": [3, 2, 13, 8], "texture": "#1"},
				"east": {"uv": [3, 2, 13, 8], "texture": "#1"},
				"south": {"uv": [3, 2, 13, 8], "texture": "#1"},
				"west": {"uv": [3, 2, 13, 8], "texture": "#1"},
				"up": {"uv": [3, 2, 13, 12], "texture": "#1"},
				"down": {"uv": [3, 2, 13, 12], "texture": "#1"}
			}
		},
		{
			"from": [3, -2, 3],
			"to": [13, 0, 13],
			"rotation": {"angle": 0, "axis": "y", "origin": [10, 7, 10]},
			"faces": {
				"north": {"uv": [3, 2, 13, 4], "texture": "#1"},
				"east": {"uv": [3, 2, 13, 4], "texture": "#1"},
				"south": {"uv": [3, 2, 13, 4], "texture": "#1"},
				"west": {"uv": [3, 2, 13, 4], "texture": "#1"},
				"up": {"uv": [3, 2, 13, 12], "texture": "#1"},
				"down": {"uv": [3, 2, 13, 12], "texture": "#1"}
			}
		}
	],
	"display": {
		"thirdperson_righthand": {
			"translation": [0, 11, 0],
			"scale": [0.5, 0.5, 0.5]
		},
		"thirdperson_lefthand": {
			"translation": [0, 11, 0],
			"scale": [0.5, 0.5, 0.5]
		},
		"firstperson_righthand": {
			"translation": [0, 10, -2],
			"scale": [0.5, 0.5, 0.5]
		},
		"firstperson_lefthand": {
			"translation": [0, 10, -2],
			"scale": [0.5, 0.5, 0.5]
		},
		"ground": {
			"translation": [0, 8, 0],
			"scale": [0.5, 0.5, 0.5]
		},
		"gui": {
			"rotation": [30, 45, 0],
			"translation": [0, 5.75, 0],
			"scale": [0.5, 0.5, 0.5]
		},
		"head": {
			"translation": [0, 2, 0],
			"scale": [1.45, 1.45, 1.45]
		},
		"fixed": {
			"translation": [0, 4, -1],
			"scale": [0.5, 0.5, 0.5]
		}
	},
	"groups": [
		{
			"name": "Piece",
			"origin": [10, 32, 10],
			"children": [0, 1, 2, 3, 4, 5, 6, 7]
		}
	]
}