{
  "type": "bonsaitrees2:sapling",
  "sapling": {
    "item": "forbidden_arcanus:mysterywood_sapling"
  },
  "drops": [
    {
      "result": {
        "item": "forbidden_arcanus:mysterywood_log"
      },
      "rolls": 1,
      "chance": 0.75
    },
    {
      "result": {
        "item": "minecraft:stick"
      },
      "rolls": 3,
      "chance": 0.2
    },
    {
      "result": {
        "item": "forbidden_arcanus:mysterywood_leaves"
      },
      "rolls": 1,
      "chance": 0.1
    },
    {
      "result": {
        "item": "forbidden_arcanus:mysterywood_sapling"
      },
      "rolls": 1,
      "chance": 0.05
    },
    {
      "result": {
        "item": "minecraft:golden_apple"
      },
      "rolls": 1,
      "chance": 0.05
    }
  ],
  "compatibleSoilTags": [
    "grass",
    "dirt"
  ]
}