{
  "conditions":
  [
      {
          "type":"forge:mod_loaded",
          "modid":"forbidden_arcanus"
      }
  ],
    
  "type": "botanypots:crop",
  "seed": {
    "item": "forbidden_arcanus:golden_orchid_seeds"
  },
  "categories":["dirt"],
  "growthTicks": 3,
  "growthModifier": 1.2,
  "display": {
    "block": "forbidden_arcanus:golden_orchid",
    "properties": {
      "age": 2
    }
  },
  "results": [
    {
      "chance": 0.75,
      "output": {
        "item": "forbidden_arcanus:arcane_gold_nugget"
      },
      "minRolls": 1,
      "maxRolls": 1
    },
    {
      "chance": 0.05,
      "output": {
        "item": "forbidden_arcanus:arcane_gold_nugget"
      },
      "minRolls": 1,
      "maxRolls": 2
    },
    {
      "chance": 0.05,
      "output": {
        "item": "forbidden_arcanus:golden_orchid_seeds"
      },
      "minRolls": 1,
      "maxRolls": 2
    }
  ]
}