{
  "config": {
    "feature": {
      "config": {
        "feature": {
          "config": {
            "feature": {
              "config": {
                "replace_air": false,
                "min_air_space": 1,
                "max_air_space": 14,
                "max_num_of_chests": 2,
                "chest_loottable_resourcelocation": "ultra_amplified_dimension:chests/dungeon/badlands",
                "dungeon_nbt_entries": [
                    {
                        "resourcelocation": "ultra_amplified_dimension:dungeons/badlands_1",
                        "weight": 1
                    },
                    {
                        "resourcelocation": "ultra_amplified_dimension:dungeons/badlands_2",
                        "weight": 1
                    },
                    {
                        "resourcelocation": "ultra_amplified_dimension:dungeons/badlands_3",
                        "weight": 1
                    }
                ],
                "spawner_mob_entries": [
                    {
                        "resourcelocation": "minecraft:husk",
                        "weight": 48
                    },
                    {
                        "resourcelocation": "minecraft:cave_spider",
                        "weight": 25
                    },
                    {
                        "resourcelocation": "minecraft:zombie",
                        "weight": 25
                    },
                    {
                        "resourcelocation": "minecraft:creeper",
                        "weight": 1
                    },
                    {
                        "resourcelocation": "minecraft:illusioner",
                        "weight": 1
                    }
                ],
                "processors": "ultra_amplified_dimension:dungeons/badlands"
              },
              "type": "ultra_amplified_dimension:nbt_dungeon"
            },
            "decorator": {
              "config": {
                "bottom_offset": 160,
                "top_offset": 0,
                "maximum": 85
              },
              "type": "minecraft:range"
            }
          },
          "type": "minecraft:decorated"
        },
        "decorator": {
          "config": {},
          "type": "minecraft:square"
        }
      },
      "type": "minecraft:decorated"
    },
    "decorator": {
      "config": {
        "count": 12,
        "extra_chance": 0,
        "extra_count": 0      
      },
      "type": "minecraft:count_extra"
    }
  },
  "type": "minecraft:decorated"
}