{
  "config": {
    "feature": {
      "config": {
        "feature": {
          "config": {
            "feature": {
              "config": {
                "replace_air": false,
                "min_air_space": 1,
                "max_air_space": 14,
                "max_num_of_chests": 2,
                "chest_loottable_resourcelocation": "ultra_amplified_dimension:chests/dungeon/nether",
                "dungeon_nbt_entries": [
                    {
                        "resourcelocation": "ultra_amplified_dimension:dungeons/nether_1",
                        "weight": 1
                    },
                    {
                        "resourcelocation": "ultra_amplified_dimension:dungeons/nether_2",
                        "weight": 1
                    },
                    {
                        "resourcelocation": "ultra_amplified_dimension:dungeons/nether_3",
                        "weight": 1
                    }
                ],
                "spawner_mob_entries": [
                    {
                        "resourcelocation": "minecraft:zombified_piglin",
                        "weight": 44
                    },
                    {
                        "resourcelocation": "minecraft:magma_cube",
                        "weight": 26
                    },
                    {
                        "resourcelocation": "minecraft:strider",
                        "weight": 20
                    },
                    {
                        "resourcelocation": "minecraft:blaze",
                        "weight": 10
                    }
                ],
                "processors": "ultra_amplified_dimension:dungeons/nether"
              },
              "type": "ultra_amplified_dimension:nbt_dungeon"
            },
            "decorator": {
              "config": {
                "bottom_offset": 160,
                "top_offset": 0,
                "maximum": 85
              },
              "type": "minecraft:range"
            }
          },
          "type": "minecraft:decorated"
        },
        "decorator": {
          "config": {},
          "type": "minecraft:square"
        }
      },
      "type": "minecraft:decorated"
    },
    "decorator": {
      "config": {
        "count": 12,
        "extra_chance": 0,
        "extra_count": 0      
      },
      "type": "minecraft:count_extra"
    }
  },
  "type": "minecraft:decorated"
}