{
  "config": {
    "feature": {
      "config": {
        "feature": {
          "config": {
            "feature": {
              "config": {
                "replace_air": false,
                "min_air_space": 1,
                "max_air_space": 55,
                "max_num_of_chests": 2,
                "structure_y_offset": -2,
                "air_requirement_is_now_water": true,
                "chest_loottable_resourcelocation": "ultra_amplified_dimension:chests/dungeon/ocean",
                "dungeon_nbt_entries": [
                    {
                        "resourcelocation": "ultra_amplified_dimension:dungeons/ocean_1",
                        "weight": 1
                    },
                    {
                        "resourcelocation": "ultra_amplified_dimension:dungeons/ocean_2",
                        "weight": 1
                    },
                    {
                        "resourcelocation": "ultra_amplified_dimension:dungeons/ocean_3",
                        "weight": 1
                    }
                ],
                "spawner_mob_entries": [
                    {
                        "resourcelocation": "minecraft:drowned",
                        "weight": 100
                    }
                ],
                "blocks_to_always_place": [
                  {
                    "Name": "minecraft:dark_prismarine"
                  },
                  {
                    "Properties": {
                      "facing": "south",
                      "half": "bottom",
                      "shape": "straight",
                      "waterlogged": "true"
                    },
                    "Name": "minecraft:dark_prismarine_stairs"
                  },
                  {
                    "Properties": {
                      "facing": "north",
                      "half": "bottom",
                      "shape": "straight",
                      "waterlogged": "true"
                    },
                    "Name": "minecraft:dark_prismarine_stairs"
                  },
                  {
                    "Properties": {
                      "facing": "west",
                      "half": "bottom",
                      "shape": "straight",
                      "waterlogged": "true"
                    },
                    "Name": "minecraft:dark_prismarine_stairs"
                  },
                  {
                    "Properties": {
                      "facing": "east",
                      "half": "bottom",
                      "shape": "straight",
                      "waterlogged": "true"
                    },
                    "Name": "minecraft:dark_prismarine_stairs"
                  },
                  {
                    "Properties": {
                      "up": "true",
                      "north": "none",
                      "south": "none",
                      "east": "none",
                      "west": "none",
                      "waterlogged": "true"
                    },
                    "Name": "minecraft:prismarine_wall"
                  },
                  {
                    "Properties": {
                      "up": "true",
                      "north": "low",
                      "south": "low",
                      "east": "low",
                      "west": "low",
                      "waterlogged": "true"
                    },
                    "Name": "minecraft:prismarine_wall"
                  }
                ],
                "processors": "ultra_amplified_dimension:dungeons/ocean"
              },
              "type": "ultra_amplified_dimension:nbt_dungeon"
            },
            "decorator": {
              "config": {
                "bottom_offset": 1,
                "top_offset": 0,
                "maximum": 160
              },
              "type": "minecraft:range"
            }
          },
          "type": "minecraft:decorated"
        },
        "decorator": {
          "config": {},
          "type": "minecraft:square"
        }
      },
      "type": "minecraft:decorated"
    },
    "decorator": {
      "config": {
        "count": 9,
        "extra_chance": 0,
        "extra_count": 0      
      },
      "type": "minecraft:count_extra"
    }
  },
  "type": "minecraft:decorated"
}