{
  "conditions": [
    {
      "modid": "splatcraft",
      "type": "forge:mod_loaded"
    }
  ],
  "name": {
    "color": "#228CFF",
    "translate": "trophy.trofers.composed",
    "with": [
      {
        "translate": "entity.splatcraft.squid_bumper"
      }
    ]
  },
  "display": {
    "scale": 0.35
  },
  "entity": {
    "type": "splatcraft:squid_bumper",
    "nbt": "{Color: 425954}"
  },
  "colors": {
    "base": "#606060",
    "accent": "#228CFF"
  },
  "effects": {
    "sound": {
      "soundEvent": "splatcraft:squid_bumper_pop"
    },
    "rewards": {
      "lootTable": "splatcraft:blocks/canvas",
      "cooldown": 24600
    }
  }
}