{
  "conditions": [
    {
      "modid": "mannequins",
      "type": "forge:mod_loaded"
    }
  ],
  "name": {
    "color": "#8F8F8F",
    "translate": "trophy.trofers.composed",
    "with": [
      {
        "translate": "entity.mannequins.statue"
      }
    ]
  },
  "display": {
    "scale": 0.35
  },
  "entity": {
    "type": "mannequins:statue"
  },
  "colors": {
    "base": "#9D9D9D",
    "accent": "#8F8F8F"
  },
  "effects": {
    "sound": {
      "soundEvent": "mannequins:entity.statue.hit"
    }
  }
}