{
  "pools": [
    {
      "rolls": 1.0,
      "entries": [
        {
          "type": "minecraft:item",
          "functions": [
            {
              "function": "minecraft:set_count",
              "count": {
                "type": "minecraft:uniform",
                "min": -2.0,
                "max": 1.0
              },
              "add": false
            }
          ],
          "name": "minecraft:rabbit_foot"
        }
      ]
    },
    {
      "rolls": 1.0,
      "bonus_rolls": 0.0,
      "entries": [
        {
          "type": "minecraft:loot_table",
          "name": "minecraft:entities/rabbit"
        }
      ]
    }
  ]
}