{
  "conditions":
  [
      {
          "type":"forge:mod_loaded",
          "modid":"endergetic"
      }
  ],
  "type": "botanypots:crop",
  "seed": {
    "item": "endergetic:bolloom_bud"
  },
  "categories":["end"],
  "growthTicks": 3,
  "growthModifier": 1.2,
  "display": {
    "block": "endergetic:bolloom_bud"
  },
  "results": [
    {
      "chance": 0.75,
      "output": {
        "item": "endergetic:bolloom_fruit"
      },
      "minRolls": 1,
      "maxRolls": 1
    },
    {
      "chance": 0.05,
      "output": {
        "item": "endergetic:bolloom_bud"
      },
      "minRolls": 1,
      "maxRolls": 2
    },
    {
      "chance": 0.05,
      "output": {
        "item": "endergetic:bolloom_bud"
      },
      "minRolls": 1,
      "maxRolls": 2
    }
  ]
}