{
  "attributes": {
    "health": 58.0,
    "attack": 6.5,
	"attack_knockback": 0.92,
	"knockback_resistance": 0.35
  },
  "swim_ability": "float",
  "sound": "minecraft:block.slime_block.step",
  "heal_items": {
    "#quark:slime_blocks": 0.5,
	"#forge:slimeballs": 0.15
  },
  "multitexture": {
    "texture_count": 16,
	"textures": {
	  "0": {
		"blocks": [],
		"loot_table": "golems:slime/lime"
	  },
	  "2": {
		"blocks": [],
		"loot_table": "golems:slime/lime"
	  },
	  "2": {
		"blocks": "quark:magenta_slime_block",
		"loot_table": "golems:slime/magenta"
	  },
	  "3": {
		"blocks": [],
		"loot_table": "golems:slime/lime"
	  },
	  "4": {
		"blocks": "quark:yellow_slime_block",
		"loot_table": "golems:slime/yellow"
	  },
	  "5": {
		"blocks": "minecraft:slime_block",
		"loot_table": "golems:slime/lime"
	  },
	  "6": {
		"blocks": [],
		"loot_table": "golems:slime/lime"
	  },
	  "7": {
		"blocks": [],
		"loot_table": "golems:slime/lime"
	  },
	  "8": {
		"blocks": [],
		"loot_table": "golems:slime/lime"
	  },
	  "9": {
		"blocks": "quark:cyan_slime_block",
		"loot_table": "golems:slime/cyan"
	  },
	  "10": {
		"blocks": [],
		"loot_table": "golems:slime/lime"
	  },
	  "11": {
		"blocks": "quark:blue_slime_block",
		"loot_table": "golems:slime/blue"
	  },
	  "12": {
		"blocks": [],
		"loot_table": "golems:slime/lime"
	  },
	  "13": {
		"blocks": [],
		"loot_table": "golems:slime/lime"
	  },
	  "14": {
		"blocks": "quark:red_slime_block",
		"loot_table": "golems:slime/red"
	  },
	  "15": {
		"blocks": [],
		"loot_table": "golems:slime/lime"
	  }
    }
  },
  "behavior": [
	{
	  "type": "golems:split_on_death",
	  "children": 2
	} 
  ]
}