{
  "parts": 3,
  "order": "WESTERN",
  "male_firstname": [
    "Achilles",
    "Adrastus",
    "Aegeus",
    "Aegisthus",
    "Aeneas",
    "Aeson",
    "Agamemnon",
    "Ajax",
    "Alcibiades",
    "Alexander",
    "Amphion",
    "Androcles",
    "Antenor",
    "Antigonus",
    "Antiochus",
    "Antipater",
    "Antisthenes",
    "Archidamus",
    "Archimedes",
    "Aristarchus",
    "Aristides",
    "Aristophanes",
    "Aristotelis",
    "Asclepius",
    "Atlas",
    "Attalus",
    "Autolycus",
    "Bias",
    "Cadmus",
    "Callias",
    "Callimachus",
    "Castor",
    "Charon",
    "Chiron",
    "Cleisthenes",
    "Cleon",
    "Cratinus",
    "Daedalus",
    "Damon",
    "Darius",
    "Demetrius",
    "Democritus",
    "Diogenes",
    "Dion",
    "Dionysus",
    "Draco",
    "Electra",
    "Epaminondas",
    "Epimetheus",
    "Epistrophus",
    "Eteocles",
    "Eumaeus",
    "Euphemius",
    "Euphorion",
    "Eupolis",
    "Eurytus",
    "Euripides",
    "Evander",
    "Hector",
    "Hegemon",
    "Hektor",
    "Hephaestus",
    "Heraclitus",
    "Heracles",
    "Hermes",
    "Hipparchus",
    "Hippocrates",
    "Homer",
    "Icarus",
    "Ion",
    "Iphigenia",
    "Jason",
    "Laertes",
    "Leander",
    "Lycurgus",
    "Menelaus",
    "Nestor",
    "Orestes",
    "Orpheus",
    "Pausanias",
    "Pelias",
    "Pentheus",
    "Pericles",
    "Perseus",
    "Phaedrus",
    "Philo",
    "Plato",
    "Polycrates",
    "Polyphemus",
    "Pythagoras",
    "Socrates",
    "Solon",
    "Sophocles",
    "Telemachus",
    "Themistocles",
    "Theseus",
    "Thucydides",
    "Xenocrates"
  ],
  "female_firstname": [
    "Acantha",
    "Aella",
    "Agathe",
    "Aglaia",
    "Alcestis",
    "Alexandra",
    "Althea",
    "Amalthea",
    "Anastasia",
    "Andromache",
    "Antigone",
    "Apollonia",
    "Arachne",
    "Arete",
    "Ariadne",
    "Artemis",
    "Asterope",
    "Athena",
    "Calliope",
    "Calypso",
    "Cassandra",
    "Circe",
    "Cleopatra",
    "Clio",
    "Corinna",
    "Cybele",
    "Danae",
    "Daphne",
    "Demeter",
    "Despina",
    "Dione",
    "Electra",
    "Eleni",
    "Elpis",
    "Eos",
    "Eudora",
    "Eulalia",
    "Euphemia",
    "Eurydice",
    "Galatea",
    "Helena",
    "Hera",
    "Hermione",
    "Hestia",
    "Hippolyta",
    "Iliana",
    "Iphigenia",
    "Iris",
    "Isadora",
    "Kallisto",
    "Kassandra",
    "Kleio",
    "Kore",
    "Leda",
    "Maia",
    "Medea",
    "Medusa",
    "Melaina",
    "Melissa",
    "Narcissa",
    "Nemesis",
    "Nephele",
    "Niobe",
    "Oenone",
    "Olympias",
    "Pandora",
    "Penelope",
    "Persephone",
    "Phaedra",
    "Phoebe",
    "Polyhymnia",
    "Rhea",
    "Selene",
    "Sophia",
    "Terpsichore",
    "Thalia",
    "Theia",
    "Theodora",
    "Thetis",
    "Urania",
    "Xanthe",
    "Xenia"
  ],
  "surnames": [
    "Achilleus",
    "Adrastos",
    "Aeneas",
    "Agamemnon",
    "Alkaios",
    "Andromachos",
    "Antigonos",
    "Aristeides",
    "Aristophanes",
    "Aristoteles",
    "Athenaios",
    "Demetrios",
    "Diogenes",
    "Eleutherios",
    "Epikouros",
    "Euripides",
    "Hektor",
    "Herakleitos",
    "Hippokrates",
    "Kleon",
    "Kyrillos",
    "Leandros",
    "Leonidas",
    "Lykourgos",
    "Miltiades",
    "Nikolaos",
    "Odysseus",
    "Parmenides",
    "Perikles",
    "Philippos",
    "Platon",
    "Ptolemaios",
    "Pythagoras",
    "Sokrates",
    "Solon",
    "Stavros",
    "Theodoros",
    "Themistokles",
    "Xenophon",
    "Alexandros",
    "Anaxagoras",
    "Apollonios",
    "Archelaos",
    "Aristarchos",
    "Aristokles",
    "Aristophilos",
    "Chariton",
    "Chrysanthos",
    "Damaskinos",
    "Dimitrios",
    "Dionysios",
    "Epaminondas",
    "Euphranor",
    "Evangelos",
    "Georgios",
    "Hermogenes",
    "Hieronymos",
    "Hippolytos",
    "Iakobos",
    "Kallistratos",
    "Kleonikos",
    "Konstantinos",
    "Lysandros",
    "Marios",
    "Menandros",
    "Nikandros",
    "Nikomedes",
    "Olympiodoros",
    "Panteleon",
    "Pelagios",
    "Philandros",
    "Philetairos",
    "Polykarpos",
    "Prokopios",
    "Pyrrhos",
    "Sebastianos",
    "Sotirios",
    "Theodosios",
    "Timoleon",
    "Tycho",
    "Xenocrates",
    "Zenon"
  ]
}