{
    "parts": 2,
    "order": "EASTERN",
    "male_firstname": [
      "家豪", "志明", "俊杰", "建宏", "俊宏", "志豪", "志伟", "文雄", "承翰", "冠宇", "志强", "金龙", "志成",
      "志宏", "正雄", "宗翰", "冠廷", "文彬", "明辉", "明德", "承恩", "文龙", "柏翰", "俊贤", "彦廷", "志忠",
      "俊雄", "国华", "信宏", "家铭", "建成", "进财", "志铭", "荣华", "志雄", "冠霖", "武雄", "明哲", "宇翔",
      "国雄", "文祥", "志鸿", "文忠", "志贤", "正义", "建华", "文正", "俊良", "家荣", "文贤", "世昌", "家玮",
      "建志", "文章", "进兴", "明宏", "家宏", "义雄", "凯翔", "文杰", "哲玮", "建兴", "柏宇", "明宗", "志文",
      "胜雄", "嘉宏", "文钦", "俊豪", "仁杰", "俊廷", "俊男", "博文", "进发", "宗霖", "文华", "冠宏", "聪明",
      "哲维", "俊明", "宗宪", "永昌", "威廷", "世明", "建良", "金城", "俊铭", "国荣", "建铭", "俊宇", "文德",
      "建中", "子豪", "宇轩", "政宏", "忠义", "志诚", "荣辉", "志远", "明贤", "杰", "毅", "明", "翔", "平",
      "伟", "靖", "威", "皓"
    ],
    "female_firstname": [
      "淑芬", "淑惠", "美玲", "雅婷", "美惠", "丽华", "淑娟", "淑贞", "怡君", "淑华", "美华", "雅惠", "秀美",
      "秀英", "秀琴", "淑美", "美玉", "雅雯", "丽娟", "淑玲", "雅玲", "美珠", "秀兰", "丽珠", "秀凤", "美云",
      "欣怡", "美丽", "丽卿", "惠美", "丽美", "淑珍", "惠玲", "淑慧", "秀玲", "秀珍", "秀珠", "玉兰", "素珍",
      "素贞", "怡婷", "月娥", "明珠", "丽玲", "丽云", "宜蓁", "丽玉", "淑芳", "玉梅", "玉玲", "慧玲", "秀玉",
      "秋香", "秀梅", "佳蓉", "玉英", "美珍", "秀娟", "美娟", "静宜", "淑敏", "静怡", "雅慧", "美凤", "美慧",
      "雅萍", "宝珠", "美兰", "丽香", "淑卿", "玉珍", "心怡", "佳玲", "钰婷", "美英", "诗涵", "惠珍", "春美",
      "秀云", "碧珠", "佩珊", "丽雪", "碧霞", "月英", "丽珍", "雅芳", "郁婷", "碧云", "丽琴", "佳慧", "淑媛",
      "素卿", "秀华", "丽芬", "佩君", "玉美", "雅琪", "玉华", "佳颖", "玉婷", "敏", "梅", "雪", "满", "玉",
      "美", "静", "薇", "婷", "秀"
    ],
    "surnames": [
      "陈", "林", "黄", "张", "李", "王", "吴", "刘", "蔡", "杨", "许", "郑", "谢", "洪", "郭", "邱", "曾",
      "廖", "赖", "徐", "周", "叶", "苏", "庄", "吕", "江", "何", "萧", "罗", "高", "潘", "朱", "钟", "彭",
      "詹", "胡", "施", "沈", "余", "卢", "梁", "赵", "颜", "柯", "翁", "魏", "孙", "戴", "范", "方", "宋",
      "邓", "杜", "傅", "侯", "曹", "薛", "丁", "卓", "阮", "马", "董", "温", "唐", "蓝", "石", "蒋", "古",
      "纪", "姚", "连", "冯", "欧", "程", "汤", "黄", "田", "康", "姜", "白", "汪", "邹", "尤", "巫", "黎",
      "涂", "龚", "严", "韩", "袁", "金", "童", "陆", "夏", "柳", "凃", "邵", "欧阳"
    ]
  }