{
  "parts": 2,
  "order": "WESTERN",
  "male_firstname": [
    "Adam",
    "Adaem",
    "Daem",
    "Addiin",
    "Adriaen",
    "Aelwijn",
    "Aernt",
    "Arnd",
    "Art",
    "Ancel",
    "Anthonijs",
    "Balthazar",
    "Bartholomeeus",
    "Basel",
    "Berne",
    "Berwout",
    "Boudiin",
    "Braem",
    "Casiin",
    "Claes",
    "Coen",
    "Cunus",
    "Dankert",
    "Dirc",
    "Doediin",
    "Engel",
    "Filips",
    "Floris",
    "Garbrant",
    "Gheen",
    "Ghibe",
    "Ghyot",
    "Gillis",
    "Gode",
    "Goeswijn",
    "Helmich",
    "Herman",
    "Hobbe",
    "Hubrecht",
    "Hugo",
    "Jacob",
    "Jan",
    "Joniis",
    "Jorgel",
    "Jorijs",
    "Kerstant",
    "Kerstiaen",
    "Knop",
    "Lambout",
    "Lambrecht",
    "Lantsloet",
    "Lem",
    "Lodewijc",
    "Louwe",
    "Ludeken",
    "Lumen",
    "Maas",
    "Maasdam",
    "Mantijn",
    "Martijn",
    "Matheus",
    "Melijs",
    "Merliin",
    "Meynaert",
    "Michiel",
    "Mouwerijn",
    "Nanne",
    "Ocker",
    "Oel",
    "Oscelet",
    "Otte",
    "Pelgrim",
    "Pieter",
    "Pinkaerd",
    "Poorter",
    "Pouwels",
    "Raes",
    "Reyner",
    "Robbrecht",
    "Roelof",
    "Rombout",
    "Rutgher",
    "Sander",
    "Sandriin",
    "Sarijs",
    "Seruaes",
    "Staes",
    "Stans",
    "Thomas",
    "Tiel",
    "Tyeman",
    "Voppe",
    "Vranc",
    "Vrederic",
    "Vrieze",
    "Walter",
    "Wermbout",
    "Wijnken",
    "Willem",
    "Witken",
    "Wouter",
    "Wynant",
    "Ysebout",
    "Ysebrand",
    "IJssel",
    "Zegher"
  ],
  "female_firstname": [
    "Aechte",
    "Aechgen",
    "Aechtgen",
    "Aechtken",
    "Agnieze",
    "Niese",
    "Nyesken",
    "Aleid",
    "Aelken",
    "Aleit",
    "Alide",
    "Aliit",
    "Alijd",
    "Aliken",
    "Anna",
    "Bairte",
    "Beerte",
    "Bely",
    "Beligen",
    "Belike",
    "Beliken",
    "Belitgen",
    "Drimmelin",
    "Driemylen",
    "Driemilen",
    "Fye",
    "Gheertruud",
    "Geertruut",
    "Geertrwt",
    "Gheertruyt",
    "Gheertruut",
    "Trude",
    "Gheyle",
    "Hammin",
    "Hildegond",
    "Hille",
    "Hilleken",
    "Jacoba",
    "Johanna",
    "Jolanda",
    "Katerine",
    "Catharina",
    "Kateriin",
    "Katheriin",
    "Katriin",
    "Catrijn",
    "Katrijn",
    "Katrine",
    "Kunigunde",
    "Lente",
    "Lentken",
    "Lijsbet",
    "Betgen",
    "Betken",
    "Betkin",
    "Elisabeth",
    "Liisbet",
    "Liisbeth",
    "Liisbette",
    "Liisken",
    "Liiskiin",
    "Lijsbeth",
    "Lijsbette",
    "Lijsken",
    "Lijskin",
    "Lisabette",
    "Lize",
    "Marie",
    "Marigen",
    "Maryken",
    "Marriken",
    "Lubbe",
    "Machtelt",
    "Mechtelt",
    "Margaretha",
    "Margriete",
    "Griet",
    "Griete",
    "Meyl",
    "Pieternelle",
    "Zoete",
    "Zoetgen",
    "Zoetken"
  ],
  "surnames": [
    "van der Aa",
    "Bakker",
    "van den Berg",
    "Boer",
    "Brouwer",
    "van Dijk",
    "Dijkstra",
    "van Dyck",
    "van Egmond",
    "van Eijk",
    "van Es",
    "van Gogh",
    "Groen",
    "de Haan",
    "de Jong",
    "Jansen",
    "Janssen",
    "Jonker",
    "de Klerk",
    "de Lange",
    "van Leeuwen",
    "de Mol",
    "de Moor",
    "Mulder",
    "Nieuwenhuis",
    "de Pauw",
    "Peters",
    "Pietersen",
    "de Ridder",
    "de Ruiter",
    "Sanders",
    "Schouten",
    "Smits",
    "Smit",
    "Staal",
    "Stadler",
    "van de Ven",
    "van Vliet",
    "Vos",
    "Vries",
    "van Wijk",
    "Willems",
    "Willemsen",
    "Wouters",
    "Bakker",
    "Bos",
    "Brink",
    "de Graaf",
    "de Groot",
    "de Vries",
    "Dekker",
    "den Hartog",
    "van den Heuvel",
    "Hendriks",
    "van Hoorn",
    "Hoekstra",
    "Hofman",
    "Jacobs",
    "Janssen",
    "Jansen",
    "de Jong",
    "Jonker",
    "Koning",
    "Koster",
    "van Leeuwen",
    "Maas",
    "Martens",
    "van Os",
    "van Oudenhoven",
    "van Rijn",
    "Roos",
    "Smit",
    "Smit",
    "de Vries",
    "van de Walle",
    "van de Werf",
    "van de Wiel",
    "van de Wijngaard",
    "van der Zanden",
    "van der Zee",
    "van der Zijl",
    "van Dijk",
    "van Doorn",
    "van Egmond",
    "van Eijk",
    "van Es",
    "van Gogh",
    "van Houten",
    "van Leeuwen",
    "van der Linden",
    "van der Meer",
    "van der Meulen",
    "van der Poel"
  ]
}
