{
  "parts": 2,
  "order": "WESTERN",
  "male_firstname": [
    "Aart","Adbar","Adhamh","Agnar","Airon","Aldair","Anthan","Anyon","Armun","Arnulf","Balin","Barrym","Bifurr","Bomburr","Borador","Bovurr","Brendt","Briafael","Bron","Bruenor","Bryth","Cromwell","Daeros","Dagan","Dagna","Darbleth","Dendir","Dori","Dorring","Draegan","Durinn","Durlin","Dvalinn","Fenten","Fili","Gandalug","Garald","Garl","Gimle","Gloinn","Graendel","Haldor","Halfdan","Hemeth","Isinghar","Islik","Ivan","Jemuril","Karragh","Karrik","Kazarrdun","Kili","Kolgrim","Kortas","Korval","Labrad","Magnus","Milosh","Mordigan","Morick","Morinn","Neely","Nori","Oinn","Ori","Oskar","Owin","Pikel","Sigurd","Sindri","Thaelin","Thalinn","Thorin","Throrr","Thunderbelly","Trym","Ulfgar"
  ],
  "female_firstname": [
    "Airyn","Alitha","Amber","Andora","Anveig","Aslaug","Baera","Bella","Belmora","Belwynn","Bergede","Betild","Briona","Brynhild","Dagnal","Dalga","Darba","Dasharra","Dazlyn","Demetira","Eira","Embla","Favria","Fenella","Finellen","Freja","Froya","Gilda","Glenna","Gorla","Grista","Grizzelda","Grunda","Gudrun","Haldis","Helle","Helle","Hilde","Hildegunn","Hildreth","Ilsa","Ingerid","Istrid","Karna","Kartra","Kasea","Lelia","Mae","Meara","Mira","Moira","Morista","Muren","Naia","Naomlen","Oda","Reema","Reymora","Rhona","Rorsta","Shaina","Sigrid","Sol","Talia","Tasmera","Tyra","Unna","Vandra","Varun","Velkora","Verra","Vlomina","Ylsa","Yorla","Zenobia","Zita"
  ],
  "surnames": [
    "Alefinder","Amberbeard","Amberheart","Amberkin","Amberlord","Ambermountain","Amberstorm","Angerforge","Angershadow","Angerstorm","Anvilflame","Anvilforge","Anvilheart","Armourcrusher","Armourforge","Armourlord","Armoursmasher","Ashenbeard","Ashenblade","Ashenhammer","Ashenheart","Ashenlord","Ashenmantle","Ashenwell","Axebeard","Axeborn","Axeforge","Axelord","Axestrike","Battleaxe","Battlebeard","Battleborn","Battleforged","Battlehammer","Battleheart","Battlelord","Battlestorm","Beastflayer","Bitterbones","Bitterborn","Blackember","Blackflame","Blackheart","Blacklord","Blackmantle","Blackrock","Blackstar","Bladelord","Blademaker","Bladeshard","Bladestorm","Bladestrike","Bonebreaker","Bottlehorn","Boulderbasher","Boulderlord","Bouldermountain","Boulderstorm","Brewheart","Brewmaster","Brickfist","Brightbeard","Brightblaze","Brightbolt","Brightheart","Brightstar","Bronzeaxe","Bronzebeard","Bronzehammer","Coppersmith","Copperwraught","Daggerthane","Darkbeard","Darkflame","Darkheart","Darkiron","Darklord","Darkstar","Diamondaxe","Diamondblade","Diamondforge","Diamondhammer","Diamondsword","Direbrew","Dragoncrest","Dragongrog","Dragonspear","Earththane","Firebeard","Firebolt","Firebones","Fireborn","Fireforge","Firekeeper","Firelord","Firemountain","Firestorm","Firestrike","Flamebeard","Flameheart","Flamehearth","Flamestar","Flamestrike","Forgehammer","Giantaxe","Giantbasher","Giantborn","Gianthammer","Giantheart","Giantlord","Glitterbeard","Glitterbolt","Glittergold","Glittermountain","Glitterstorm","Goldaxe","Goldbeard","Goldblade","Goldforge","Goldheart","Goldlord","Gravelkin","Greybolt","Grimhelm","Grimhoard","Grimhold","Grimmoon","Gruffbeard","Gruffborn","Gruffbrother","Gruffheart","Hammerforged","Hammerheart","Hammerlord","Hammermountain","Hammerstorm","Hammerstrike","Hardstone","Hillforge","Hillminer","Hillstrike","Honourstrike","Honoursword","Icebeard","Iceblade","Iceheart","Icelord","Iceshard","Icestorm","Ironbeard","Ironforge","Irongut","Ironheart","Ironkeg","Ironmoon","Ironstrike","Jadeflame","Jadehelm","Kegcrest","Kegfrost","Kegminer","Kegward","Kingblade","Kingheart","Kingmaker","Kingmantle","Kingmountain","Kingshadow","Kingstorm","Kingstrike","Largeember","Largeflame","Largeglaive","Largemaul","Lavabarrel","Lavablade","Lavaember","Lavafall","Lavaforge","Lavafury","Lavaheart","Lavalord","Lavamantle","Lightblessed","Lightkeeper","Lightmaker","Lightstrike","Metalbeard","Metalglaive","Metalheart","Metalmaul","Metalmountain","Metalshield","Mineborn","Mineheart","Minelord","Mithrilarm","Mithrilblessed","Mithrilforge","Mithrilmountain","Mithrilshard","Mithrilshield","Moonaxe","Mountainborn","Mountainheart","Mountainlord","Mountainshadow","Mountainstorm","Nightforge","Nobleblade","Oakshield","Riverkeg","Rockcrusher","Rockhammer","Rocklord","Rockminer","Rocksmasher","Rockstrike","Runeanvil","Runeblade","Runeborn","Runeflame","Runeforge","Runehammer","Runekeeper","Runelord","Runemountain","Shadowheart","Shadowhelm","Shadowshard","Shadowshimmer","Shattergnasher","Silveraxe","Silverbeard","Silverblade","Silverbolt","Silverhammer","Silverheart","Silvermountain","Silvershield","Spearmaker","Spearstrike","Steelaxe","Steelblade","Steelfist","Steelforge","Steelhammer","Steelmountain","Stoneaxe","Stonebeard","Stonehammer","Stoneheart","Stonemountain","Stormbattle","Stormbeard","Stormblade","Stormhammer","Stormheart","Stormlord","Stormmountain","Stormstar","Stormstrike","Thunderbeard","Thunderborn","Thunderforge","Thunderheart","Thunderlord","Thundermountain","Thunderstrike","Topazhammer","Treasurebeard","Treasurehunter","Truearm","Trueblade","Trueforge","Trueheart","Truestrike","Truthkeeper"
  ]
}
