{
  "parts": 2,
  "order": "WESTERN",
  "male_firstname": [
    "Adamar" , "Adorellan" , "Afamrail" , "Ailwin" , "Aimon" , "Alok" , "Alre" , "Aubron" , "Ayas" , "Aymon" , "Beluar" , "Camus" , "Castien" , "Chathanglas" , "Connak" , "Darcassan" , "Darfin" , "Darthoridan" , "Darunia" , "Edwyrd" , "Elashor" , "Eldrin" , "Elduin" , "Elephon" , "Elidyr" , "Elion" , "Ellisar" , "Elmar" , "Elmon" , "Elpharae" , "Elwin" , "Emmyth" , "Erendriel" , "Eriladar" , "Estelar" , "Faeranduil" , "Feno" , "Folen" , "Folmon" , "Folre" , "Folre" , "Giullis" , "Glanduil" , "Goras" , "Gormer" , "Gormon" , "Gorred" , "Gorwin" , "Grathgor" , "Ilimitar" , "Illithor" , "Ilthuryn" , "Jhaan" , "Katar" , "Kerym" , "Khyrmin" , "Kiirion" , "Kolvar" , "Kyrenic" , "Laiex" , "Lamruil" , "Larrel" , "Llewel" , "Luthais" , "Lyklor" , "Malon" , "Mhaenal" , "Mnementh" , "Myrin" , "Nasir" , "Nesterin" , "Nieven" , "Ninleyn" , "Ninthalor" , "Nym" , "Nyvorlas" , "Ornthalas" , "Orrian" , "Pelleas" , "Pharom" , "Phraan" , "Qildor" , "Raibyn" , "Ranaeril" , "Rhangyl" , "Rhistel" , "Ruehnar" , "Ruven" , "Sontar" , "Sudryal" , "Tamnaeth" , "Taranath" , "Taredd" , "Tassarion" , "Theodluin" , "Theodmon" , "Traeliorn" , "Uevareth" , "Usunaar" , "Vamir" , "Velethuil" , "Vulmer" , "Vulred" , "Zaos"
  ],
  "female_firstname": [
    "Aerith" , "Ahrendue" , "Alagossa" , "Allynna" , "Almithara" , "Amara" , "Amaranthae" , "Amisra" , "Ayla" , "Bemere" , "Bonaluria" , "Chalia" , "Chandrelle" , "Ciradyl" , "Clanire" , "Daethie" , "Daratrine" , "Darshee" , "Dessielle" , "Dilya" , "Ecaeris" , "Elanalue" , "Eloimaya" , "Eloimaya" , "Elyon" , "Ena" , "Esiyae" , "Esta" , "Falenas" , "Faylen" , "Gaerradh" , "Gaerradh" , "Gaylia" , "Ghilanna" , "Gwynnestri" , "Gylledhia" , "Helartha" , "Holone" , "Huethea" , "Huethea" , "Ialantha" , "Ilyrana" , "Imizael" , "Imra" , "Isarrel" , "Jeardra" , "Keerla" , "Keya" , "Kilyn" , "Kylantha" , "Leena" , "Lenna" , "Lensa" , "Lethhonel" , "Liluth" , "Llamiryl" , "Lusha" , "Lusserina" , "Lyeecia" , "Lyra" , "Lythienne" , "Maescia" , "Meira" , "Micaiah" , "Mylaela" , "Mylaerla" , "Myrrh" , "Nakiasha" , "Nambra" , "Namys" , "Nimeroni" , "Nuovis" , "Ochilysse" , "Ochilysse" , "Osonia" , "Rathiain" , "Renna" , "Rophalin" , "Rubarae" , "Rubarae" , "Sana" , "Selphie" , "Shandalar" , "Shelara" , "Siraye" , "Solana" , "Syndra" , "Talindra" , "Tanila" , "Tehlarissa" , "Thaciona" , "Thessalia" , "Tialha" , "Tinesi" , "Tiriana" , "Ulesse" , "Umilythe" , "Usamea" , "Vaeri" , "Vaeri" , "Valindra" , "Vasati" , "Ygannea" , "Ynaselle" , "Yralissa" , "Yrathea" , "Yrneha" , "Ysildea" , "Yunaesa" , "Zilyana"
  ],
  "surnames": [
    "Adceran" , "Addove" , "Adhorn" , "Adwenys" , "Adzeiros" , "Aeharice" , "Aeleth" , "Aephine" , "Araphine" , "Araydark" , "Balhorn" , "Ballen" , "Beilamin" , "Beimys" , "Beisatra" , "Bifiel" , "Biro" , "Brylamin" , "Caidi" , "Caiven" , "Carstina" , "Crana" , "Crazorwyn" , "Daelana" , "Daemys" , "Daera" , "Damyar" , "Danala" , "Danorin" , "Daric" , "Darieth" , "Dathyra" , "Dorlana" , "Dorlynn" , "Eilbalar" , "Eilbella" , "Eilceran" , "Eillee" , "Eilxalim" , "Elajor" , "Elatumal" , "Elric" , "Elwarin" , "Endan" , "Enlamin" , "Ensandoral" , "Erfiel" , "Erstina" , "Faeran" , "Faesandoral" , "Faeydark" , "Famaris" , "Farmaer" , "Farrora" , "Farxidor" , "Farxina" , "Fathyra" , "Fatris" , "Faven" , "Fenbalar" , "Fencaryn" , "Fenhorn" , "Fenleth" , "Fenven" , "Fenwarin" , "Genbella" , "Genna" , "Glynnan" , "Glynra" , "Grekalyn" , "Grewynn" , "Grexidor" , "Heigella" , "Heilar" , "Heiwynn" , "Heiydark" , "Heleceran" , "Helejyre" , "Herbanise" , "Herkas" , "Holaleth" , "Holarieth" , "Iansandoral" , "Iarbalar" , "Iarlamin" , "Iarlen" , "Iarmaris" , "Iartumal" , "Inawenys" , "Jocaryn" , "Jodithas" , "Jofiel" , "Keavalur" , "Keavyre" , "Kelcaryn" , "Kelxisys" , "Keyjyre" , "Keywraek" , "Keyyarus" , "Krisdi" , "Krisfir" , "Krisqirelle" , "Kriswenys" , "Leolar" , "Leorieth" , "Leorona" , "Liajor" , "Liaphyra" , "Liasandoral" , "Luhice" , "Lukian" , "Magkrana" , "Magmoira" , "Magneiros" , "Miahana" , "Miahice" , "Mianelis" , "Miaquinal" , "Miara" , "Miradan" , "Mirafina" , "Morjeon" , "Naehana" , "Naelana" , "Naemys" , "Naerel" , "Neridithas" , "Neriharice" , "Nerimyar" , "Neriric" , "Neriwraek" , "Norberos" , "Normaris" , "Normoira" , "Nornelis" , "Northana" , "Noryarus" , "Olaneiros" , "Olavalur" , "Ologella" , "Olopetor" , "Oloyra" , "Omamaer" , "Orihice" , "Pakrana" , "Paleth" , "Paralei" , "Parie" , "Perdove" , "Pernelis" , "Pernorin" , "Pervalur" , "Pervyre" , "Petnan" , "Petnorin" , "Petpeiros" , "Petxisys" , "Phigeiros" , "Phixina" , "Preslee" , "Prestumal" , "Qinnala" , "Qinran" , "Qiric" , "Quizeiros" , "Ralozumin" , "Ravagella" , "Ravapetor" , "Reyhice" , "Reyquinal" , "Reywraek" , "Romys" , "Ropetor" , "Roynore" , "Sarbella" , "Sarrora" , "Sarzeiros" , "Shabanise" , "Shafiel" , "Shafir" , "Sharalei" , "Shasandoral" , "Shaxisys" , "Shaydark" , "Thejeon" , "Themaris" , "Theric" , "Thesys" , "Thexina" , "Traric" , "Triskas" , "Trisphine" , "Trisrora" , "Trisxina" , "Ulakrana" , "Ulapeiros" , "Umepeiros" , "Umeroris" , "Uriberos" , "Urilana" , "Uriquinal" , "Urirel" , "Urivalur" , "Valleth" , "Venceran" , "Venzeiros" , "Virfir" , "Virlar" , "Virlynn" , "Virpetor" , "Virqirelle" , "Virrie" , "Waeswenys" , "Wranpetor" , "Wranven" , "Wranyra" , "Wynxisys" , "Wysacyne" , "Wysazeiros" , "Xilharice" , "Xilqen" , "Xilthyra" , "Xyrberos" , "Xyrroris" , "Yelrie" , "Yelthyra" , "Yelven" , "Yelyra" , "Yescaryn" , "Yeslynn" , "Yinphyra" , "Yinsatra" , "Yllara" , "Zinren" , "Zumnala" , "Zylhana" , "Zylrora"
  ]
}