{
  "parts": 2,
  "order": "WESTERN",
  "male_firstname": [
    "Ambroys",
    "Ame",
    "Andri",
    "Andriet",
    "Andry",
    "Anthoine",
    "Bernard",
    "Bernart",
    "Boutart",
    "Charles",
    "Charlot",
    "Colin",
    "Colinet",
    "Collinet",
    "Denis",
    "Denisot",
    "Durant",
    "Edouart",
    "Enguerran",
    "Enguerrand",
    "Ernault",
    "Estienne",
    "Ethor",
    "Felix",
    "Floquart",
    "François",
    "Galleren",
    "Gaultier",
    "Gilles",
    "Guieffroy",
    "Guillaume",
    "Guy",
    "Henry",
    "Hugues",
    "Huistase",
    "Imbert",
    "Jacques",
    "Jacquot",
    "Jean",
    "Jehan",
    "Jehannin",
    "Larrecin",
    "Louis",
    "Louys",
    "Loys",
    "Martin",
    "Maussart",
    "Michel",
    "Mille",
    "Morelet",
    "Nicolas",
    "Nicolle",
    "Oudart",
    "Perrin",
    "Philippe",
    "Philippes",
    "Pierre",
    "Poton",
    "Regnault",
    "Remon",
    "Remonet",
    "Richart",
    "Robert",
    "Robinet",
    "Sauvage",
    "Sauvaige",
    "Simon",
    "Symmonet",
    "Symon",
    "Symonet",
    "Talbot",
    "Talebot",
    "Tallebot",
    "Tanguy",
    "Tanneguy",
    "Vincent"
  ],
  "female_firstname": [
    "Agnez",
    "Agnés",
    "Agnes",
    "Agnesot",
    "Alays",
    "Alipson",
    "Amelot",
    "Armanda",
    "Ayba",
    "Berga",
    "Bernarda",
    "Bertranda",
    "Blancha",
    "Bornazela",
    "Botille",
    "Boyna",
    "Chrestienne",
    "Claria",
    "Collette",
    "Denise",
    "Denisete",
    "Denisette",
    "Dorian",
    "Emmelot",
    "Genevote",
    "Gervaise",
    "Gillette",
    "Guillemette",
    "Guiote",
    "Guiotte",
    "Honnorée",
    "Isabel",
    "Jaquette",
    "Jehanne",
    "Jehannette",
    "Juliote",
    "Katherine",
    "Katerine",
    "Lorence",
    "Loyse",
    "Mahault",
    "Margot",
    "Marguerite",
    "Marie",
    "Marion",
    "Martine",
    "Nicole",
    "Oudine",
    "Perrette",
    "Phlipote",
    "Plantée",
    "Poubelle",
    "Rapine",
    "Symonne",
    "Thomasse",
    "Ysabel",
    "Ysabeau",
    "Ysabelet"
  ],
  "surnames": [
    "d'Allee",
    "l'Amy",
    "l'Archer",
    "d'Armignac",
    "d'Ausserre",
    "Baille",
    "Baillet",
    "de Bar",
    "dit le Beau",
    "de Belloy",
    "le Berger",
    "Bertran",
    "de Betencourt",
    "du Bois",
    "de Bonpre",
    "de Bonpuis",
    "Bourdon",
    "de Bournonville",
    "du Boys",
    "de Braquemont",
    "de Breban",
    "de Brey",
    "de Brie",
    "Caboche",
    "des Champs",
    "Charetier",
    "de Chartres",
    "du Chastel",
    "Cirasse",
    "de Clamecy",
    "le Cler",
    "de Cobie",
    "le Coq",
    "le Cordelier",
    "Courtecuisse",
    "de Craon",
    "Crete",
    "des Croustez",
    "Cyrasse",
    "de Dampierre",
    "Discret",
    "Dole",
    "l'Empereur",
    "de l'Esclat",
    "d'Esparnon",
    "d'Espernon",
    "des Essars",
    "des Essarts",
    "d'Estouville",
    "l'Extrac",
    "de Favieres",
    "Foucault",
    "Frallon",
    "de Fromonville",
    "Gaiant",
    "la Gajant",
    "Gas",
    "de Gaucourt",
    "Gaude",
    "Gencien",
    "du Gibet",
    "le Gouays",
    "le Grant Augustin",
    "de Grantrue",
    "de Grinquos",
    "de la Guerre",
    "Jamelin",
    "Jouvenel",
    "de Labrait",
    "de Lalier",
    "Lamben",
    "de Langre",
    "de Lestre",
    "de Lolive",
    "Lore",
    "Lormoy",
    "de Louviers",
    "de Lunay",
    "de Luxembourg",
    "le Maçon",
    "de Malconquat",
    "Marc",
    "Marcel",
    "Marchant",
    "Mariette",
    "de Marle",
    "du Mesnil",
    "de Montagu",
    "de Montaigu",
    "Morhier",
    "de Morvillier",
    "des Moulins",
    "Nepveu",
    "de Neufville",
    "Oger",
    "d'Orgremont",
    "Paris",
    "Perquin",
    "Petitmeny",
    "Petitmesnil",
    "Pidoye",
    "Pie",
    "de Pisex",
    "de Pisieux",
    "la Poucelle",
    "Poupart",
    "du Pre",
    "le Prestre",
    "la pucelle",
    "la Pucelle",
    "Ragnier",
    "Rallart",
    "Rappiot",
    "Regnault",
    "de Rivel",
    "de la Riviere",
    "de la Rochelle",
    "de Roubres",
    "Rousseau",
    "de Saintraille",
    "de Saintyon",
    "Sanguin",
    "Sarazin",
    "de Saulx",
    "Sifflet",
    "de Spire",
    "Syrasse",
    "de Ternant",
    "Tirasse",
    "de Tourraine",
    "de Troyes",
    "de Tuillieres",
    "de la Vallee",
    "de Valois",
    "de Vauru",
    "de Vienne",
    "la Voiriere",
    "de Vry"
  ]
}
