{
  "parts":2,
  "order":"WESTERN",
  "male_firstname":["Adam",
    "Auberlin",
    "Aulber",
    "Auberli",
    "Ambrosius",
    "Andres",
    "Anthonius",
    "Arnolt",
    "Bartholome",
    "Berchtold",
    "Bernhart",
    "Bernhard",
    "Bernhardt",
    "Balthasar",
    "Balthasars",
    "Bantlin",
    "Best",
    "Bentz",
    "Benlin",
    "Bricius",
    "Burkart",
    "Burkhart",
    "Burk",
    "Burklin",
    "Caspar",
    "Clos",
    "Claus",
    "Cloeslin",
    "Clais",
    "Cloes",
    "Closlin",
    "Cloosl",
    "Clewin",
    "Conrat",
    "Conlin",
    "Conrad",
    "Conrade",
    "Cunrat",
    "Cuon",
    "Cuontz",
    "Crafft",
    "Dietrich",
    "Dieterlin",
    "Diettrich",
    "Eberlin",
    "Eberhart",
    "Erhart",
    "Franciscus",
    "Frank",
    "Frantz",
    "Fritz",
    "Gabriel",
    "Geer",
    "Georig",
    "Georien",
    "Gilig",
    "Guot",
    "Guotman",
    "Hainrich",
    "Haini",
    "Hainricis",
    "Haints",
    "Haintz",
    "Haintzlin",
    "Hanß",
    "Hans",
    "Hansman",
    "Hennslin",
    "Henselman",
    "Herman",
    "Hug",
    "Ital",
    "Jeck",
    "Jacob",
    "Jerg",
    "Jos",
    "Johannes",
    "Laurentz",
    "Lienhart",
    "Loye",
    "Lugglin",
    "Lucas",
    "Marquart",
    "Martin",
    "Mathÿs",
    "Mathis",
    "Marx",
    "Melchior",
    "Merklin",
    "Maerklin",
    "Michel",
    "Oswald",
    "Oswalt",
    "Ostertag",
    "Paule",
    "Peter",
    "Philippus",
    "Reinbolt",
    "Ruodolff",
    "Ruoff",
    "Ruedin",
    "Ruodin",
    "Sÿferlin",
    "Spon",
    "Steffan",
    "Thoman",
    "Urban",
    "Ulrich",
    "Uolrich",
    "Uelin",
    "Uulrich",
    "Walther",
    "Wernher",
    "Wernhart",
    "Wolff",
    "Will",
    "Willin",
    "Ytel",
    "Zyppolt"],

  "female_firstname":[
    "Abeleken",
    "Abelken",
    "Alheyden",
    "Aleken",
    "Alke",
    "Alken",
    "Alleke",
    "Alleken",
    "Anneke",
    "Anneken",
    "Beken",
    "Carstine",
    "Carstinen",
    "Cristinen",
    "Geken",
    "Gerbrechte",
    "Geseken",
    "Gesken",
    "Gheseken",
    "Ghezeken",
    "Greteke",
    "Greteken",
    "Gretke",
    "Gretken",
    "Hille",
    "Ilsebe",
    "Ilsebeen",
    "Juliana",
    "Katherina",
    "Katherineke",
    "Katherineken",
    "Katherinen",
    "Katherine",
    "Katrinen",
    "Katherine",
    "Kunneke",
    "Magdalene",
    "Magdelenen",
    "Maria",
    "Marie",
    "Marien",
    "Metke",
    "Metken",
    "Metteke",
    "Metteken",
    "Sileken",
    "Tibbeken",
    "Tybbeken",
    "Wibeke",
    "Wobbeken",
    "Wobbeke",
    "Wommelken"],

  "surnames":[
    "Alschawer",
    "Arnold",
    "Bantzschman",
    "Bawch",
    "Bawer",
    "Behem",
    "Belen",
    "Beyer",
    "Bobock",
    "Boner",
    "Brawer",
    "Brunsdorff",
    "Brunßdorff",
    "Cleyn",
    "von Distko",
    "Doner",
    "Doring",
    "von Doßen",
    "von Dresden",
    "Eschenfelt",
    "Fischer",
    "Forberg",
    "Franck",
    "von Freynrode",
    "von Geraw",
    "Glockener",
    "Grobes",
    "Grundeman",
    "Grundemann",
    "Gunterrode",
    "Haldeck",
    "Hawg",
    "Henel",
    "Hennel",
    "Herman",
    "Hertwig",
    "Hinkitzsch",
    "Hoch",
    "Hofeman",
    "Holczsleger",
    "Holtzsleger",
    "Horn",
    "Huter",
    "von Kanewitz",
    "Kawerbach",
    "Kaldofen",
    "Ketzler",
    "Keyßer",
    "Konig",
    "Konige",
    "Krawße",
    "Kuhen",
    "von Lengenfelt",
    "Lewschner",
    "Leymbecker",
    "von Liptzk",
    "Listko",
    "Mahnewitz",
    "Marcus",
    "Melckaw",
    "Michel",
    "Moller",
    "von Nawendorff",
    "Nennig",
    "Ohem",
    "Olschawer",
    "Pawdeman",
    "Pawdernas",
    "vom Petersperge",
    "Pfeyffer",
    "Pflugritter",
    "Probeste",
    "Rebe",
    "von Reybhant",
    "vom Reyn",
    "Ritter",
    "Rosenkrantz",
    "Ryner",
    "Salmon",
    "Schmideberg",
    "Schonebroth",
    "Schroten",
    "Schuman",
    "Schumann",
    "Senckler",
    "Smide",
    "von Smollen",
    "Sneyder",
    "Somer",
    "Spetner",
    "Steffan",
    "Steffen",
    "Swarm",
    "Swartz",
    "Swartzeberg",
    "Swartzenberg",
    "Swenckeßfewer",
    "Tirle",
    "Unwirde",
    "Vogel",
    "Voyt",
    "Wegel",
    "Weydener",
    "Wilde",
    "Wolkensteyn",
    "Zymerman",
    "Zymmerman"
  ],
  "source": "https://www.ellipsis.cx/~liana/names/names.html"
}