{
  "parts": 2,
  "order": "WESTERN",
  "male_firstname": [
	"Antonio", "Antan", "Antão", "Antonio", "Johão", "Joam", "Joan", "João", "Johão", "Joham", "Johan", "Johane", "John", "Francisco", "Francisco", "Françisco", "Francisque", "Francisquo", "Françisquo", "Pero", "Pedre", "Pedro", "Per", "Pero", "Dioguo", "Diogo", "Díoguo", "Dioguo", "Dyoguo", "Fernão", "Fernan", "Fernão", "Manoel", "Manel", "Manuell", "Mannuell", "Manoel", "Manoell", "Manol", "Jorge", "Jorge", "Guaspar", "Gaspar", "Guaspar", "Simão",
	"Simão", "Symão", "Luis", "Loys", "Luis", "Luys", "Guonçallo", "Guonçale", "Guonçalle", "Guonçallo", "Guonçalo", "Afonso", "Afonso", "Domingos", "Domingas", "Domingos", "Dominguos", "Domynguos", "Allvaro", "Allvaro", "Alvare", "Alvaro", "Christovão", "Christovan", "Christovão", "Cristovão", "Andre", "Amdre", "Andre", "Andresa", "Bastião", "Bastian", "Bastião", "Bastyão", "Duarte", "Duarte", "Anrrique", "Anrrique", "Bertolameu",
	"Bertolameu", "Ruy", "Rui", "Ruy", "Rodriguo", "Rodrige", "Rodrigo", "Rodriguo", "Balltesar", "Balltesar", "Baltesar", "Bras", "Bras", "Jeronimo", "Jeronimo", "Bellchior", "Belchior", "Belchyor", "Bellchior", "Bellchyor", "Migel", "Migel","Estevão","Esteve", "Lopo", "Lopo", "Vicente", "Viçente", "VicenteVincente", "Tomas", "Thomas", "Thome", "Tomas", "Tome", "Graviel", "Gabriel", "Gravial", "Graviel",
	"Guomez", "Gomes", "Gomez", "Guomez", "Martin", "Martim", "Martin", "Martinho", "Martyn", "Bento", "Bento", "Nunno", "Nunno", "Mateus", "Mateus", "Felipe", "Felipe", "Amador", "Amador", "Lourenço", "Lourenço", "Sallvador", "Sallvador", "Salvadaro", "Salvador", "Anbrosio", "Anbrosio", "Cosmo", "Cosmo", "Gregorio", "Gregorio", "Greguorio", "Jacome", "Jacome", "Nicoláo", "Nicoláo", "Niculáo", "Bernaldo", "Bernaldin", "Bernalldino",	
	"Bernaldo", "Bernalldo", "Bernaldyn", "Gill", "Gil", "Gill", "Marcos", "Marcos", "Marços", "Marcox", "Marquos", "Ayres", "Aires", "Ayres", "Garçia", "Garcia", "Garçia", "Guarçia", "Tristão", "Tristan", "Tristão", "Trystão", "Vasco", "Vasco", "Vasquo", "Lucas", "Lucas", "Paulo", "Paullo", "Paulo", "Adan", "Adáo", "Adam", "Adan", "Agostinho", "Agostinho", "Aguostinho",
	"Aleixo", "Aleixo", "Aleixos","Eytor","Eitor","Eytor", "Alonso", "Alonso", "Dinis", "Dinis", "Roque", "Roque", "Dimião", "Dimião", "Dimian", "Lionardo", "Lionardo", "Adrião", "Adrião", "Adryão", "Allberto", "Alberto", "Allberto", "Lionel", "Lionel", "Valentin", "Valentim", "Valentin", "Valentyn", "Alexandre", "Alexandre", "Cherles", "Cherles", "Costodio", "Costodio", "Hans", "Hans",
	"Jurdão", "Jurdão", "Lançarote", "Lançarote", "Pascoal", "Pascoal", "Rafael", "Rafael", "Silvestre", "Silvestre", "Sillvestre", "Theodosio", "Teodosio", "Theodosio", "Tillmão", "Tillmam", "Tillmão", "Tilmão", "Arnao", "Arnao", "Arnáo", "Beco", "Beco", "Claudio", "Claudio", "Clodio", "Cremente", "Clemente", "Cremente", "Fytor", "Fytor", "Gastão",
	"Gastão", "Gilherme", "Gilherme", "Giralldo", "Giralldo", "Inacio", "Inacio", "Inaçio", "Jaques", "Jaques", "Jermão", "Germão", "Jermão", "Julião", "Julião", "Lião", "Lião", "Marçal", "Marçal", "Marçall", "Men", "Men", "Paço", "Paço", "Paços", "Pantalião", "Pantalian", "Pantalião", "Sagramor", "Sagramor", "Toribio", "Toribio", "Adro", "Adro", "Amaro", "Amaro",
	"Artur", "Artur", "Botol", "Botol", "Clarros", "Clarros", "Corneles", "Corneles","Estaçio", "Goldofrede", "Goldofrede", "Guastão", "Guastão", "Habrão", "Habrão", "Ilusuarte", "Ilusuarte", "Inigo", "Inigo", "Jofet", "Jofet", "Josse", "Josse", "Julio", "Julio", "Justo", "Justo", "Lazaro", "Lazaro", "Lisuarte", "Lisuarte", "Mançio", "Mançio", "Mende",
	"Mende", "Monfre", "Monfre", "Prospero", "Prospero", "Ramiro", "Ramiro", "Ruberto", "Ruberto", "Sanho", "Sanho", "Sansan", "Sansan", "Sisto", "Sisto", "Tores", "Tores", "Virisimo", "Virisimo"

  ],
  "female_firstname": [
   "Isabel", "Isabel", "Maria", "Maria", "Marya", "Caterina", "Caterina", "Ana", "Ana", "Anna", "Briatiz", "Briatiz", "Britiz", "Lianor", "Lianor", "Lyanor", "Margaida", "Margaida", "Ines", "Ines", "Inez", "Innes", "Antonia", "Antonia", "Francisca", "Francisca", "Francisqua", "Branca", "Bramca", "Branca", "Giomar", "Gioamar", "Giomar", "Gionar ", "Gyomar",
	"Joana", "Joana", "Joane", "Violante", "Violante", "Vyolante", "Felipa", "Felipa", "Filipa", "Meçia", "Meçia", "Mecia", "Miçia", "Graçia", "Gracea", "Graçea", "Graçia", "Ilena", "Ilena", "Mor", "Mor", "Luzia", "Luzia", "Madelena", "Madalena", "Madelena", "Genebra", "Genebra", "Jenebra", "Jenevra", "Luisa", "Luisa", "Luiza", "Eyria", "Apelonia", "Apelonia", "Barbara",
	"Barbara", "Barbora", "Costança", "Costança", "Crara", "Crara","Ervira","Erivra","Esperança", "Marta", "Marta", "Ageda", "Ageda", "Brasia", "Brasia", "Briolanja", "Briolanja", "Brisida", "Brisida", "Brizida", "Huma", "Huma", "Justa", "Justa", "Lucreçia", "Lucreçia", "Tareja", "Tareja", "Aldonça", "Aldonça", "Auta", "Auta", "Bautista", "Bautista", "Cezilia",
	"Cezilia","Çezilia","Eva","Eva", "Ilaria", "Ilaria", "Jeronima", "Jeronima", "Jeronyma", "Juliana", "Juliana", "Marquesa", "Marquesa", "Susanna", "Susana", "Susanna", "Viçenta", "Viçenta", "Aliça", "Aliça", "Angelina", "Angelina", "Camilia", "Camilia", "Castelhana", "Castelhana", "Cosma", "Cosma", "Demiana", "Demiana", "Dinisa", "Dinisa", "Galinda", "Galinda",
	"Gregoria", "Gregoria", "Grimanesa", "Grimanesa", "Julia", "Julia", "Marinha", "Marinha", "Monica", "Monica", "Neta", "Neta", "Patronilha", "Patronilha", "Paula", "Paula", "Ramira", "Ramira", "Sancha", "Sancha", "Valentina", "Valentina", "Vitoria", "Vitoria"
  ],
  "surnames": [
	"Afonso", "Afanso", "Afonso", "D'Afonso", "Afonsso", "Allberto", "Allberto", "Allvariz", "Allvarez", "Allvaris", "Allvariz", "Alvarez", "Alvariz", "D'Allvarez", "D'Allvariz", "D'Alvarez", "D'Alvariz", "Alonso", "Andre", "Andre", "Anes", "Anes", "Anes", "Joanes", "Anrriquez", "Annriquez", "Anriquez", "Anrriquez", "Annryquez", "Ntunnez", "Antão", "Antonia", "Antonio", "Antunez", "Antunnez", "Ayres", "D'Aires",
	"Ayres", "Bernaldez", "Bernaldez", "Bernalldez", "Borjes", "Orges", "Borjes", "Bras", "Bras", "Cesar", "Cesar", "De Çesar", "Cessar", "Cortes", "Cortes", "Diaz", "Dias", "Diaz", "Diogo", "Dinis", "Dinis", "Domngez", "Domngez", "Duarte", "Duarte","Estevenz","Estevens","Estevenz","Estevez", "Felipe", "Felipe", "Fernandez", "Ferannez",
	"Fernandez", "Ferrnandez", "Francisco", "Francisca", "Francisco", "Francisquo", "Françisquo", "Garçia", "Garces", "Garçez", "Garçia", "Garcia", "Giralldez", "Geraldes", "Giralldez", "Gill", "Gil", "Gill", "Guomez", "Gomes", "Gomez", "Guomez", "Guomoez", "Guonçallvez", "Guonçallvez", "Guonçalvez", "Guoterez", "Goteres", "Goterez", "Goterrres",
	"Gueterres", "Guoteres", "Guoterez", "Guteres", "Guterres", "Guterrez", "D'Lopez", "De Lopez", "Lopes", "Lopez", "Lourenço", "Lourenço", "Luis", "Luís", "Luis", "Manoel", "Manoel", "Maria", "Maria", "Marquez", "Marques", "Marquez", "Martinz", "Martines", "Martinis", "Martin", "Martinz", "Martynz", "Mertinz", "Mateus", "Mateus", "Mendez", "Memdez", "Mendes", "Mendez",
	"Nunnez", "Nunnez", "Ortiz", "Ortis", "Ortiz", "Pascoal", "Pascoal", "Paullo", "Paullo", "Pirez", "Peres", "Perez", "Pires", "Pirez", "Pyrez", "Ponçe", "Ponçe", "Ramires", "Ramires", "Ramirez", "Rodriguez", "Rodriguez", "Rudriguez", "Ruy", "Ruy", "Sanches", "Sanches", "Sanchez", "Simões", "Simoa", "Simões", "Soares", "Soares",
	"Soarez", "Sores", "Tome", "Tomaz", "Tome", "Tristão", "Tristão", "Vasquez", "Vasquez", "Vinçente", "Viçente", "Vicente", "Vinçente", "Vincente", "Xemenez", "Xemenez", "D'Abrantes", "Abreu", "D'Abreu", "Agiar", "D'Agiar", "Aiala", "D'Aiala", "Allgarve", "Do Allgarve", "Algrave", "Do Algrave", "Allbuquerque", "D'Albuquerque", "D'Allbuquerque", "Allcaçova",
	"d'Allcaçova", "Allmeida", "D'Allmeida", "D'Allmeyda", "D'Almada", "D'Almade", "D'Almeida", "D'Almeyda", "Allpoem", "D'Allpoem", "D'Alpoen", "Allvarenga", "D'Allvarenga", "Allverca", "D'Allverca", "Allviar", "D'Allviar", "Alter", "D'Alter", "Alvarado", "D'Alvarado", "Alvym", "D'Alvym", "Amoreyra", "Da Amoreyra",
	"Andrade", "D'Andrade", "Anunciada", "Da Anunciada", "Araujo", "D'Araujo", "Arguelha", "D'Arguelha", "Armas", "D'Armas", "Arrião", "D'Arrião", "Arruda", "D'Arruda", "Arzilla", "D'Arzilla", "Ataide", "D'Ataide", "Atougia", "D'Atougia", "Avelar", "D'Avelar", "Azevedo", "D'Azevedo", "Bairros", "De Bairos", "De Bairros", "De Barros",
	"Banha", "De la Banha", "Do Banho", "Barreyra", "De Barreyra", "Basto", "Do Basto", "Belmonte", "De Belmonte", "Bolduc", "De Bolduc", "Borba", "De Borba", "Borgonha", "De Borgonha", "Braga", "De Braga", "Bridail", "Bridail", "Brito", "De Brito", "Bulhão", "Bulhão", "De Bulhão", "Do Bulhão", "Burgo", "De Burgo", "Cabedo",
	"de Cabedo", "Cabo Verde", "Do Cabo Verde", "Callvos", "De Callvos", "Camarate", "De Camarate", "Caminha", "De Caminha", "Camões", "De Camões", "Canbruit", "De Canbruit", "Canha", "Do Canha", "Canpos", "De Canpos", "Cardias", "De Cardias", "Caria", "De Caria", "Carvalhal", "De Carvalhal", "Casal", "Do Casal", "Caseres", "De Caçeres", "De Caseres", "Cassal",	
	"do Cassal", "Castel", "De Castel", "Castel Branco", "De Castel Branco", "Castelo Branco", "De Castelo Branco", "Castilho", "De Castilho", "Ceixas", "De Ceixas", "De Çeixas","Çeixo", "Do Çeixo","Çentil", "De Çentil", "Cetuvel", "De Cetuvel", "Chão", "Do Chão", "Chaves", "De Chaves","Çifuentes", "De Çifuentes",
	"Çiqueyra", "De Çiqueyra", "De Ciqueyra", "Cleves", "De Cleves", "Clina", "De la Clina", "Cobelos", "De Cobelos", "Colonia", "De Colonia", "Contreyras", "De Contreyras", "Cordova", "De Cordova", "Corvilhan", "De Corvilhan", "Costa", "Da Costa", "Couto", "Do Couto", "Coutiga", "De Coutiga", "Crasto", "De Crasto", "Crus",
	"da Crus", "Cunha", "Da Cunha", "Cuvilhão", "De Covilhan", "De Covilhão", "De Cuvilhão", "Delgado", "Delgado", "Dellgado", "Demar", "Demar","Ellvas", "D'Ellvas","Escorçia", "D'Escorçia","Escovar", "D'Escovar","Espanha", "D'Espanha","Esparaguossa", "D'Esparaguossa","Espinosa", "D'Espinosa", "D'Espinossa","Essa",
	"d'Essa","Estremoz", "D'Estremoz","Evora", "D'Evora", "Faria", "De Faria", "Faro", "De Faro", "Fato", "Do Fato", "Feritas", "De Feritas", "Fete", "De la Fete", "Figeyredo", "De Figeyredo", "Figeyro", "De Figeyro", "Fonçequa", "De Fonçequa", "De Foncequa", "De Froncequa", "Fonte", "De Fonte", "De la Fonte", "Fontes",
	"de Fontes", "França", "D'França", "De França", "Freytas", "De Freitas", "De Freytas", "Frisa", "De Frisa", "Galegos", "De Galegos", "Gama", "Da Gama", "Da Ganma", "Goarda", "Da Goarda", "Gois", "De Gois", "Gosmão", "De Gosmão", "De Gozmão", "Gouvea", "De Gouvea", "Ifante", "Do Infante", "Ilhanes", "De Ilhanes", "De Ilhanos",	
	"Ilhoa", "De Ilhoa", "La Penha", "De La Penha", "Laçanme", "De Laçnme", "Lamego", "De Lamego", "Lamego", "Lasan", "De Lasan", "Leandro", "De Leandro", "Lebres", "De Lebres", "Lemos", "De Lemos", "Lepe", "De Lepe", "Lião", "De Lião", "Lila", "De Lila", "Lima", "De Lima", "Lorda", "De Lorda", "Loreyro", "Do Loreyro"

  ]
}