{
  "parts": 2,
  "order": "WESTERN",
  "male_firstname": [
    "Abraham",
    "Adam",
    "Adrian",
    "Alexander",
    "Alan",
    "Ambrose",
    "Amphialus",
    "Andrew",
    "Anthony",
    "Archibald",
    "Arthur",
    "Awlay",
    "Balthasar",
    "Barnabas",
    "Barnie",
    "Bartholomew",
    "Bernard",
    "Blaise",
    "Bryce",
    "Charles",
    "Christian",
    "Claud",
    "Clement",
    "Cornelius",
    "Cuthbert",
    "Daniel",
    "David",
    "Dennis",
    "Didiane",
    "Donald",
    "Duncan",
    "Edane",
    "Edward",
    "Elizeus",
    "Eugene",
    "Ewan",
    "Farquhar",
    "Finlay",
    "Francis",
    "Frederick",
    "Gabriel",
    "Gavin",
    "Gene",
    "George",
    "Gilbert",
    "Gilchrist",
    "Giles",
    "Gillemartin",
    "Gillepatric",
    "Gillespie",
    "Gregory",
    "Hans",
    "Harman",
    "Henry",
    "Hercules",
    "Hugh",
    "Humfrey",
    "Jacob",
    "James",
    "Jasper",
    "Jelly",
    "Jerome",
    "John",
    "Josias",
    "Julian",
    "Kennocht",
    "Lachlan",
    "Lancelot",
    "Laurence",
    "Leon",
    "Lieger",
    "Loskie",
    "Loys",
    "Luke",
    "Magnus",
    "Malcolm",
    "Mane",
    "Mark",
    "Martin",
    "Matthew",
    "Michael",
    "Morris",
    "Mungo",
    "Murdoch",
    "Nathaniel",
    "Neil",
    "Nicholas",
    "Niniane",
    "Noel",
    "Norman",
    "Nowie",
    "Oliver",
    "Olle",
    "Oswald",
    "Paris",
    "Patrick",
    "Paul",
    "Peile",
    "Peter",
    "Philip",
    "Quentin",
    "Ralph",
    "Randolph",
    "Richard",
    "Robert",
    "Roger",
    "Roland",
    "Ronald",
    "Rory",
    "Samuel",
    "Sebastian",
    "Silvester",
    "Simon",
    "Sirpir",
    "Solomon",
    "Steven",
    "Thomas",
    "Tristram",
    "Uthrid",
    "Valentine",
    "Walter",
    "Wedast",
    "William",
    "Yopin"
  ],
  "female_firstname": [
    "Agnes",
    "Alison",
    "Anne",
    "Annie",
    "Barbara",
    "Beatrice",
    "Bessie",
    "Breta",
    "Brita",
    "Catherein",
    "Cathereine",
    "Christine",
    "Clara",
    "Cristane",
    "Delilah",
    "Diana",
    "Effame",
    "Effie",
    "Elisetter",
    "Elene",
    "Elene",
    "Elizabethe",
    "Elspet",
    "Elspett",
    "Emm",
    "Elesoun",
    "Elesoun",
    "Eupheme",
    "Gellis",
    "Geilis",
    "Grisel",
    "Goldie",
    "Gotherome",
    "Gutherome",
    "Henriette",
    "Ingagar",
    "Ingabar",
    "Ingaber",
    "Inga",
    "Isabel",
    "Isbell",
    "Jane",
    "Jonat",
    "Jonet",
    "Judith",
    "Juliane",
    "Katherein",
    "Katherein",
    "Kathering",
    "Katherine",
    "Kirstaine",
    "Lillies",
    "Magdalen",
    "Maidlaine",
    "Mairgrete",
    "Mairjorie",
    "Mareoun",
    "Margaret",
    "Margaret",
    "Margery",
    "Margret",
    "Margrett",
    "Margrete",
    "Margrett",
    "Martha",
    "Mary",
    "Merjorie",
    "Muriel",
    "Ollaw",
    "Sinavo",
    "Sinnie",
    "Sungyevo",
    "Sybil",
    "Ursula",
    "Violet"
  ],
  "surnames": [
    "Alansoun",
    "Anande",
    "Anderston",
    "Androson",
    "Bakstar",
    "Balmanoch",
    "Blayk",
    "Bothuel",
    "Boys",
    "Bron",
    "Cady",
    "Chayn",
    "Chepman",
    "Cristison",
    "Dow",
    "Fleming",
    "Foular",
    "Fox",
    "Gelland",
    "Goslyn",
    "Granger",
    "Gudsuan",
    "Haket",
    "Hog",
    "Iraulyn",
    "Jacson",
    "Jhonsoun",
    "Lech",
    "Logan",
    "Littistar",
    "Martynsone",
    "Masoun",
    "Mechalson",
    "of Bar",
    "of Benyng",
    "of Bra",
    "of Burne",
    "of Byris",
    "of Cokburne",
    "of Coupir",
    "of Dunlop",
    "of Falsid",
    "of Furmornis",
    "of Kircaldy",
    "of Kynglassy",
    "of Narn",
    "of Segy",
    "of Spens",
    "of Tulch",
    "of Walwode",
    "Patoun",
    "Robertson",
    "Stewart",
    "Story",
    "Stoylle",
    "Strang",
    "Sym",
    "Than",
    "the Ramsay",
    "Turnbul",
    "Wer",
    "Williamsoun",
    "Wrich",
    "Yowng"
  ]
}