{
  "parts": 2,
  "order": "WESTERN",
  "male_firstname": ["Ynigo", "Yseo", "Francysco", "Torybio", "Jayme", "Reymundo", "Ruy", "Asensyo", "Atanasyo", "Damyan", "Damian", "Luis", "Luys",
    "Vrban", "Gil", "Julian", "Pascual", "Pasqual", "Guiomar", "Giomar", "Mateo", "Tomás", "Felipe", "Baltasar", "Bartolomé", "Beltrán", "Antón", "Esteban",
    "Biçente", "Blas", "Graviel", "Savastian", "Alberto", "Salvador", "Viçente", "Fernando", "Álvaro", "Pedro", "Pero", "Miguel", "Jorge", "Lázaro", "Manuel",
    "Tomé", "Fabian", "Alfonso", "Rodrigo", "Gonzalo", "Sancho", "Alonso", "Rafael", "Leonardo", "Antonio", "Sunifred", "Curial", "Guerau", "Miquel", "Jaume",
    "Joan", "Francesc", "Berthomeu", "Lorenço", "Lorens", "Adrià", "Marc", "Josué", "Vidal", "Guillem", "Gerard", "Isaac", "Miró", "Climent", "Clemente",
    "Xabier", "Xoán", "Nuno", "Xabi", "Xosé", "Brais", "Gonçalo", "Carlos", "Carles", "Yago", "Diac", "Micael", "Garcí", "Ferrán", "Diago", "Benito",
    "Gomece", "Velasco", "Nicolás", "Domingo", "Ferránd", "Pelayo", "Arnaldo", "Çagüe", "Gonçalo", "Peidro", "Lope", "Arias", "Muño", "Diago", "Ferrant",
    "Román", "Orti", "Mígayel", "Briz", "Jufre", "Antolín", "Vecent", "Cebrián", "Petro", "Mingo", "Moriell", "Guiralt", "Adám", "José", "Lucio"],

  "female_firstname": ["Ynes", "Ysabel", "Leonys", "Maryna", "Luysa", "Luisa", "Urraca", "Úrsula", "Petronilla", "Teresa", "Elvira", "Leonor",
    "Beatriz", "Bitoria", "Blanca", "Brianda", "Savina", "Teresa", "Xinés",
    "Catalina", "Juana", "María", "Ynés", "Ana", "Marina", "Antona", "Francisca", "Luzía", "Elena", "Violante", "Magdalena", "Ginesa",
    "Sancha", "Blanca", "Juliana", "Benita", "Susana", "Florentina", "Angelina",
    "Margarita", "Brianda", "Eva", "Felipa", "Andrea", "Marta", "Ermessenda", "Cixilona", "Adaleda", "Blanc", "Laura", "Noa", "Antía",
    "Aldara", "Carmen", "Carme", "Xulia", "Carmela", "Noela", "Naia", "Carla", "Andrea",
    "Merena", "Estevanía", "Mayor", "Elo", "Gometiça", "Galla", "Illana", "Sol", "Josefa", "Lucía", "Alfreda", "Bartola", "Rodriga", "Olalla" ],

  "surnames": ["Alonso", "Aluarez", "Baltanás", "Blanco", "Castellano", "de Alcalá", "de Andújar",
    "de Anera", "de Antequera", "de Arroyo", "de Baeça", "de Baena", "de Benavides", "de Blaeza", "Burgos",
    "Cazorla", "Carmona", "de Castro", "de Cuenca", "de Eçija", "Gonçálvez", "Yagüe", "Corex", "Galindo", "Covo"
  , "de Guadalupe", "de la Camara", "de la Fuente", "de la Puebla", "de la Puerta", "de Vivar", "de Molina",
    "de Moratalla", "Narbáez", "de Olivares", "Robles", "de Santistevan", "del Castillo", "de Larrañegui", "Beguiurdiña",
    "Toledo", "del Toro", "de Tradas", "de Vaena", "de Úbeda", "de Vellanueva", "Villarreal", "Xeréz", "del Puerto", "Destepa", "Díez", "Díaz", "Caro", "Pimentel",
    "Ferrandez", "Franco", "Gala", "Galafra", "Galán", "Gallador", "Gallega", "Garçia", "Fariñas", "Rivera", "Mosqueira", "do Rego", "Páez", "Ulloa",
    "Gil", "Gómez", "González", "Gutierrez", "Javalera", "López", "Lumbroso", "Martinez", "Méndez", "Mercader", "Epósito", "Romero", "Sendoa", "Ezquerra", "Buztaina", "Erlea", "Ochoa",
    "Nuñez", "Partal", "Peláez", "Pérez", "Portal", "Ramirez", "Rodriguez", "Ruíz", "Sánchez", "Suarez", "Toledano", "Berenguer", "Fusté",
    "Vanegas", "Yañez", "Herrero", "Cantero", "Minero", "Carpintero", "Labrador", "Ortiz", "Ordoñez", "Muñoz", "Bermúdez", "Amado", "Castaño", "Rubio",
    "Castellví", "Foix", "Pedret", "Godó", "Rahola"],
  
  "source": "https://www.ellipsis.cx/~liana/names/names.html"
}