{
  "type": "recipe-template",
  "tag": "forge:milk",
  "conditions": [
    { "type":"forge:mod_loaded", "modid":"minecolonies" },
    { "type":"forge:mod_loaded", "modid":"refurbished_furniture" }
  ],
  "recipe": {
    "crafter": "cookassistant_crafting",
    "inputs": [
      {
        "item": "[NS]:[PATH]"
      },
      {
        "item": "refurbished_furniture:sea_salt"
      }
    ],
    "intermediate": "refurbished_furniture:spruce_kitchen_sink",
    "result": "refurbished_furniture:cheese",
    "count": 2
  }
}