{
  "type": "recipe",
  "crafter": "cookassistant_smelting",
  "conditions": [
    { "type":"forge:mod_loaded", "modid":"farmersdelight" },
    { "type":"forge:mod_loaded", "modid":"minecolonies" },
    { "type":"forge:mod_loaded", "modid":"refurbished_furniture" }
  ],
  "inputs": [
    {
      "item": "minecraft:melon_slice",
      "count": 4
    },
    {
      "item": "minecraft:stick"
    },
    {
      "item": "minecraft:ice",
      "count": 2
    }
  ],
  "intermediate": "refurbished_furniture:light_freezer",
  "result": "farmersdelight:melon_popsicle"
}