{
    "conditions":
    [
        {
            "type":"forge:mod_loaded",
            "modid":"botania"
        },
        {
            "type":"forge:mod_loaded",
            "modid":"charm"
        },
        {
            "type": "charm:module_enabled",
            "module": "charm:woodcutters"
        }
    ],
    
    "type":"minecraft:woodcutting",
    
    "ingredient":
    {
        "item":"botania:livingwood_planks"
    },
    
    "result":"botania:livingwood_twig",
    "count":2
}