{
  "values": [
    "#minecraft:stone_bricks",
    "minecraft:brick_slab",
    "minecraft:brick_stairs",
    "minecraft:bricks",
    "minecraft:chiseled_nether_bricks",
    "minecraft:chiseled_polished_blackstone",
    "minecraft:chiseled_red_sandstone",
    "minecraft:chiseled_sandstone",
    "minecraft:cracked_nether_bricks",
    "minecraft:cracked_polished_blackstone_bricks",
    "minecraft:cut_red_sandstone",
    "minecraft:cut_red_sandstone_slab",
    "minecraft:cut_sandstone",
    "minecraft:cut_sandstone_slab",
    "minecraft:deepslate_brick_slab",
    "minecraft:deepslate_brick_stairs",
    "minecraft:deepslate_bricks",
    "minecraft:deepslate_tile_slab",
    "minecraft:deepslate_tile_stairs",
    "minecraft:deepslate_tiles",
    "minecraft:dirt_path",
    "minecraft:end_stone_brick_slab",
    "minecraft:end_stone_brick_stairs",
    "minecraft:end_stone_bricks",
    "minecraft:gravel",
    "minecraft:mossy_stone_brick_slab",
    "minecraft:mossy_stone_brick_stairs",
    "minecraft:nether_brick_slab",
    "minecraft:nether_brick_stairs",
    "minecraft:nether_bricks",
    "minecraft:polished_andesite",
    "minecraft:polished_andesite_slab",
    "minecraft:polished_andesite_stairs",
    "minecraft:polished_blackstone",
    "minecraft:polished_blackstone_brick_slab",
    "minecraft:polished_blackstone_brick_stairs",
    "minecraft:polished_blackstone_bricks",
    "minecraft:polished_blackstone_slab",
    "minecraft:polished_blackstone_stairs",
    "minecraft:polished_deepslate",
    "minecraft:polished_deepslate_slab",
    "minecraft:polished_deepslate_stairs",
    "minecraft:polished_diorite",
    "minecraft:polished_diorite_slab",
    "minecraft:polished_diorite_stairs",
    "minecraft:polished_granite",
    "minecraft:polished_granite_slab",
    "minecraft:polished_granite_stairs",
    "minecraft:red_nether_brick_slab",
    "minecraft:red_nether_brick_stairs",
    "minecraft:red_nether_bricks",
    "minecraft:smooth_red_sandstone",
    "minecraft:smooth_red_sandstone_slab",
    "minecraft:smooth_red_sandstone_stairs",
    "minecraft:smooth_sandstone",
    "minecraft:smooth_sandstone_slab",
    "minecraft:smooth_sandstone_stairs",
    "minecraft:smooth_stone",
    "minecraft:smooth_stone_slab",
    "minecraft:stone_brick_slab",
    "minecraft:stone_brick_stairs",
    { "id": "#domum_ornamentum:bricks", "required": false },
    { "id": "#minecolonies:concrete", "required": false },
    { "id": "domum_ornamentum:dark_brick", "required": false },
    { "id": "domum_ornamentum:dark_brick_stair", "required": false },
    { "id": "domum_ornamentum:light_brick", "required": false },
    { "id": "domum_ornamentum:light_brick_stair", "required": false },
    { "id": "quark:cobblestone_bricks_slab", "required": false },
    { "id": "quark:cobblestone_bricks_stairs", "required": false },
    { "id": "quark:cobblestone_bricks", "required": false },
    { "id": "quark:dirt_bricks_slab", "required": false },
    { "id": "quark:dirt_bricks_stairs", "required": false },
    { "id": "quark:dirt_bricks", "required": false },
    { "id": "quark:mossy_cobblestone_bricks_slab", "required": false },
    { "id": "quark:mossy_cobblestone_bricks_stairs", "required": false },
    { "id": "quark:mossy_cobblestone_bricks", "required": false },
    { "id": "twigs:cobblestone_brick_slab", "required": false },
    { "id": "twigs:cobblestone_brick_stairs", "required": false },
    { "id": "twigs:cobblestone_bricks", "required": false },
    { "id": "twigs:mossy_cobblestone_brick_slab", "required": false },
    { "id": "twigs:mossy_cobblestone_brick_stairs", "required": false },
    { "id": "twigs:mossy_cobblestone_bricks", "required": false }
  ]
}