{
  "spawn_costs": {},
  "player_spawn_friendly": false,
  "category": "nether",
  "precipitation": "none",
  "temperature": 2.0,
  "downfall": 0.0,
  "depth": 0.1,
  "scale": 0.2,
  "effects": {
    "mood_sound": {
      "sound": "minecraft:ambient.basalt_deltas.mood",
      "tick_delay": 6000,
      "block_search_extent": 8,
      "offset": 2.0
    },
    "additions_sound": {
      "sound": "minecraft:ambient.basalt_deltas.additions",
      "tick_chance": 0.0111
    },
    "music": {
      "sound": "minecraft:music.nether.basalt_deltas",
      "min_delay": 12000,
      "max_delay": 24000,
      "replace_current_music": false
    },
    "particle": {
      "options": {
        "type": "minecraft:white_ash"
      },
      "probability": 0.118093334
    },
    "ambient_sound": "minecraft:ambient.basalt_deltas.loop",
    "sky_color": 8548978,
    "foliage_color": 7495768,
    "grass_color": 6707025,
    "fog_color": 5327434,
    "water_color": 12411469,
    "water_fog_color": 12076846
  },
  "surface_builder": "minecraft:basalt_deltas",
  "carvers": {
    "air": [
      "ultra_amplified_dimension:cave_cavity",
      "ultra_amplified_dimension:nether_ravine",
      "ultra_amplified_dimension:long_ravine"
    ],
    "liquid": [
    ]
  },
  "features": [
    [
        "ultra_amplified_dimension:misc/contain_underground_liquids"
    ],
    [],
    [
        "ultra_amplified_dimension:misc/contain_liquid_for_oceans"
    ],
    [
      "minecraft:delta",
      "minecraft:small_basalt_columns",
      "minecraft:large_basalt_columns"
    ],
    [],
    [
        "ultra_amplified_dimension:dungeons/nether_high",
        "ultra_amplified_dimension:dungeons/nether_middle",
        "ultra_amplified_dimension:dungeons/nether_bottom"
    ],
    [
      "ultra_amplified_dimension:nether/basalt_blobs",
      "ultra_amplified_dimension:nether/blackstone_blobs",
      "ultra_amplified_dimension:springs/lava_ceiling",
      "ultra_amplified_dimension:nether/ceiling_glowstone",
      "ultra_amplified_dimension:nether/glowstone",
      "ultra_amplified_dimension:ores/ore_magma",
      "ultra_amplified_dimension:ores/ore_magma_sparse",
      "ultra_amplified_dimension:springs/lava_concealed_nether",
      "ultra_amplified_dimension:ores/ore_gold_deltas",
      "ultra_amplified_dimension:ores/ore_quartz_deltas",
      "ultra_amplified_dimension:ores/ore_quartz_nether_lower",
      "minecraft:ore_debris_large",
      "minecraft:ore_debris_small"
    ],
    [
      "minecraft:patch_fire",
      "ultra_amplified_dimension:nether/patch_fire",
      "minecraft:patch_soul_fire",
      "ultra_amplified_dimension:nether/patch_soul_fire",
      "ultra_amplified_dimension:springs/lava_dense_nether",
      "ultra_amplified_dimension:springs/lava_floor",
      "ultra_amplified_dimension:vegetation/mushroom/brown_normal_dense",
      "ultra_amplified_dimension:vegetation/mushroom/red_normal_dense"
    ],
    [
      "ultra_amplified_dimension:nether/nether_sea_adjuster",
      "ultra_amplified_dimension:misc/snow_ice_layer_handler_feature"
    ]
  ],
  "starts": [
    "minecraft:ruined_portal_nether",
    "minecraft:fortress",
    "minecraft:bastion_remnant"
  ],
  "spawners": {
    "monster": [
      {
        "type": "minecraft:ghast",
        "weight": 50,
        "minCount": 4,
        "maxCount": 4
      },
      {
        "type": "minecraft:zombified_piglin",
        "weight": 100,
        "minCount": 4,
        "maxCount": 4
      },
      {
        "type": "minecraft:magma_cube",
        "weight": 2,
        "minCount": 4,
        "maxCount": 4
      },
      {
        "type": "minecraft:enderman",
        "weight": 1,
        "minCount": 4,
        "maxCount": 4
      },
      {
        "type": "minecraft:piglin",
        "weight": 15,
        "minCount": 4,
        "maxCount": 4
      }
    ],
    "creature": [
      {
        "type": "minecraft:strider",
        "weight": 60,
        "minCount": 1,
        "maxCount": 2
      }
    ],
    "ambient": [],
    "water_creature": [],
    "water_ambient": [],
    "misc": []
  }
}