{
	"credit": "Made with Blockbench",
	"ambientocclusion": false,
	"textures": {
		"particle": "dynamictrees:block/super_acorn",
		"fruit": "dynamictrees:block/super_acorn"
	},
	"elements": [
		{
			"from": [6, 12, 6],
			"to": [10, 15, 10],
			"rotation": {"angle": 0, "axis": "z", "origin": [8, 13, 8]},
			"faces": {
				"north": {"uv": [8, 5, 12, 8], "texture": "#fruit"},
				"east": {"uv": [8, 5, 12, 8], "texture": "#fruit"},
				"south": {"uv": [8, 5, 12, 8], "texture": "#fruit"},
				"west": {"uv": [8, 5, 12, 8], "texture": "#fruit"},
				"up": {"uv": [8, 0, 12, 4], "texture": "#fruit"},
				"down": {"uv": [8, 9, 12, 13], "texture": "#fruit"}
			}
		},
		{
			"from": [6.5, 9, 6.5],
			"to": [9.5, 12, 9.5],
			"rotation": {"angle": 0, "axis": "y", "origin": [8, 13, 8]},
			"faces": {
				"north": {"uv": [13, 8, 16, 11], "texture": "#fruit"},
				"east": {"uv": [13, 4, 16, 7], "texture": "#fruit"},
				"south": {"uv": [13, 8, 16, 11], "texture": "#fruit"},
				"west": {"uv": [13, 8, 16, 11], "texture": "#fruit"},
				"down": {"uv": [13, 12, 16, 15], "texture": "#fruit"}
			}
		},
		{
			"from": [7.5, 15, 8],
			"to": [8.5, 16, 8],
			"shade": false,
			"rotation": {"angle": 45, "axis": "y", "origin": [8, 13, 8]},
			"faces": {
				"north": {"uv": [15, 0, 16, 1], "texture": "#fruit"},
				"south": {"uv": [15, 0, 16, 1], "texture": "#fruit"}
			}
		}
	]
}