{
	"credit": "Made with Blockbench",
	"ambientocclusion": false,
	"textures": {
		"particle": "dynamictrees:block/super_acorn",
		"fruit": "dynamictrees:block/super_acorn"
	},
	"elements": [
		{
			"from": [7, 13, 7],
			"to": [9, 16, 9],
			"rotation": {"angle": 0, "axis": "y", "origin": [8, 14.5, 8]},
			"faces": {
				"north": {"uv": [1, 5, 3, 8], "texture": "#fruit"},
				"east": {"uv": [1, 5, 3, 8], "texture": "#fruit"},
				"south": {"uv": [1, 5, 3, 8], "texture": "#fruit"},
				"west": {"uv": [1, 5, 3, 8], "texture": "#fruit"},
				"up": {"uv": [1, 1, 3, 3], "texture": "#fruit"},
				"down": {"uv": [1, 10, 3, 12], "texture": "#fruit"}
			}
		}
	]
}