{
	"credit": "Made with Blockbench",
	"ambientocclusion": false,
	"textures": {
		"particle": "dynamictrees:block/yoshi_fruit",
		"yoshi_fruit": "dynamictrees:block/yoshi_fruit"
	},
	"elements": [
		{
			"from": [7, 15, 8],
			"to": [9, 16, 8],
			"shade": false,
			"rotation": {"angle": 45, "axis": "y", "origin": [8, 8, 8], "rescale": true},
			"faces": {
				"north": {"uv": [10, 15, 14, 16], "texture": "#yoshi_fruit"},
				"south": {"uv": [10, 15, 14, 16], "texture": "#yoshi_fruit"}
			}
		},
		{
			"from": [8, 15, 7],
			"to": [8, 16, 9],
			"shade": false,
			"rotation": {"angle": 45, "axis": "y", "origin": [8, 8, 8], "rescale": true},
			"faces": {
				"east": {"uv": [10, 15, 14, 16], "texture": "#yoshi_fruit"},
				"west": {"uv": [10, 15, 14, 16], "texture": "#yoshi_fruit"}
			}
		}
	]
}