{
  "attributes": {
    "health": 84.0,
    "attack": 9.6,
    "speed": 0.23,
	"armor": 3.0,
	"knockback_resistance": 0.8,
	"immune_to_fire": true,
	"immune_to_explosions": true
  },
  "particle": {
    "type": "minecraft:portal"
  },
  "blocks": "quark:duskbound_block",
  "heal_items": {
    "quark:duskbound_block": 0.5,
    "minecraft:purpur_block": 0.1,
	"minecraft:purpur_pillar": 0.1,
    "minecraft:obsidian": 0.1,
	"minecraft:crying_obsidian": 0.05
  },
  "behavior": [
    {
	  "type": "golems:teleport",
	  "range": 16,
	  "chance_on_idle": 0.01,
	  "chance_on_hurt": 0.6,
	  "chance_on_target": 0.2
	}
  ]
}