{
  "attributes": {
    "health": 16.0,
    "attack": 12.5,
	"speed": 0.30,
    "hurt_by_fall": true
  },
  "sound": "minecraft:block.glass.step",
  "heal_items": {
    "#quark:framed_glass": 0.5,
	"#quark:framed_glass_panes": 0.15,
    "#forge:glass": 0.35,
	"#forge:glass_panes": 0.1,
	"#forge:ingots/iron": 0.05
  },
  "multitexture": {
    "texture_count": 17,
	"textures": {
	  "0": {
		"blocks": "quark:framed_glass",
		"loot_table": "quark:framed_glass/colorless"
	  },
	  "1": {
		"blocks": "quark:white_framed_glass",
		"loot_table": "quark:framed_glass/white"
	  },
	  "2": {
		"blocks": "quark:orange_framed_glass",
		"loot_table": "quark:framed_glass/orange"
	  },
	  "3": {
		"blocks": "quark:magenta_framed_glass",
		"loot_table": "quark:framed_glass/magenta"
	  },
	  "4": {
		"blocks": "quark:light_blue_framed_glass",
		"loot_table": "quark:framed_glass/light_blue"
	  },
	  "5": {
		"blocks": "quark:yellow_framed_glass",
		"loot_table": "quark:framed_glass/yellow"
	  },
	  "6": {
		"blocks": "quark:lime_framed_glass",
		"loot_table": "quark:framed_glass/lime"
	  },
	  "7": {
		"blocks": "quark:pink_framed_glass",
		"loot_table": "quark:framed_glass/pink"
	  },
	  "8": {
		"blocks": "quark:gray_framed_glass",
		"loot_table": "quark:framed_glass/gray"
	  },
	  "9": {
		"blocks": "quark:light_gray_framed_glass",
		"loot_table": "quark:framed_glass/light_gray"
	  },
	  "10": {
		"blocks": "quark:cyan_framed_glass",
		"loot_table": "quark:framed_glass/cyan"
	  },
	  "11": {
		"blocks": "quark:purple_framed_glass",
		"loot_table": "quark:framed_glass/purple"
	  },
	  "12": {
		"blocks": "quark:blue_framed_glass",
		"loot_table": "quark:framed_glass/blue"
	  },
	  "13": {
		"blocks": "quark:brown_framed_glass",
		"loot_table": "quark:framed_glass/brown"
	  },
	  "14": {
		"blocks": "quark:green_framed_glass",
		"loot_table": "quark:framed_glass/green"
	  },
	  "15": {
		"blocks": "quark:red_framed_glass",
		"loot_table": "quark:framed_glass/red"
	  },
	  "16": {
		"blocks": "quark:black_framed_glass",
		"loot_table": "quark:framed_glass/black"
	  }
    }
  }
}