{
  "attributes": {
    "health": 30.0,
    "attack": 7.0,
    "speed": 0.3,
	"knockback_resistance": 0.2
  },
  "glow": 14,
  "swim_ability": "float",
  "sound": "minecraft:block.grass.step",
  "blocks": [
	"quark:glowshroom_stem",
	"quark:glowshroom_block"
  ],
  "heal_items": {
	"quark:glowshroom_stem": 0.5,
	"quark:glowshroom_block": 0.5,
	"quark:glowshroom": 0.15
  },
  "behavior": [
    {
	  "type": "golems:passive_effect",
	  "night_only": true,
	  "effect": {
		"target": "self",
		"chance": 0.08,
		"effects": [
		  {
  	  	    "Potion": "minecraft:regeneration",
  	  	    "Amplifier": 0,
  	  	    "Duration": 300
  	      }
	    ]
	  }
	},
    {
	  "type": "golems:place_blocks",
	  "interval": 1050,
	  "blocks": [
	    "quark:glowshroom"
	  ]
	}
  ]
}