{
  "attributes": {
    "health": 52.0,
    "attack": 8.9,
    "knockback_resistance": 0.8
  },
  "blocks": [
    "quark:polished_jasper",
    "quark:jasper_bricks",
    "quark:chiseled_jasper_bricks",
    "quark:jasper_pavement",
    "quark:jasper_pillar"
  ],
  "heal_items": {
    "quark:polished_jasper": 0.5,
    "quark:jasper_bricks": 0.5,
    "quark:chiseled_jasper_bricks": 0.5,
    "quark:jasper_pavement": 0.5,
    "quark:jasper_pillar": 0.5,
	"quark:jasper": 0.15
  }
}