{
  "attributes": {
    "health": 45.0,
    "attack": 8.0,
    "knockback_resistance": 0.8
  },
  "blocks": [
    "quark:polished_limestone",
    "quark:limestone_bricks",
    "quark:chiseled_limestone_bricks",
    "quark:limestone_pavement",
    "quark:limestone_pillar",
	"greekfantasy:polished_limestone"
  ],
  "heal_items": {
    "quark:polished_limestone": 0.5,
    "quark:limestone_bricks": 0.5,
    "quark:chiseled_limestone_bricks": 0.5,
    "quark:limestone_pavement": 0.5,
    "quark:limestone_pillar": 0.5,
	"quark:limestone": 0.15,
	"greekfantasy:limestone": 0.15
  }
}