{
  "attributes": {
    "health": 44.0,
    "attack": 8.2,
    "knockback_resistance": 0.8
  },
  "blocks": [
    "quark:polished_marble",
    "quark:marble_bricks",
    "quark:chiseled_marble_bricks",
    "quark:marble_pavement",
    "quark:marble_pillar"
  ],
  "heal_items": {
    "quark:polished_marble": 0.5,
    "quark:marble_bricks": 0.5,
    "quark:chiseled_marble_bricks": 0.5,
    "quark:marble_pavement": 0.5,
    "quark:marble_pillar": 0.5,
	"greekfantasy:polished_marble": 0.5,
	"quark:marble": 0.15
  }
}