{
  "attributes": {
    "health": 42.0,
    "attack": 5.0
  },
  "blocks": [
    "quark:permafrost",
	"quark:permafrost_bricks"
  ],
  "heal_items": {
    "quark:permafrost": 0.5,
	"quark:permafrost_bricks": 0.5
  },
  "behavior": [
    {
	  "type": "golems:aoe_freeze",
	  "range": 2,
	  "interval": 4,
	  "sphere": false,
	  "frosted": false
	},
	{
	  "type": "golems:attack",
	  "effect": {
		"target": "enemy",
		"chance": 0.8,
		"effects": [
	      {
  	  	    "Potion": "minecraft:slowness",
  	  	    "Amplifier": 2,
  	  	    "Duration": 160
  	      }
	    ]
	  }
	},
	{
	  "type": "golems:hurt",
	  "effect": {
		"target": "enemy",
		"chance": 0.5,
		"effects": [
	      {
  	  	    "Potion": "minecraft:slowness",
  	  	    "Amplifier": 2,
  	  	    "Duration": 110
  	      }
	    ]
	  }
	}
  ]
}