{
  "conditions": [
    {
      "modid": "quark",
      "type": "forge:mod_loaded"
    }
  ],
  "name": {
    "color": "#A27EDE",
    "translate": "trophy.trofers.composed",
    "with": [
      {
        "translate": "entity.minecraft.cow"
      }
    ]
  },
  "display": {
    "scale": 0.35
  },
  "entity": {
    "type": "minecraft:cow",
	"nbt": "{UUID: [I; -1054329398, -2069606628, -1282016588, 751653153]}"
  },
  "colors": {
    "base": "#606060",
    "accent": "#A27EDE"
  },
  "effects": {
    "sound": {
      "soundEvent": "minecraft:entity.cow.ambient"
    },
    "rewards": {
      "lootTable": "trofers:trophies/cow",
      "cooldown": 9600
    }
  }
}