{
  "conditions": [
    {
      "modid": "quark",
      "type": "forge:mod_loaded"
    }
  ],
  "name": {
    "color": "#E3B0B0",
    "translate": "trophy.trofers.composed",
    "with": [
      {
        "translate": "entity.minecraft.pig"
      }
    ]
  },
  "display": {
    "scale": 0.35
  },
  "entity": {
    "type": "minecraft:pig",
    "nbt": "{UUID: [I; -606164629, 885932158, -1144479323, 889582518]}"
  },
  "colors": {
    "base": "#606060",
    "accent": "#E3B0B0"
  },
  "effects": {
    "sound": {
      "soundEvent": "minecraft:entity.pig.ambient"
    },
    "rewards": {
      "lootTable": "minecraft:entities/pig",
      "cooldown": 9600
    }
  }
}