{
  "conditions": [
    {
      "modid": "quark",
      "type": "forge:mod_loaded"
    }
  ],
  "name": {
    "color": "#E7C99B",
    "translate": "trophy.trofers.composed",
    "with": [
      {
        "translate": "entity.minecraft.pig"
      }
    ]
  },
  "display": {
    "scale": 0.35
  },
  "entity": {
    "type": "minecraft:pig",
    "nbt": "{UUID: [I; -1161187318, -1239331716, -1801781409, -1386421806]}"
  },
  "colors": {
    "base": "#606060",
    "accent": "#E7C99B"
  },
  "effects": {
    "sound": {
      "soundEvent": "minecraft:entity.pig.ambient"
    },
    "rewards": {
      "lootTable": "minecraft:entities/pig",
      "cooldown": 9600
    }
  }
}