{
  "conditions": [
    {
      "modid": "quark",
      "type": "forge:mod_loaded"
    }
  ],
  "name": {
    "color": "#231E1C",
    "translate": "trophy.trofers.composed",
    "with": [
      {
        "translate": "entity.quark.toretoise"
      }
    ]
  },
  "display": {
    "scale": 0.35
  },
  "entity": {
    "type": "quark:toretoise",
    "nbt": "{oreType:1}"
  },
  "colors": {
    "base": "#606060",
    "accent": "#191114"
  },
  "effects": {
    "sound": {
      "soundEvent": "minecraft:entity.wither.break_block"
    },
    "rewards": {
      "lootTable": "minecraft:blocks/coal_ore",
      "cooldown": 288000
    }
  }
}