{
  "conditions": [
    {
      "modid": "quark",
      "type": "forge:mod_loaded"
    }
  ],
  "name": {
    "color": "#9CA6A4",
    "translate": "trophy.trofers.composed",
    "with": [
      {
        "translate": "entity.quark.wraith"
      }
    ]
  },
  "display": {
    "scale": 0.35
  },
  "entity": {
    "type": "quark:wraith",
    "animated": true
  },
  "colors": {
    "base": "#606060",
    "accent": "#9CA6A4"
  },
  "effects": {
    "sound": {
      "soundEvent": "minecraft:entity.ghast.ambient"
    },
    "rewards": {
      "lootTable": "quark:entities/wraith",
      "cooldown": 18600
    }
  }
}