{
  "type": "bonsaitrees2:sapling",
  "sapling": {
    "item": "midnight:dewshroom"
  },
  "drops": [
    {
      "result": {
        "item": "midnight:dewshroom_stem"
      },
      "rolls": 1,
      "chance": 0.75
    },
    {
      "result": {
        "item": "midnight:dewshroom_hat"
      },
      "rolls": 1,
      "chance": 0.75
    },
    {
      "result": {
        "item": "midnight:dewshroom_powder"
      },
      "rolls": 1,
      "chance": 0.2
    },
    {
      "result": {
        "item": "midnight:dewshroom"
      },
      "rolls": 1,
      "chance": 0.05
    }
  ],
  "compatibleSoilTags": [
    "grass",
    "dirt"
  ]
}