{
  "type": "bonsaitrees2:sapling",
  "sapling": {
    "item": "simplytea:tea_sapling"
  },
  "drops": [
    {
      "result": {
        "item": "simplytea:tea_stick"
      },
      "rolls": 1,
      "chance": 0.75
    },
    {
      "result": {
        "item": "simplytea:tea_stick"
      },
      "rolls": 3,
      "chance": 0.2
    },
    {
      "result": {
        "item": "simplytea:tea_leaf"
      },
      "rolls": 1,
      "chance": 0.2
    },
    {
      "result": {
        "item": "simplytea:tea_leaf"
      },
      "rolls": 1,
      "chance": 0.1
    },
    {
      "result": {
        "item": "simplytea:tea_sapling"
      },
      "rolls": 1,
      "chance": 0.05
    }
  ],
  "compatibleSoilTags": [
    "grass",
    "dirt"
  ]
}