{
  "type": "recipe",
  "crafter": "baker_crafting",
  "conditions": [
    { "type":"forge:mod_loaded", "modid":"farmersdelight" },
    { "type":"forge:mod_loaded", "modid":"minecolonies" },
    { "type":"forge:mod_loaded", "modid":"some_assembly_required" }
  ],
  "inputs": [
    {
      "item": "some_assembly_required:burger_bun"
    }
  ],
  "tool": "knives",
  "intermediate": "farmersdelight:cutting_board",
  "result": "some_assembly_required:burger_bun_bottom",
  "count": 1,
  "additional-output": [
    { "item": "some_assembly_required:burger_bun_top" }
  ]
}