{
  "multipart": [
    {
      "when": {
        "age": "0"
      },
      "apply": [
        {
          "model": "dynamictrees:block/mushroom/kingdom_mushroom_cap_center_age0",
          "weight": 3
        },
        {
          "model": "dynamictrees:block/mushroom/kingdom_mushroom_spot_cap_center_age0",
          "weight": 1
        }
      ]
    },
    {
      "when": {
        "age": "1|2|3|4|5|6|7|8"
      },
      "apply": [
        {
          "model": "mario:block/kingdom_mushroom_block",
          "x": 270,
          "uvlock": true,
          "weight": 3
        },
        {
          "model": "mario:block/kingdom_mushroom_spot",
          "x": 270,
          "uvlock": true,
          "weight": 1
        }
      ]
    },
    {
      "when": {
        "age": "1|2|3|4|5|6|7|8"
      },
      "apply": {
        "model": "minecraft:block/mushroom_block_inside"
      }
    },
    {
      "when": {
        "age": "1|2|3|4|5|6|7|8"
      },
      "apply": {
        "model": "minecraft:block/mushroom_block_inside",
        "y": 90
      }
    },
    {
      "when": {
        "age": "1|2|3|4|5|6|7|8"
      },
      "apply": {
        "model": "minecraft:block/mushroom_block_inside",
        "y": 180
      }
    },
    {
      "when": {
        "age": "1|2|3|4|5|6|7|8"
      },
      "apply": {
        "model": "minecraft:block/mushroom_block_inside",
        "y": 270
      }
    },
    {
      "when": {
        "age": "1|2|3|4|5|6|7|8"
      },
      "apply": {
        "model": "minecraft:block/mushroom_block_inside",
        "x": 90
      }
    }
  ]
}
