{
  "multipart": [
    {
      "apply": {
        "model": "dynamictrees:block/palm_leaves/subcon_palm_frond"
      },
      "when": {
        "distance": "1|2"
      }
    },
    {
      "apply": {
        "model": "dynamictrees:block/palm_leaves/subcon_palm_core_top"
      },
      "when": {
        "distance": "3"
      }
    },
    {
      "apply": {
        "model": "dynamictrees:block/palm_leaves/subcon_palm_core_bottom"
      },
      "when": {
        "distance": "4"
      }
    },
    {
      "apply": {
        "model": "super_block_world:block/subcon_palm"
      },
      "when": {
        "OR": [
          {
            "direction": "0",
            "distance": "1|2"
          },
          {
            "distance": "5|6|7"
          }
        ]
      }
    }
  ]
}