{
    "variants": {
        "age=0": { "model": "dynamictrees:block/fruit/super_acorn_age0" },
        "age=1": { "model": "dynamictrees:block/fruit/super_acorn_age1" },
        "age=2": { "model": "dynamictrees:block/fruit/super_acorn_age2" },
        "age=3": [
			{ "model": "dynamictrees:block/fruit/super_acorn_age3" },
			{ "model": "dynamictrees:block/fruit/super_acorn_age3", "y": 90 },
			{ "model": "dynamictrees:block/fruit/super_acorn_age3", "y": 180 },
			{ "model": "dynamictrees:block/fruit/super_acorn_age3", "y": 270 }
		]
    }
}