{
    "parent": "item/generated",
    "textures": {
        "layer0": "item/orange_dye"
    },
    "overrides": [
        {"predicate": {"custom_model_data": 1}, "model": "geek/fridge_close"},
        {"predicate": {"custom_model_data": 2}, "model": "geek/fridge_open"},
        {"predicate": {"custom_model_data": 3}, "model": "geek/fridge_close2"},
        {"predicate": {"custom_model_data": 4}, "model": "geek/fridge_open2"},
        {"predicate": {"custom_model_data": 5}, "model": "geek/door"},
        {"predicate": {"custom_model_data": 6}, "model": "geek/door_floor"},
        
        {"predicate": {"custom_model_data": 100}, "model": "geek/crop/wheat_stage0"},
        {"predicate": {"custom_model_data": 101}, "model": "geek/crop/wheat_stage1"},
        {"predicate": {"custom_model_data": 102}, "model": "geek/crop/wheat_stage2"},
        {"predicate": {"custom_model_data": 103}, "model": "geek/crop/wheat_stage3"},
        {"predicate": {"custom_model_data": 104}, "model": "geek/crop/wheat_stage4"},
        {"predicate": {"custom_model_data": 105}, "model": "geek/crop/wheat_stage5"},
        {"predicate": {"custom_model_data": 106}, "model": "geek/crop/wheat_stage6"},
        {"predicate": {"custom_model_data": 107}, "model": "geek/crop/wheat_stage7"},
        {"predicate": {"custom_model_data": 108}, "model": "geek/crop/wheat_full"}
    ]
}
