{
  "conditions":
  [
      {
          "type":"forge:mod_loaded",
          "modid":"gobber2"
      }
  ],
  "type": "botanypots:crop",
  "seed": {
    "item": "gobber2:gobber2_seed_end"
  },
  "categories":["end_stone", "end"],
  "growthTicks": 3,
  "growthModifier": 1.2,
  "display": {
    "block": "gobber2:gobber2_plant_end",
    "properties": {
      "age": 7
    }
  },
  "results": [
    {
      "chance": 0.75,
      "output": {
        "item": "gobber2:gobber2_globette_end"
      },
      "minRolls": 1,
      "maxRolls": 1
    },
    {
      "chance": 0.05,
      "output": {
        "item": "gobber2:gobber2_globette_end"
      },
      "minRolls": 1,
      "maxRolls": 2
    },
    {
      "chance": 0.05,
      "output": {
        "item": "gobber2:gobber2_seed_end"
      },
      "minRolls": 1,
      "maxRolls": 2
    }
  ]
}